// ET Book Roman Old Style Figures - embedded TTF font for English books
// Auto-generated from et-book-roman-old-style-figures.ttf (71380 bytes)
#pragma once
#include <pgmspace.h>
#include <stdint.h>

const unsigned char etbook_ttf[] PROGMEM = {
  0x00, 0x01, 0x00, 0x00, 0x00, 0x11, 0x01, 0x00, 0x00, 0x04, 0x00, 0x10,
  0x46, 0x46, 0x54, 0x4d, 0x6a, 0xc5, 0xe8, 0x16, 0x00, 0x00, 0x01, 0x1c,
  0x00, 0x00, 0x00, 0x1c, 0x47, 0x44, 0x45, 0x46, 0x01, 0x16, 0x00, 0x04,
  0x00, 0x00, 0x01, 0x38, 0x00, 0x00, 0x00, 0x20, 0x4f, 0x53, 0x2f, 0x32,
  0x65, 0x1b, 0x24, 0x3d, 0x00, 0x00, 0x01, 0x58, 0x00, 0x00, 0x00, 0x56,
  0x63, 0x6d, 0x61, 0x70, 0xb9, 0xe5, 0x44, 0x9e, 0x00, 0x00, 0x01, 0xb0,
  0x00, 0x00, 0x01, 0xea, 0x63, 0x76, 0x74, 0x20, 0x0a, 0x17, 0x0d, 0xb3,
  0x00, 0x00, 0x03, 0x9c, 0x00, 0x00, 0x00, 0x30, 0x66, 0x70, 0x67, 0x6d,
  0x53, 0xb4, 0x2f, 0xa7, 0x00, 0x00, 0x03, 0xcc, 0x00, 0x00, 0x02, 0x65,
  0x67, 0x61, 0x73, 0x70, 0x00, 0x00, 0x00, 0x10, 0x00, 0x00, 0x06, 0x34,
  0x00, 0x00, 0x00, 0x08, 0x67, 0x6c, 0x79, 0x66, 0xfd, 0x40, 0x09, 0x53,
  0x00, 0x00, 0x06, 0x3c, 0x00, 0x01, 0x04, 0x8c, 0x68, 0x65, 0x61, 0x64,
  0x05, 0x69, 0x8f, 0xb9, 0x00, 0x01, 0x0a, 0xc8, 0x00, 0x00, 0x00, 0x36,
  0x68, 0x68, 0x65, 0x61, 0x0e, 0xdc, 0x06, 0x30, 0x00, 0x01, 0x0b, 0x00,
  0x00, 0x00, 0x00, 0x24, 0x68, 0x6d, 0x74, 0x78, 0xe3, 0xc8, 0x3f, 0x56,
  0x00, 0x01, 0x0b, 0x24, 0x00, 0x00, 0x03, 0xa4, 0x6c, 0x6f, 0x63, 0x61,
  0x74, 0x7b, 0xb4, 0x20, 0x00, 0x01, 0x0e, 0xc8, 0x00, 0x00, 0x01, 0xd4,
  0x6d, 0x61, 0x78, 0x70, 0x02, 0x06, 0x02, 0xc8, 0x00, 0x01, 0x10, 0x9c,
  0x00, 0x00, 0x00, 0x20, 0x6e, 0x61, 0x6d, 0x65, 0x32, 0x43, 0x4c, 0x62,
  0x00, 0x01, 0x10, 0xbc, 0x00, 0x00, 0x02, 0x58, 0x70, 0x6f, 0x73, 0x74,
  0x8b, 0xf4, 0x7b, 0xa6, 0x00, 0x01, 0x13, 0x14, 0x00, 0x00, 0x02, 0xdb,
  0x70, 0x72, 0x65, 0x70, 0x3f, 0x12, 0xd7, 0xd1, 0x00, 0x01, 0x15, 0xf0,
  0x00, 0x00, 0x00, 0xda, 0x77, 0x65, 0x62, 0x66, 0x72, 0x51, 0x53, 0x1e,
  0x00, 0x01, 0x16, 0xcc, 0x00, 0x00, 0x00, 0x06, 0x00, 0x00, 0x00, 0x01,
  0x00, 0x00, 0x00, 0x00, 0xcc, 0x3d, 0xa2, 0xcf, 0x00, 0x00, 0x00, 0x00,
  0xcf, 0x44, 0x22, 0x76, 0x00, 0x00, 0x00, 0x00, 0xcf, 0x44, 0x22, 0xd0,
  0x00, 0x01, 0x00, 0x00, 0x00, 0x0e, 0x00, 0x00, 0x00, 0x18, 0x00, 0x00,
  0x00, 0x00, 0x00, 0x02, 0x00, 0x01, 0x00, 0x01, 0x00, 0xe8, 0x00, 0x01,
  0x00, 0x04, 0x00, 0x00, 0x00, 0x02, 0x00, 0x00, 0x00, 0x01, 0x03, 0x30,
  0x01, 0x90, 0x00, 0x05, 0x00, 0x04, 0x05, 0x33, 0x05, 0x9a, 0x00, 0x00,
  0x01, 0x1f, 0x05, 0x33, 0x05, 0x9a, 0x00, 0x00, 0x03, 0xd7, 0x00, 0x64,
  0x02, 0x10, 0x00, 0x00, 0x02, 0x00, 0x05, 0x03, 0x00, 0x00, 0x00, 0x00,
  0x00, 0x00, 0x80, 0x00, 0x00, 0xaf, 0x40, 0x00, 0x00, 0x4a, 0x00, 0x00,
  0x00, 0x00, 0x00, 0x00, 0x00, 0x00, 0x50, 0x66, 0x45, 0x64, 0x00, 0x40,
  0x00, 0x0d, 0xfb, 0x04, 0x06, 0x66, 0xfe, 0x66, 0x00, 0x00, 0x07, 0x2b,
  0x02, 0x78, 0x00, 0x00, 0x00, 0x01, 0x00, 0x00, 0x00, 0x00, 0x00, 0x00,
  0x00, 0x00, 0x00, 0x03, 0x00, 0x00, 0x00, 0x03, 0x00, 0x00, 0x00, 0x1c,
  0x00, 0x01, 0x00, 0x00, 0x00, 0x00, 0x00, 0xe4, 0x00, 0x03, 0x00, 0x01,
  0x00, 0x00, 0x00, 0x1c, 0x00, 0x04, 0x00, 0xc8, 0x00, 0x00, 0x00, 0x2e,
  0x00, 0x20, 0x00, 0x04, 0x00, 0x0e, 0x00, 0x00, 0x00, 0x0d, 0x00, 0x7e,
  0x00, 0xb4, 0x00, 0xff, 0x01, 0x53, 0x01, 0x78, 0x02, 0xc6, 0x02, 0xdc,
  0x20, 0x0a, 0x20, 0x14, 0x20, 0x1a, 0x20, 0x1e, 0x20, 0x22, 0x20, 0x26,
  0x20, 0x2f, 0x20, 0x3a, 0x20, 0x5f, 0x20, 0xac, 0x21, 0x22, 0x25, 0xfc,
  0xfb, 0x04, 0xff, 0xff, 0x00, 0x00, 0x00, 0x00, 0x00, 0x0d, 0x00, 0x20,
  0x00, 0xa0, 0x00, 0xb6, 0x01, 0x52, 0x01, 0x78, 0x02, 0xc6, 0x02, 0xdc,
  0x20, 0x00, 0x20, 0x10, 0x20, 0x18, 0x20, 0x1c, 0x20, 0x22, 0x20, 0x26,
  0x20, 0x2f, 0x20, 0x39, 0x20, 0x5f, 0x20, 0xac, 0x21, 0x22, 0x25, 0xfc,
  0xfb, 0x01, 0xff, 0xff, 0x00, 0x01, 0xff, 0xf5, 0xff, 0xe3, 0xff, 0xc2,
  0xff, 0xc1, 0xff, 0x6f, 0xff, 0x4b, 0xfd, 0xfe, 0xfd, 0xe9, 0xe0, 0xc6,
  0xe0, 0xc1, 0xe0, 0xbe, 0xe0, 0xbd, 0xe0, 0xba, 0xe0, 0xb7, 0xe0, 0xaf,
  0xe0, 0xa6, 0xe0, 0x82, 0xe0, 0x36, 0xdf, 0xc1, 0xda, 0xe8, 0x05, 0xe4,
  0x00, 0x01, 0x00, 0x00, 0x00, 0x00, 0x00, 0x00, 0x00, 0x00, 0x00, 0x00,
  0x00, 0x00, 0x00, 0x00, 0x00, 0x00, 0x00, 0x00, 0x00, 0x00, 0x00, 0x00,
  0x00, 0x00, 0x00, 0x00, 0x00, 0x00, 0x00, 0x00, 0x00, 0x00, 0x00, 0x00,
  0x00, 0x00, 0x00, 0x00, 0x00, 0x00, 0x00, 0x00, 0x00, 0x00, 0x00, 0x00,
  0x00, 0x00, 0x01, 0x06, 0x00, 0x00, 0x01, 0x00, 0x00, 0x00, 0x00, 0x00,
  0x00, 0x00, 0x01, 0x02, 0x00, 0x00, 0x00, 0x02, 0x00, 0x00, 0x00, 0x00,
  0x00, 0x00, 0x00, 0x00, 0x00, 0x00, 0x00, 0x00, 0x00, 0x00, 0x00, 0x01,
  0x00, 0x00, 0x03, 0x04, 0x05, 0x06, 0x07, 0x08, 0x09, 0x0a, 0x0b, 0x0c,
  0x0d, 0x0e, 0x0f, 0x10, 0x11, 0x12, 0x13, 0x14, 0x15, 0x16, 0x17, 0x18,
  0x19, 0x1a, 0x1b, 0x1c, 0x1d, 0x1e, 0x1f, 0x20, 0x21, 0x22, 0x23, 0x24,
  0x25, 0x26, 0x27, 0x28, 0x29, 0x2a, 0x2b, 0x2c, 0x2d, 0x2e, 0x2f, 0x30,
  0x31, 0x32, 0x33, 0x34, 0x35, 0x36, 0x37, 0x38, 0x39, 0x3a, 0x3b, 0x3c,
  0x3d, 0x3e, 0x3f, 0x40, 0x41, 0x42, 0x43, 0x44, 0x45, 0x46, 0x47, 0x48,
  0x49, 0x4a, 0x4b, 0x4c, 0x4d, 0x4e, 0x4f, 0x50, 0x51, 0x52, 0x53, 0x54,
  0x55, 0x56, 0x57, 0x58, 0x59, 0x5a, 0x5b, 0x5c, 0x5d, 0x5e, 0x5f, 0x60,
  0x61, 0x00, 0x85, 0x86, 0x88, 0x8a, 0x92, 0x97, 0x9d, 0xa2, 0xa1, 0xa3,
  0xa5, 0xa4, 0xa6, 0xa8, 0xaa, 0xa9, 0xab, 0xac, 0xae, 0xad, 0xaf, 0xb0,
  0xb2, 0xb4, 0xb3, 0xb5, 0xb7, 0xb6, 0xbb, 0xba, 0xbc, 0xbd, 0x00, 0x72,
  0x64, 0x65, 0x69, 0xdc, 0x77, 0xa0, 0x70, 0x6b, 0xe3, 0x76, 0x6a, 0x00,
  0x87, 0x99, 0x00, 0x73, 0x00, 0x00, 0x67, 0x00, 0x00, 0x00, 0x00, 0x00,
  0x00, 0x6c, 0x7b, 0x00, 0xa7, 0xb9, 0x80, 0x63, 0x6e, 0x00, 0x00, 0x00,
  0x00, 0x6d, 0x7c, 0xdd, 0x62, 0x81, 0x84, 0x96, 0xc1, 0xc2, 0xd4, 0xd5,
  0xd9, 0xda, 0xd6, 0xd7, 0xb8, 0x00, 0xc0, 0xc3, 0x00, 0xe2, 0xdf, 0xe0,
  0xe5, 0xe6, 0x00, 0x78, 0xd8, 0xdb, 0x00, 0x83, 0x8b, 0x82, 0x8c, 0x89,
  0x8e, 0x8f, 0x90, 0x8d, 0x94, 0x95, 0x00, 0x93, 0x9b, 0x9c, 0x9a, 0x00,
  0xc4, 0xc5, 0x71, 0x00, 0x00, 0x00, 0x79, 0x00, 0x00, 0x00, 0x00, 0x00,
  0xff, 0xfa, 0x03, 0x56, 0x05, 0x33, 0x00, 0x41, 0x00, 0x4e, 0x00, 0x45,
  0x00, 0x4a, 0x00, 0x3b, 0x00, 0x56, 0x00, 0x62, 0x00, 0x68, 0x00, 0xc7,
  0x00, 0x79, 0x00, 0xa2, 0x00, 0xc7, 0x00, 0xdd, 0x00, 0x7f, 0x00, 0x81,
  0x00, 0x76, 0x00, 0x9e, 0x00, 0x8b, 0x00, 0xc4, 0x00, 0xd4, 0x05, 0x11,
  0xb0, 0x00, 0x2c, 0xb0, 0x00, 0x13, 0x4b, 0xb0, 0x4c, 0x50, 0x58, 0xb0,
  0x4a, 0x76, 0x59, 0xb0, 0x00, 0x23, 0x3f, 0x18, 0xb0, 0x06, 0x2b, 0x58,
  0x3d, 0x59, 0x4b, 0xb0, 0x4c, 0x50, 0x58, 0x7d, 0x59, 0x20, 0xd4, 0xb0,
  0x01, 0x13, 0x2e, 0x18, 0x2d, 0xb0, 0x01, 0x2c, 0x20, 0xda, 0xb0, 0x0c,
  0x2b, 0x2d, 0xb0, 0x02, 0x2c, 0x4b, 0x52, 0x58, 0x45, 0x23, 0x59, 0x21,
  0x2d, 0xb0, 0x03, 0x2c, 0x69, 0x18, 0x20, 0xb0, 0x40, 0x50, 0x58, 0x21,
  0xb0, 0x40, 0x59, 0x2d, 0xb0, 0x04, 0x2c, 0xb0, 0x06, 0x2b, 0x58, 0x21,
  0x23, 0x21, 0x7a, 0x58, 0xdd, 0x1b, 0xcd, 0x59, 0x1b, 0x4b, 0x52, 0x58,
  0x58, 0xfd, 0x1b, 0xed, 0x59, 0x1b, 0x23, 0x21, 0xb0, 0x05, 0x2b, 0x58,
  0xb0, 0x46, 0x76, 0x59, 0x58, 0xdd, 0x1b, 0xcd, 0x59, 0x59, 0x59, 0x18,
  0x2d, 0xb0, 0x05, 0x2c, 0x0d, 0x5c, 0x5a, 0x2d, 0xb0, 0x06, 0x2c, 0xb1,
  0x22, 0x01, 0x88, 0x50, 0x58, 0xb0, 0x20, 0x88, 0x5c, 0x5c, 0x1b, 0xb0,
  0x00, 0x59, 0x2d, 0xb0, 0x07, 0x2c, 0xb1, 0x24, 0x01, 0x88, 0x50, 0x58,
  0xb0, 0x40, 0x88, 0x5c, 0x5c, 0x1b, 0xb0, 0x00, 0x59, 0x2d, 0xb0, 0x08,
  0x2c, 0x12, 0x11, 0x20, 0x39, 0x2f, 0x2d, 0xb0, 0x09, 0x2c, 0x20, 0x7d,
  0xb0, 0x06, 0x2b, 0x58, 0xc4, 0x1b, 0xcd, 0x59, 0x20, 0xb0, 0x03, 0x25,
  0x49, 0x23, 0x20, 0xb0, 0x04, 0x26, 0x4a, 0xb0, 0x00, 0x50, 0x58, 0x8a,
  0x65, 0x8a, 0x61, 0x20, 0xb0, 0x00, 0x50, 0x58, 0x38, 0x1b, 0x21, 0x21,
  0x59, 0x1b, 0x8a, 0x8a, 0x61, 0x20, 0xb0, 0x00, 0x52, 0x58, 0x38, 0x1b,
  0x21, 0x21, 0x59, 0x59, 0x18, 0x2d, 0xb0, 0x0a, 0x2c, 0xb0, 0x06, 0x2b,
  0x58, 0x21, 0x10, 0x1b, 0x10, 0x21, 0x59, 0x2d, 0xb0, 0x0b, 0x2c, 0x20,
  0xd2, 0xb0, 0x0c, 0x2b, 0x2d, 0xb0, 0x0c, 0x2c, 0x20, 0x2f, 0xb0, 0x07,
  0x2b, 0x5c, 0x58, 0x20, 0x20, 0x47, 0x23, 0x46, 0x61, 0x6a, 0x20, 0x58,
  0x20, 0x64, 0x62, 0x38, 0x1b, 0x21, 0x21, 0x59, 0x1b, 0x21, 0x59, 0x2d,
  0xb0, 0x0d, 0x2c, 0x12, 0x11, 0x20, 0x20, 0x39, 0x2f, 0x20, 0x8a, 0x20,
  0x47, 0x8a, 0x46, 0x61, 0x23, 0x8a, 0x20, 0x8a, 0x23, 0x4a, 0xb0, 0x00,
  0x50, 0x58, 0x23, 0xb0, 0x00, 0x52, 0x58, 0xb0, 0x40, 0x38, 0x1b, 0x21,
  0x59, 0x1b, 0x23, 0xb0, 0x00, 0x50, 0x58, 0xb0, 0x40, 0x65, 0x38, 0x1b,
  0x21, 0x59, 0x59, 0x2d, 0xb0, 0x0e, 0x2c, 0xb0, 0x06, 0x2b, 0x58, 0x3d,
  0xd6, 0x18, 0x21, 0x21, 0x1b, 0x20, 0xd6, 0x8a, 0x4b, 0x52, 0x58, 0x20,
  0x8a, 0x23, 0x49, 0x20, 0xb0, 0x00, 0x55, 0x58, 0x38, 0x1b, 0x21, 0x21,
  0x59, 0x1b, 0x21, 0x21, 0x59, 0x59, 0x2d, 0xb0, 0x0f, 0x2c, 0x23, 0x20,
  0xd6, 0x20, 0x2f, 0xb0, 0x07, 0x2b, 0x5c, 0x58, 0x23, 0x20, 0x58, 0x4b,
  0x53, 0x1b, 0x21, 0xb0, 0x01, 0x59, 0x58, 0x8a, 0xb0, 0x04, 0x26, 0x49,
  0x23, 0x8a, 0x23, 0x20, 0x8a, 0x49, 0x8a, 0x23, 0x61, 0x38, 0x1b, 0x21,
  0x21, 0x21, 0x21, 0x59, 0x1b, 0x21, 0x21, 0x21, 0x21, 0x21, 0x59, 0x2d,
  0xb0, 0x10, 0x2c, 0x20, 0xda, 0xb0, 0x12, 0x2b, 0x2d, 0xb0, 0x11, 0x2c,
  0x20, 0xd2, 0xb0, 0x12, 0x2b, 0x2d, 0xb0, 0x12, 0x2c, 0x20, 0x2f, 0xb0,
  0x07, 0x2b, 0x5c, 0x58, 0x20, 0x20, 0x47, 0x23, 0x46, 0x61, 0x6a, 0x8a,
  0x20, 0x47, 0x23, 0x46, 0x23, 0x61, 0x6a, 0x60, 0x20, 0x58, 0x20, 0x64,
  0x62, 0x38, 0x1b, 0x21, 0x21, 0x59, 0x1b, 0x21, 0x21, 0x59, 0x2d, 0xb0,
  0x13, 0x2c, 0x20, 0x8a, 0x20, 0x8a, 0x87, 0x20, 0xb0, 0x03, 0x25, 0x4a,
  0x64, 0x23, 0x8a, 0x07, 0xb0, 0x20, 0x50, 0x58, 0x3c, 0x1b, 0xc0, 0x59,
  0x2d, 0xb0, 0x14, 0x2c, 0xb3, 0x00, 0x40, 0x01, 0x40, 0x42, 0x42, 0x01,
  0x4b, 0xb8, 0x10, 0x00, 0x63, 0x00, 0x4b, 0xb8, 0x10, 0x00, 0x63, 0x20,
  0x8a, 0x20, 0x8a, 0x55, 0x58, 0x20, 0x8a, 0x20, 0x8a, 0x52, 0x58, 0x23,
  0x62, 0x20, 0xb0, 0x00, 0x23, 0x42, 0x1b, 0x62, 0x20, 0xb0, 0x01, 0x23,
  0x42, 0x59, 0x20, 0xb0, 0x40, 0x52, 0x58, 0xb2, 0x00, 0x20, 0x00, 0x43,
  0x63, 0x42, 0xb2, 0x01, 0x20, 0x01, 0x43, 0x63, 0x42, 0xb0, 0x20, 0x63,
  0xb0, 0x19, 0x65, 0x1c, 0x21, 0x59, 0x1b, 0x21, 0x21, 0x59, 0x2d, 0xb0,
  0x15, 0x2c, 0xb0, 0x01, 0x43, 0x63, 0x23, 0xb0, 0x00, 0x43, 0x63, 0x23,
  0x2d, 0x00, 0x00, 0x00, 0x00, 0x01, 0x00, 0x01, 0xff, 0xff, 0x00, 0x0f,
  0x00, 0x02, 0x00, 0x44, 0x00, 0x00, 0x02, 0x64, 0x05, 0x55, 0x00, 0x03,
  0x00, 0x07, 0x00, 0x2e, 0xb1, 0x01, 0x00, 0x2f, 0x3c, 0xb2, 0x07, 0x04,
  0x05, 0xed, 0x32, 0xb1, 0x06, 0x05, 0xdc, 0x3c, 0xb2, 0x03, 0x02, 0x05,
  0xed, 0x32, 0x00, 0xb1, 0x03, 0x00, 0x2f, 0x3c, 0xb2, 0x05, 0x04, 0x05,
  0xed, 0x32, 0xb2, 0x07, 0x06, 0x17, 0xfc, 0x3c, 0xb2, 0x01, 0x02, 0x05,
  0xed, 0x32, 0x33, 0x11, 0x21, 0x11, 0x25, 0x21, 0x11, 0x21, 0x44, 0x02,
  0x20, 0xfe, 0x24, 0x01, 0x98, 0xfe, 0x68, 0x05, 0x55, 0xfa, 0xab, 0x44,
  0x04, 0xcd, 0x00, 0x00, 0x00, 0x02, 0x00, 0xa8, 0xff, 0xe1, 0x01, 0x8b,
  0x05, 0x85, 0x00, 0x09, 0x00, 0x16, 0x00, 0x29, 0x00, 0xb2, 0x08, 0x00,
  0x00, 0x2b, 0xb4, 0x03, 0x0a, 0x00, 0x13, 0x04, 0x2b, 0x01, 0xb0, 0x17,
  0x2f, 0xb0, 0x00, 0xd6, 0xb0, 0x16, 0x32, 0xb1, 0x05, 0x0f, 0xe9, 0xb1,
  0x05, 0x0f, 0xe9, 0xb0, 0x11, 0x32, 0xb1, 0x18, 0x01, 0x2b, 0x00, 0x30,
  0x31, 0x37, 0x34, 0x36, 0x32, 0x16, 0x15, 0x14, 0x06, 0x22, 0x26, 0x12,
  0x26, 0x36, 0x33, 0x17, 0x1e, 0x01, 0x07, 0x03, 0x0e, 0x01, 0x27, 0x03,
  0xa8, 0x3f, 0x63, 0x41, 0x41, 0x63, 0x3f, 0x06, 0x02, 0x21, 0x21, 0x43,
  0x3b, 0x1b, 0x04, 0x4e, 0x06, 0x29, 0x0a, 0x4e, 0x4e, 0x31, 0x3b, 0x3b,
  0x31, 0x2f, 0x3e, 0x3e, 0x05, 0x25, 0x26, 0x1b, 0x02, 0x02, 0x1f, 0x35,
  0xfc, 0x4a, 0x0e, 0x05, 0x13, 0x03, 0xb6, 0x00, 0x00, 0x02, 0x00, 0x87,
  0x02, 0xdd, 0x02, 0xe7, 0x05, 0x64, 0x00, 0x11, 0x00, 0x21, 0x00, 0x60,
  0x00, 0xb0, 0x1c, 0x2f, 0xb4, 0x14, 0x0a, 0x00, 0x07, 0x04, 0x2b, 0x01,
  0xb0, 0x22, 0x2f, 0xb0, 0x00, 0xd6, 0xb1, 0x05, 0x0f, 0xe9, 0xb3, 0x0f,
  0x05, 0x00, 0x08, 0x2b, 0xb4, 0x0a, 0x0c, 0x00, 0x2f, 0x04, 0x2b, 0xb0,
  0x05, 0x10, 0xb1, 0x12, 0x01, 0x2b, 0xb1, 0x17, 0x0f, 0xe9, 0xb3, 0x1a,
  0x17, 0x12, 0x08, 0x2b, 0xb4, 0x1f, 0x0c, 0x00, 0x2f, 0x04, 0x2b, 0xb0,
  0x1f, 0x2f, 0xb4, 0x1a, 0x0c, 0x00, 0x2f, 0x04, 0x2b, 0xb1, 0x23, 0x01,
  0x2b, 0xb1, 0x0a, 0x0f, 0x11, 0x12, 0xb0, 0x02, 0x39, 0x00, 0xb1, 0x14,
  0x1c, 0x11, 0x12, 0xb2, 0x0b, 0x12, 0x02, 0x39, 0x39, 0x39, 0x30, 0x31,
  0x13, 0x34, 0x33, 0x32, 0x16, 0x15, 0x14, 0x07, 0x06, 0x07, 0x03, 0x06,
  0x27, 0x22, 0x26, 0x27, 0x03, 0x26, 0x25, 0x34, 0x17, 0x32, 0x16, 0x15,
  0x14, 0x07, 0x03, 0x06, 0x07, 0x06, 0x26, 0x35, 0x03, 0x26, 0x87, 0x6f,
  0x35, 0x3f, 0x08, 0x04, 0x0c, 0x3b, 0x0a, 0x17, 0x0c, 0x17, 0x02, 0x33,
  0x17, 0x01, 0x77, 0x75, 0x35, 0x3f, 0x16, 0x3b, 0x06, 0x11, 0x0e, 0x21,
  0x37, 0x1b, 0x04, 0xd9, 0x8b, 0x46, 0x3b, 0x1f, 0x3d, 0x1f, 0x3d, 0xfe,
  0xc5, 0x0e, 0x01, 0x15, 0x10, 0x01, 0x25, 0x7f, 0x21, 0x98, 0x01, 0x46,
  0x3b, 0x46, 0x74, 0xfe, 0xc7, 0x10, 0x03, 0x04, 0x0e, 0x09, 0x01, 0x37,
  0x8f, 0x00, 0x00, 0x00, 0x00, 0x02, 0x00, 0x5e, 0xff, 0xc5, 0x05, 0x44,
  0x05, 0xaf, 0x00, 0x99, 0x00, 0xad, 0x02, 0x16, 0x00, 0xb2, 0x0f, 0x01,
  0x00, 0x2b, 0xb1, 0x4e, 0xa6, 0x33, 0x33, 0xb4, 0x16, 0x0a, 0x00, 0x1f,
  0x04, 0x2b, 0xb1, 0x29, 0x40, 0x32, 0x32, 0xb0, 0x96, 0x2f, 0xb2, 0x6c,
  0x7d, 0x7f, 0x33, 0x33, 0x33, 0xb4, 0x04, 0x0a, 0x00, 0x1f, 0x04, 0x2b,
  0xb2, 0x5e, 0x9e, 0xa0, 0x32, 0x32, 0x32, 0xb2, 0x96, 0x04, 0x0a, 0x2b,
  0xb3, 0x40, 0x96, 0x76, 0x09, 0x2b, 0xb0, 0x8a, 0x32, 0x01, 0xb0, 0xae,
  0x2f, 0xb1, 0xaf, 0x01, 0x2b, 0xb0, 0x36, 0x1a, 0xba, 0x3e, 0xa4, 0xf2,
  0xe0, 0x00, 0x15, 0x2b, 0x0a, 0x0e, 0xb0, 0x8f, 0x10, 0xb0, 0x1c, 0xc0,
  0xb1, 0x83, 0x10, 0xf9, 0xb0, 0x25, 0xc0, 0xba, 0x3e, 0xba, 0xf3, 0x4e,
  0x00, 0x15, 0x2b, 0x0a, 0xb0, 0x79, 0x10, 0xb0, 0xa3, 0xc0, 0xb1, 0x73,
  0x11, 0xf9, 0xb0, 0x59, 0xc0, 0xba, 0x3e, 0x61, 0xf1, 0xaf, 0x00, 0x15,
  0x2b, 0x0a, 0xb0, 0xa2, 0x10, 0xb0, 0x33, 0xc0, 0xb1, 0x5c, 0x12, 0xf9,
  0xb0, 0x3d, 0xc0, 0xb0, 0x8f, 0x10, 0xb3, 0x08, 0x8f, 0x1c, 0x13, 0x2b,
  0xb3, 0x09, 0x8f, 0x1c, 0x13, 0x2b, 0xb3, 0x1b, 0x8f, 0x1c, 0x13, 0x2b,
  0xb0, 0x83, 0x10, 0xb3, 0x26, 0x83, 0x25, 0x13, 0x2b, 0xb0, 0xa2, 0x10,
  0xb3, 0x2f, 0xa2, 0x33, 0x13, 0x2b, 0xb3, 0x31, 0xa2, 0x33, 0x13, 0x2b,
  0xb3, 0x32, 0xa2, 0x33, 0x13, 0x2b, 0xb0, 0x5c, 0x10, 0xb3, 0x3e, 0x5c,
  0x3d, 0x13, 0x2b, 0xb0, 0x73, 0x10, 0xb3, 0x5a, 0x73, 0x59, 0x13, 0x2b,
  0xb3, 0x5b, 0x73, 0x59, 0x13, 0x2b, 0xb3, 0x72, 0x73, 0x59, 0x13, 0x2b,
  0xb0, 0x79, 0x10, 0xb3, 0x7a, 0x79, 0xa3, 0x13, 0x2b, 0xb0, 0x83, 0x10,
  0xb3, 0x82, 0x83, 0x25, 0x13, 0x2b, 0xb0, 0x8f, 0x10, 0xb3, 0x90, 0x8f,
  0x1c, 0x13, 0x2b, 0xb3, 0x91, 0x8f, 0x1c, 0x13, 0x2b, 0xb3, 0x92, 0x8f,
  0x1c, 0x13, 0x2b, 0xb1, 0xa2, 0x33, 0x08, 0xb0, 0x79, 0x10, 0xb3, 0xa2,
  0x79, 0xa3, 0x13, 0x2b, 0xba, 0x3e, 0xb4, 0xf3, 0x2d, 0x00, 0x15, 0x2b,
  0x0b, 0xb0, 0x83, 0x10, 0xb3, 0xac, 0x83, 0x25, 0x13, 0x2b, 0xb3, 0xad,
  0x83, 0x25, 0x13, 0x2b, 0xb2, 0x90, 0x8f, 0x1c, 0x20, 0x8a, 0x20, 0x8a,
  0x23, 0x06, 0x0e, 0x11, 0x12, 0x39, 0xb0, 0x91, 0x39, 0xb0, 0x92, 0x39,
  0xb0, 0x08, 0x39, 0xb0, 0x09, 0x39, 0xb0, 0x1b, 0x39, 0xb2, 0x82, 0x83,
  0x25, 0x11, 0x12, 0x39, 0xb0, 0xad, 0x39, 0xb0, 0xac, 0x39, 0xb0, 0x26,
  0x39, 0xb2, 0x7a, 0x79, 0xa3, 0x11, 0x12, 0x39, 0xb2, 0x72, 0x73, 0x59,
  0x11, 0x12, 0x39, 0xb0, 0x5b, 0x39, 0xb0, 0x5a, 0x39, 0xb2, 0x2f, 0xa2,
  0x33, 0x11, 0x12, 0x39, 0xb0, 0x31, 0x39, 0xb0, 0x32, 0x39, 0xb2, 0x3e,
  0x5c, 0x3d, 0x11, 0x12, 0x39, 0x00, 0x40, 0x1e, 0x08, 0x09, 0x1b, 0x1c,
  0x25, 0x26, 0x2f, 0x31, 0x3d, 0x3e, 0x5b, 0x5c, 0x72, 0x73, 0x79, 0x7a,
  0x82, 0x83, 0x91, 0x92, 0xa2, 0xa3, 0xac, 0xad, 0x32, 0x33, 0x59, 0x5a,
  0x8f, 0x90, 0x2e, 0x2e, 0x2e, 0x2e, 0x2e, 0x2e, 0x2e, 0x2e, 0x2e, 0x2e,
  0x2e, 0x2e, 0x2e, 0x2e, 0x2e, 0x2e, 0x2e, 0x2e, 0x2e, 0x2e, 0x2e, 0x2e,
  0x2e, 0x2e, 0x2e, 0x2e, 0x2e, 0x2e, 0x2e, 0x2e, 0x01, 0x40, 0x1e, 0x08,
  0x09, 0x1b, 0x1c, 0x25, 0x26, 0x2f, 0x31, 0x3d, 0x3e, 0x5b, 0x5c, 0x72,
  0x73, 0x79, 0x7a, 0x82, 0x83, 0x91, 0x92, 0xa2, 0xa3, 0xac, 0xad, 0x32,
  0x33, 0x59, 0x5a, 0x8f, 0x90, 0x2e, 0x2e, 0x2e, 0x2e, 0x2e, 0x2e, 0x2e,
  0x2e, 0x2e, 0x2e, 0x2e, 0x2e, 0x2e, 0x2e, 0x2e, 0x2e, 0x2e, 0x2e, 0x2e,
  0x2e, 0x2e, 0x2e, 0x2e, 0x2e, 0x2e, 0x2e, 0x2e, 0x2e, 0x2e, 0x2e, 0xb0,
  0x40, 0x1a, 0x01, 0x00, 0xb1, 0x04, 0x96, 0x11, 0x12, 0xb0, 0x7e, 0x39,
  0xb0, 0x0f, 0x11, 0xb0, 0x9f, 0x39, 0xb0, 0x16, 0x12, 0xb0, 0x48, 0x39,
  0x30, 0x31, 0x13, 0x26, 0x37, 0x34, 0x3b, 0x01, 0x32, 0x36, 0x37, 0x13,
  0x36, 0x27, 0x2a, 0x02, 0x23, 0x22, 0x26, 0x37, 0x26, 0x37, 0x34, 0x37,
  0x36, 0x17, 0x16, 0x36, 0x37, 0x13, 0x3e, 0x02, 0x1e, 0x01, 0x17, 0x1e,
  0x01, 0x07, 0x03, 0x06, 0x16, 0x33, 0x36, 0x04, 0x37, 0x3e, 0x01, 0x37,
  0x12, 0x37, 0x34, 0x3e, 0x05, 0x33, 0x37, 0x36, 0x16, 0x07, 0x03, 0x06,
  0x33, 0x16, 0x37, 0x3a, 0x03, 0x1e, 0x01, 0x14, 0x15, 0x16, 0x07, 0x14,
  0x27, 0x2a, 0x02, 0x23, 0x22, 0x0e, 0x06, 0x15, 0x03, 0x06, 0x33, 0x16,
  0x37, 0x32, 0x36, 0x16, 0x15, 0x07, 0x14, 0x0e, 0x02, 0x22, 0x06, 0x23,
  0x06, 0x27, 0x22, 0x0e, 0x01, 0x07, 0x03, 0x0e, 0x01, 0x2b, 0x01, 0x22,
  0x37, 0x13, 0x36, 0x26, 0x27, 0x26, 0x07, 0x0e, 0x01, 0x07, 0x03, 0x0e,
  0x04, 0x22, 0x23, 0x07, 0x22, 0x2e, 0x01, 0x3e, 0x01, 0x35, 0x13, 0x36,
  0x26, 0x2b, 0x01, 0x22, 0x2e, 0x01, 0x24, 0x1e, 0x02, 0x17, 0x36, 0x17,
  0x32, 0x37, 0x13, 0x36, 0x26, 0x23, 0x26, 0x07, 0x06, 0x07, 0x06, 0x07,
  0x03, 0x5e, 0x06, 0x06, 0x2d, 0x9a, 0x19, 0x12, 0x04, 0x42, 0x04, 0x1d,
  0x10, 0x69, 0x58, 0x1b, 0x1f, 0x16, 0x02, 0x04, 0x08, 0x2b, 0x91, 0x7c,
  0x14, 0x0c, 0x04, 0x4c, 0x04, 0x06, 0x11, 0x0a, 0x27, 0x0c, 0x23, 0x08,
  0x06, 0x45, 0x04, 0x0e, 0x0e, 0x2d, 0x01, 0x1b, 0x2b, 0x17, 0x0c, 0x04,
  0x35, 0x0e, 0x04, 0x02, 0x07, 0x04, 0x0a, 0x0e, 0x08, 0x32, 0x19, 0x10,
  0x07, 0x47, 0x06, 0x1e, 0x37, 0x53, 0x04, 0x0e, 0x06, 0x0a, 0x04, 0x07,
  0x02, 0x07, 0x2f, 0x10, 0x39, 0x42, 0x0c, 0x08, 0x0d, 0x08, 0x08, 0x04,
  0x04, 0x02, 0x04, 0x3c, 0x08, 0x27, 0x62, 0x7f, 0x10, 0x1b, 0x0f, 0x05,
  0x06, 0x04, 0x10, 0x06, 0x17, 0x02, 0x79, 0x6e, 0x1f, 0x12, 0x07, 0x08,
  0x43, 0x04, 0x13, 0x18, 0x3c, 0x25, 0x0b, 0x43, 0x08, 0x0c, 0x19, 0xbe,
  0x98, 0x25, 0x10, 0x08, 0x44, 0x02, 0x0a, 0x06, 0x12, 0x09, 0x1e, 0x07,
  0x20, 0x0a, 0x0b, 0x02, 0x02, 0x06, 0x44, 0x06, 0x0a, 0x1b, 0x81, 0x14,
  0x0d, 0x0a, 0x01, 0x73, 0x04, 0x04, 0x0a, 0x02, 0xc1, 0xac, 0x2f, 0x08,
  0x3e, 0x06, 0x0a, 0x17, 0xc7, 0x9b, 0x25, 0x06, 0x04, 0x04, 0x42, 0x01,
  0x98, 0x1f, 0x20, 0x21, 0x0c, 0x19, 0x01, 0x3b, 0x1f, 0x02, 0x0e, 0x13,
  0x1b, 0x30, 0x17, 0x02, 0x04, 0x04, 0x02, 0x0a, 0x15, 0x01, 0x6c, 0x10,
  0x13, 0x06, 0x02, 0x04, 0x02, 0x02, 0x0c, 0x1f, 0xfe, 0xa4, 0x0c, 0x15,
  0x04, 0x06, 0x02, 0x02, 0x0c, 0x17, 0x01, 0x08, 0x42, 0x04, 0x14, 0x06,
  0x0f, 0x04, 0x08, 0x04, 0x04, 0x02, 0x21, 0x16, 0xfe, 0xa6, 0x21, 0x06,
  0x06, 0x04, 0x06, 0x0d, 0x08, 0x08, 0x44, 0x1b, 0x01, 0x02, 0x02, 0x08,
  0x05, 0x10, 0x04, 0x15, 0x04, 0xfe, 0xe2, 0x25, 0x04, 0x04, 0x02, 0x11,
  0x14, 0x3d, 0x0a, 0x0d, 0x08, 0x04, 0x02, 0x04, 0x04, 0x09, 0x20, 0x0b,
  0xfe, 0xb5, 0x1b, 0x14, 0x35, 0x01, 0x43, 0x1b, 0x19, 0x02, 0x08, 0x08,
  0x02, 0x0b, 0x22, 0xfe, 0xb2, 0x0c, 0x13, 0x0a, 0x04, 0x02, 0x02, 0x06,
  0x10, 0x0c, 0x17, 0x04, 0x01, 0x48, 0x19, 0x10, 0x02, 0x10, 0x90, 0x0d,
  0x02, 0x08, 0x04, 0x08, 0x08, 0x25, 0x01, 0x29, 0x21, 0x10, 0x04, 0x04,
  0x02, 0x0a, 0x08, 0x13, 0xfe, 0xcb, 0x00, 0x00, 0x00, 0x05, 0x00, 0x4a,
  0xff, 0x25, 0x03, 0x79, 0x05, 0x44, 0x00, 0x68, 0x00, 0x74, 0x00, 0x85,
  0x00, 0x93, 0x00, 0xa0, 0x00, 0xcd, 0x00, 0xb2, 0x2c, 0x02, 0x00, 0x2b,
  0xb0, 0x1d, 0x33, 0xb2, 0x2c, 0x02, 0x00, 0x2b, 0xb0, 0x91, 0x2f, 0xb1,
  0x24, 0x03, 0xe9, 0xb0, 0x24, 0x10, 0xb0, 0x17, 0x20, 0xd6, 0x11, 0xb1,
  0x73, 0x05, 0xe9, 0x01, 0xb0, 0xa1, 0x2f, 0xb0, 0x14, 0xd6, 0xb4, 0x69,
  0x0c, 0x00, 0x2e, 0x04, 0x2b, 0xb0, 0x69, 0x10, 0xb1, 0x0d, 0x01, 0x2b,
  0xb2, 0x19, 0x61, 0x6d, 0x32, 0x32, 0x32, 0xb4, 0x75, 0x0c, 0x00, 0x1e,
  0x04, 0x2b, 0xb2, 0x1f, 0x58, 0x86, 0x32, 0x32, 0x32, 0xb2, 0x0d, 0x75,
  0x0a, 0x2b, 0xb3, 0x40, 0x0d, 0x00, 0x09, 0x2b, 0xb0, 0x75, 0x10, 0xb1,
  0x51, 0x01, 0x2b, 0xb2, 0x29, 0x7b, 0x8c, 0x32, 0x32, 0x32, 0xb4, 0x49,
  0x0c, 0x00, 0x1e, 0x04, 0x2b, 0xb2, 0x2f, 0x3d, 0x94, 0x32, 0x32, 0x32,
  0xb2, 0x49, 0x51, 0x0a, 0x2b, 0xb3, 0x40, 0x49, 0x35, 0x09, 0x2b, 0xb0,
  0x49, 0x10, 0xb1, 0x9a, 0x01, 0x2b, 0xb1, 0x44, 0x0d, 0xe9, 0xb1, 0xa2,
  0x01, 0x2b, 0xb1, 0x0d, 0x69, 0x11, 0x12, 0xb3, 0x06, 0x10, 0x17, 0x65,
  0x24, 0x17, 0x39, 0xb0, 0x75, 0x11, 0xb2, 0x5e, 0x5f, 0x71, 0x39, 0x39,
  0x39, 0xb1, 0x49, 0x51, 0x11, 0x12, 0xb0, 0x2c, 0x39, 0xb0, 0x9a, 0x11,
  0xb3, 0x32, 0x3a, 0x41, 0x47, 0x24, 0x17, 0x39, 0x00, 0xb1, 0x17, 0x91,
  0x11, 0x12, 0xb1, 0x32, 0x90, 0x39, 0x39, 0xb1, 0x2c, 0x24, 0x11, 0x12,
  0xb1, 0x29, 0x30, 0x39, 0x39, 0x30, 0x31, 0x37, 0x34, 0x36, 0x33, 0x32,
  0x17, 0x1e, 0x04, 0x17, 0x32, 0x37, 0x11, 0x26, 0x27, 0x26, 0x27, 0x26,
  0x35, 0x34, 0x36, 0x37, 0x32, 0x3d, 0x01, 0x36, 0x3f, 0x01, 0x16, 0x17,
  0x15, 0x1e, 0x02, 0x33, 0x36, 0x17, 0x16, 0x36, 0x3d, 0x01, 0x36, 0x37,
  0x33, 0x32, 0x15, 0x07, 0x14, 0x17, 0x1e, 0x01, 0x15, 0x14, 0x06, 0x23,
  0x22, 0x27, 0x26, 0x27, 0x07, 0x11, 0x16, 0x17, 0x1e, 0x02, 0x15, 0x14,
  0x06, 0x07, 0x22, 0x15, 0x14, 0x17, 0x14, 0x2b, 0x01, 0x26, 0x3f, 0x01,
  0x34, 0x23, 0x06, 0x27, 0x22, 0x06, 0x15, 0x17, 0x14, 0x16, 0x14, 0x06,
  0x07, 0x23, 0x26, 0x37, 0x3d, 0x01, 0x26, 0x27, 0x26, 0x27, 0x26, 0x13,
  0x14, 0x17, 0x16, 0x37, 0x34, 0x3d, 0x01, 0x36, 0x26, 0x07, 0x06, 0x13,
  0x16, 0x33, 0x16, 0x37, 0x32, 0x35, 0x11, 0x34, 0x26, 0x2f, 0x01, 0x26,
  0x27, 0x26, 0x06, 0x15, 0x11, 0x14, 0x17, 0x16, 0x17, 0x36, 0x35, 0x11,
  0x34, 0x27, 0x26, 0x07, 0x06, 0x07, 0x13, 0x14, 0x1e, 0x01, 0x37, 0x36,
  0x35, 0x34, 0x2f, 0x01, 0x26, 0x06, 0x17, 0x4a, 0x2f, 0x21, 0x35, 0x23,
  0x04, 0x0e, 0x06, 0x0f, 0x16, 0x10, 0x10, 0x01, 0x06, 0x08, 0x79, 0x23,
  0x39, 0x78, 0x63, 0x08, 0x04, 0x0e, 0x17, 0x10, 0x08, 0x02, 0x05, 0x06,
  0x08, 0x33, 0x31, 0x04, 0x0b, 0x02, 0x16, 0x19, 0x12, 0x02, 0x0a, 0x66,
  0x7c, 0x29, 0x1f, 0x31, 0x2d, 0x1f, 0x17, 0x10, 0x06, 0x06, 0x54, 0x65,
  0x5a, 0x96, 0x7f, 0x0a, 0x02, 0x16, 0x1f, 0x14, 0x04, 0x02, 0x13, 0x2b,
  0x35, 0x04, 0x0f, 0x03, 0x02, 0x07, 0x06, 0x33, 0x0c, 0x04, 0x02, 0x0a,
  0x87, 0x36, 0x3d, 0xaa, 0x4b, 0x0a, 0x07, 0x02, 0x04, 0x06, 0x54, 0x9d,
  0x04, 0x09, 0x3f, 0x31, 0x0b, 0x0f, 0x04, 0x3d, 0x14, 0x13, 0x08, 0x09,
  0x09, 0x0c, 0x62, 0x11, 0x0b, 0x3f, 0x2f, 0x0e, 0x01, 0xc9, 0x08, 0x06,
  0x02, 0x79, 0x62, 0x19, 0x06, 0x0a, 0x02, 0xd5, 0x21, 0x31, 0x58, 0x0c,
  0x29, 0x0f, 0x1c, 0x15, 0x0c, 0x1c, 0x01, 0xf6, 0x0e, 0x07, 0x5c, 0x2b,
  0x48, 0x60, 0x5c, 0x93, 0x21, 0x13, 0x6e, 0x0a, 0x03, 0x02, 0x04, 0x0f,
  0x56, 0x02, 0x0a, 0x06, 0x04, 0x04, 0x02, 0x12, 0x06, 0x52, 0x0a, 0x07,
  0x17, 0x60, 0x0c, 0x0b, 0x1f, 0x62, 0x37, 0x21, 0x2b, 0x44, 0x2f, 0x18,
  0x08, 0xfe, 0x8b, 0x25, 0x06, 0x35, 0x4e, 0x8d, 0x52, 0x73, 0xae, 0x24,
  0x13, 0x68, 0x3a, 0x12, 0x04, 0x14, 0x8c, 0x14, 0x06, 0x08, 0x0a, 0x0a,
  0x83, 0x04, 0x0d, 0x06, 0x0a, 0x02, 0x04, 0x12, 0x09, 0x99, 0x10, 0x05,
  0x2b, 0x37, 0x42, 0x03, 0x56, 0x4e, 0x42, 0x08, 0x16, 0x03, 0x02, 0xf1,
  0x02, 0x0f, 0x02, 0x2d, 0xfb, 0xf1, 0x12, 0x0e, 0x0a, 0x14, 0x01, 0xa2,
  0x0a, 0x1b, 0x02, 0x27, 0x0c, 0x0c, 0x04, 0x0e, 0x12, 0x01, 0x16, 0x14,
  0x08, 0x0a, 0x40, 0x08, 0x0c, 0x01, 0x87, 0x14, 0x01, 0x12, 0x08, 0x02,
  0x1b, 0xfb, 0xe2, 0x06, 0x09, 0x02, 0x02, 0x42, 0x83, 0x64, 0x42, 0x10,
  0x04, 0x10, 0x08, 0x00, 0x00, 0x05, 0x00, 0x5a, 0xff, 0x75, 0x05, 0x21,
  0x05, 0x1b, 0x00, 0x0b, 0x00, 0x16, 0x00, 0x23, 0x00, 0x2f, 0x00, 0x3a,
  0x00, 0x7b, 0x00, 0xb2, 0x33, 0x00, 0x00, 0x2b, 0xb1, 0x2d, 0x05, 0xe9,
  0xb0, 0x38, 0x2f, 0xb1, 0x27, 0x03, 0xe9, 0xb0, 0x09, 0x2f, 0xb1, 0x0f,
  0x05, 0xe9, 0xb0, 0x14, 0x2f, 0xb1, 0x03, 0x03, 0xe9, 0x01, 0xb0, 0x3b,
  0x2f, 0xb0, 0x00, 0xd6, 0xb1, 0x0c, 0x0c, 0xe9, 0xb0, 0x0c, 0x10, 0xb1,
  0x12, 0x01, 0x2b, 0xb1, 0x06, 0x0c, 0xe9, 0xb0, 0x06, 0x10, 0xb1, 0x24,
  0x01, 0x2b, 0xb1, 0x30, 0x0c, 0xe9, 0xb0, 0x30, 0x10, 0xb1, 0x36, 0x01,
  0x2b, 0xb1, 0x2a, 0x0c, 0xe9, 0xb1, 0x3c, 0x01, 0x2b, 0xb1, 0x12, 0x0c,
  0x11, 0x12, 0xb3, 0x03, 0x09, 0x23, 0x22, 0x24, 0x17, 0x39, 0xb1, 0x36,
  0x30, 0x11, 0x12, 0xb2, 0x27, 0x2d, 0x1c, 0x39, 0x39, 0x39, 0x00, 0xb1,
  0x38, 0x33, 0x11, 0x12, 0xb0, 0x24, 0x39, 0xb1, 0x14, 0x0f, 0x11, 0x12,
  0xb0, 0x00, 0x39, 0x30, 0x31, 0x13, 0x34, 0x36, 0x33, 0x32, 0x16, 0x07,
  0x0e, 0x01, 0x23, 0x22, 0x26, 0x37, 0x14, 0x16, 0x33, 0x32, 0x36, 0x34,
  0x26, 0x23, 0x22, 0x06, 0x13, 0x01, 0x36, 0x1f, 0x01, 0x16, 0x07, 0x01,
  0x06, 0x07, 0x06, 0x23, 0x22, 0x01, 0x34, 0x36, 0x33, 0x32, 0x16, 0x07,
  0x0e, 0x01, 0x23, 0x22, 0x26, 0x37, 0x14, 0x16, 0x33, 0x32, 0x36, 0x34,
  0x26, 0x23, 0x22, 0x06, 0x5a, 0xa8, 0x79, 0x7b, 0xac, 0x02, 0x02, 0xa6,
  0x7b, 0x77, 0xac, 0x75, 0x5e, 0x50, 0x52, 0x5e, 0x60, 0x56, 0x4e, 0x5a,
  0x33, 0x03, 0x21, 0x12, 0x1b, 0x18, 0x13, 0x0c, 0xfc, 0xe3, 0x06, 0x06,
  0x04, 0x25, 0x31, 0x01, 0xef, 0xa8, 0x79, 0x7b, 0xac, 0x02, 0x02, 0xa6,
  0x7b, 0x77, 0xac, 0x75, 0x5e, 0x50, 0x52, 0x5e, 0x60, 0x56, 0x4e, 0x5a,
  0x03, 0xaa, 0x83, 0xaa, 0xa6, 0x81, 0x83, 0xaa, 0xaa, 0x81, 0x6f, 0x78,
  0x7b, 0xdd, 0x77, 0x7b, 0xfb, 0x83, 0x05, 0x6e, 0x19, 0x0a, 0x0b, 0x05,
  0x1d, 0xfa, 0x99, 0x0c, 0x04, 0x02, 0x01, 0x5c, 0x83, 0xaa, 0xa6, 0x81,
  0x83, 0xaa, 0xa8, 0x83, 0x6f, 0x78, 0x7a, 0xde, 0x76, 0x7a, 0x00, 0x00,
  0x00, 0x03, 0x00, 0x56, 0xff, 0xd9, 0x06, 0x0a, 0x04, 0xf2, 0x00, 0x53,
  0x00, 0x63, 0x00, 0x6d, 0x00, 0x9f, 0x00, 0xb2, 0x27, 0x01, 0x00, 0x2b,
  0xb1, 0x22, 0x07, 0xe9, 0xb0, 0x2e, 0x32, 0xb2, 0x07, 0x01, 0x00, 0x2b,
  0xb2, 0x0f, 0x01, 0x00, 0x2b, 0xb2, 0x51, 0x00, 0x00, 0x2b, 0xb0, 0x48,
  0x33, 0xb4, 0x57, 0x0a, 0x00, 0x20, 0x04, 0x2b, 0xb2, 0x51, 0x00, 0x00,
  0x2b, 0xb1, 0x41, 0x09, 0xe9, 0xb0, 0x6b, 0x2f, 0xb1, 0x0b, 0x05, 0xe9,
  0x01, 0xb0, 0x6e, 0x2f, 0xb0, 0x00, 0xd6, 0xb1, 0x54, 0x0b, 0xe9, 0xb0,
  0x54, 0x10, 0xb1, 0x08, 0x01, 0x2b, 0xb1, 0x64, 0x0d, 0xe9, 0xb0, 0x64,
  0x10, 0xb1, 0x68, 0x01, 0x2b, 0xb1, 0x0e, 0x0d, 0xe9, 0xb1, 0x6f, 0x01,
  0x2b, 0xb1, 0x64, 0x08, 0x11, 0x12, 0xb2, 0x04, 0x05, 0x51, 0x39, 0x39,
  0x39, 0xb0, 0x68, 0x11, 0xb4, 0x10, 0x0b, 0x13, 0x57, 0x11, 0x24, 0x17,
  0x39, 0xb0, 0x0e, 0x12, 0xb1, 0x14, 0x5b, 0x39, 0x39, 0x00, 0xb1, 0x57,
  0x41, 0x11, 0x12, 0xb0, 0x46, 0x39, 0xb1, 0x27, 0x51, 0x11, 0x12, 0xb4,
  0x18, 0x44, 0x4e, 0x61, 0x66, 0x24, 0x17, 0x39, 0xb0, 0x6b, 0x11, 0xb3,
  0x08, 0x0e, 0x64, 0x68, 0x24, 0x17, 0x39, 0x30, 0x31, 0x13, 0x34, 0x37,
  0x36, 0x37, 0x36, 0x27, 0x26, 0x35, 0x34, 0x36, 0x33, 0x32, 0x16, 0x15,
  0x14, 0x07, 0x06, 0x16, 0x17, 0x16, 0x17, 0x16, 0x17, 0x16, 0x37, 0x36,
  0x37, 0x3e, 0x01, 0x35, 0x34, 0x2e, 0x01, 0x23, 0x2e, 0x01, 0x37, 0x36,
  0x33, 0x16, 0x37, 0x36, 0x17, 0x15, 0x14, 0x07, 0x0e, 0x03, 0x07, 0x06,
  0x07, 0x0e, 0x01, 0x07, 0x06, 0x07, 0x06, 0x17, 0x16, 0x17, 0x1e, 0x01,
  0x33, 0x32, 0x37, 0x36, 0x16, 0x07, 0x06, 0x23, 0x22, 0x26, 0x27, 0x26,
  0x27, 0x26, 0x07, 0x06, 0x23, 0x22, 0x26, 0x37, 0x14, 0x16, 0x33, 0x32,
  0x36, 0x37, 0x36, 0x27, 0x26, 0x27, 0x26, 0x27, 0x26, 0x07, 0x06, 0x13,
  0x14, 0x17, 0x36, 0x35, 0x34, 0x26, 0x23, 0x22, 0x06, 0x56, 0x79, 0x35,
  0x9a, 0x23, 0x0b, 0x83, 0xa6, 0x87, 0x7b, 0xa2, 0xd3, 0x06, 0x02, 0x04,
  0x44, 0x5e, 0x58, 0x45, 0x08, 0x13, 0x4e, 0x37, 0x2f, 0x38, 0x2d, 0x46,
  0x02, 0x08, 0x04, 0x04, 0x02, 0x16, 0x87, 0xe0, 0x14, 0x04, 0x1c, 0x0a,
  0x3c, 0x1f, 0x2b, 0x0e, 0x1d, 0x33, 0x0e, 0x29, 0x02, 0x3f, 0x65, 0x0a,
  0x08, 0x25, 0x22, 0x37, 0x40, 0x2b, 0x35, 0x71, 0x0e, 0x1d, 0x0e, 0x93,
  0x7e, 0x56, 0x64, 0x3b, 0x0a, 0x11, 0x0c, 0x13, 0xf0, 0xe1, 0x98, 0xce,
  0xc7, 0x87, 0x6e, 0x54, 0xc7, 0x46, 0x0a, 0x0a, 0x48, 0x66, 0x71, 0x50,
  0x0e, 0x1b, 0xbe, 0xb6, 0x91, 0x7f, 0x50, 0x41, 0x3b, 0x44, 0x01, 0x48,
  0xa2, 0x68, 0x2f, 0x48, 0x17, 0x07, 0x7d, 0x8a, 0x75, 0x8f, 0x7b, 0x60,
  0x93, 0x76, 0x04, 0x10, 0x04, 0x33, 0x5b, 0x56, 0x66, 0x0e, 0x18, 0x62,
  0x59, 0x48, 0x7c, 0x15, 0x0e, 0x0c, 0x06, 0x04, 0x21, 0x09, 0x0c, 0x06,
  0x08, 0x04, 0x14, 0x1b, 0x10, 0x05, 0x02, 0x04, 0x04, 0x10, 0x0d, 0x1d,
  0x5d, 0x1d, 0x4e, 0x06, 0x75, 0x70, 0x0a, 0x0d, 0x3d, 0x3e, 0x64, 0x40,
  0x4e, 0x04, 0x35, 0x06, 0x77, 0x4e, 0x6c, 0x14, 0x1e, 0x17, 0x13, 0xf0,
  0xd3, 0xb4, 0x75, 0x8f, 0x62, 0x4c, 0x0a, 0x11, 0x6f, 0x6a, 0x71, 0x35,
  0x0a, 0x12, 0x8f, 0x02, 0x16, 0x83, 0x73, 0x50, 0x89, 0x4e, 0x5a, 0x4a,
  0x00, 0x01, 0x00, 0x4e, 0x02, 0xe7, 0x01, 0x31, 0x05, 0x64, 0x00, 0x14,
  0x00, 0x31, 0x00, 0xb0, 0x0d, 0x2f, 0xb4, 0x02, 0x0a, 0x00, 0x07, 0x04,
  0x2b, 0x01, 0xb0, 0x15, 0x2f, 0xb0, 0x00, 0xd6, 0xb1, 0x05, 0x0f, 0xe9,
  0xb1, 0x05, 0x0f, 0xe9, 0xb1, 0x16, 0x01, 0x2b, 0xb1, 0x05, 0x00, 0x11,
  0x12, 0xb0, 0x12, 0x39, 0x00, 0xb1, 0x02, 0x0d, 0x11, 0x12, 0xb0, 0x0b,
  0x39, 0x30, 0x31, 0x13, 0x34, 0x17, 0x32, 0x16, 0x15, 0x14, 0x07, 0x06,
  0x07, 0x03, 0x0e, 0x01, 0x27, 0x2e, 0x01, 0x27, 0x26, 0x35, 0x03, 0x26,
  0x4e, 0x6e, 0x35, 0x40, 0x0a, 0x0c, 0x04, 0x32, 0x04, 0x12, 0x13, 0x17,
  0x09, 0x02, 0x02, 0x32, 0x19, 0x04, 0xcf, 0x96, 0x01, 0x46, 0x3b, 0x27,
  0x37, 0x42, 0x18, 0xfe, 0xe7, 0x14, 0x19, 0x02, 0x02, 0x09, 0x10, 0x08,
  0x04, 0x01, 0x1d, 0x7f, 0x00, 0x01, 0x00, 0xa2, 0xfe, 0x35, 0x02, 0x75,
  0x05, 0xa4, 0x00, 0x15, 0x00, 0x16, 0x00, 0x01, 0xb0, 0x16, 0x2f, 0xb0,
  0x00, 0xd6, 0xb4, 0x0a, 0x0d, 0x00, 0x1a, 0x04, 0x2b, 0xb1, 0x17, 0x01,
  0x2b, 0x00, 0x30, 0x31, 0x13, 0x10, 0x12, 0x37, 0x36, 0x16, 0x07, 0x06,
  0x03, 0x06, 0x11, 0x14, 0x12, 0x17, 0x16, 0x17, 0x16, 0x07, 0x06, 0x27,
  0x26, 0x02, 0xa2, 0xd3, 0xb6, 0x1f, 0x3d, 0x12, 0x8f, 0x65, 0x4e, 0x56,
  0x67, 0x3d, 0x48, 0x10, 0x41, 0x14, 0x17, 0xac, 0xcb, 0x01, 0xec, 0x01,
  0x00, 0x01, 0xf3, 0xc5, 0x17, 0x3c, 0x1f, 0xa0, 0xfe, 0xfa, 0xcd, 0xfe,
  0xff, 0xc9, 0xfe, 0xc4, 0xb4, 0x68, 0x56, 0x21, 0x1f, 0x0a, 0x1b, 0xbe,
  0x01, 0xf0, 0x00, 0x00, 0x00, 0x01, 0x00, 0x19, 0xfe, 0x35, 0x01, 0xe9,
  0x05, 0x9a, 0x00, 0x16, 0x00, 0x16, 0x00, 0x01, 0xb0, 0x17, 0x2f, 0xb0,
  0x04, 0xd6, 0xb4, 0x11, 0x0c, 0x00, 0x1d, 0x04, 0x2b, 0xb1, 0x18, 0x01,
  0x2b, 0x00, 0x30, 0x31, 0x13, 0x36, 0x13, 0x36, 0x11, 0x34, 0x02, 0x27,
  0x26, 0x27, 0x26, 0x36, 0x37, 0x36, 0x17, 0x16, 0x12, 0x15, 0x10, 0x02,
  0x07, 0x06, 0x26, 0x19, 0x93, 0x62, 0x4e, 0x56, 0x68, 0x39, 0x3e, 0x0c,
  0x02, 0x10, 0x25, 0x21, 0xb0, 0xc6, 0xd0, 0xb7, 0x21, 0x41, 0xfe, 0x79,
  0xa4, 0x01, 0x02, 0xcd, 0x01, 0x04, 0xc7, 0x01, 0x3b, 0xb6, 0x66, 0x48,
  0x0c, 0x29, 0x0f, 0x1f, 0x21, 0xc1, 0xfe, 0x17, 0xfe, 0xfe, 0xfc, 0xfe,
  0x0a, 0xc1, 0x19, 0x38, 0x00, 0x01, 0x00, 0x9e, 0x01, 0xcd, 0x03, 0xbc,
  0x05, 0x64, 0x00, 0x6e, 0x00, 0x95, 0x00, 0xb0, 0x4d, 0x2f, 0xb0, 0x6c,
  0x33, 0xb4, 0x48, 0x0a, 0x00, 0x18, 0x04, 0x2b, 0xb0, 0x03, 0x32, 0xb0,
  0x10, 0x2f, 0xb0, 0x3a, 0x33, 0xb4, 0x16, 0x0a, 0x00, 0x17, 0x04, 0x2b,
  0xb0, 0x35, 0x32, 0x01, 0xb0, 0x6f, 0x2f, 0xb0, 0x5e, 0xd6, 0xb0, 0x26,
  0x32, 0xb1, 0x5a, 0x0d, 0xe9, 0xb0, 0x2b, 0x32, 0xb3, 0x54, 0x5a, 0x5e,
  0x08, 0x2b, 0xb4, 0x64, 0x0c, 0x00, 0x1e, 0x04, 0x2b, 0xb0, 0x64, 0x2f,
  0xb0, 0x22, 0x33, 0xb4, 0x54, 0x0c, 0x00, 0x1e, 0x04, 0x2b, 0xb0, 0x2f,
  0x32, 0xb1, 0x70, 0x01, 0x2b, 0xb1, 0x64, 0x5e, 0x11, 0x12, 0xb2, 0x09,
  0x28, 0x5c, 0x39, 0x39, 0x39, 0xb1, 0x5a, 0x54, 0x11, 0x12, 0xb3, 0x29,
  0x2d, 0x41, 0x5b, 0x24, 0x17, 0x39, 0x00, 0xb1, 0x48, 0x4d, 0x11, 0x12,
  0xb5, 0x00, 0x51, 0x56, 0x62, 0x63, 0x68, 0x24, 0x17, 0x39, 0xb0, 0x10,
  0x11, 0xb3, 0x21, 0x30, 0x53, 0x65, 0x24, 0x17, 0x39, 0xb0, 0x16, 0x12,
  0xb4, 0x1d, 0x24, 0x2d, 0x2e, 0x33, 0x24, 0x17, 0x39, 0x30, 0x31, 0x13,
  0x34, 0x36, 0x37, 0x3e, 0x01, 0x37, 0x36, 0x37, 0x36, 0x27, 0x26, 0x27,
  0x2e, 0x02, 0x27, 0x2e, 0x01, 0x35, 0x34, 0x36, 0x33, 0x32, 0x1e, 0x05,
  0x17, 0x16, 0x17, 0x16, 0x35, 0x26, 0x27, 0x26, 0x35, 0x34, 0x36, 0x32,
  0x16, 0x15, 0x14, 0x07, 0x06, 0x07, 0x14, 0x37, 0x36, 0x37, 0x36, 0x33,
  0x32, 0x16, 0x15, 0x14, 0x07, 0x0e, 0x01, 0x07, 0x06, 0x07, 0x0e, 0x01,
  0x16, 0x17, 0x16, 0x17, 0x1e, 0x01, 0x17, 0x16, 0x15, 0x14, 0x06, 0x23,
  0x22, 0x26, 0x27, 0x26, 0x27, 0x26, 0x15, 0x16, 0x17, 0x16, 0x17, 0x16,
  0x14, 0x06, 0x22, 0x26, 0x35, 0x34, 0x37, 0x36, 0x37, 0x36, 0x37, 0x34,
  0x07, 0x06, 0x07, 0x0e, 0x02, 0x23, 0x22, 0x26, 0x9e, 0x2f, 0x39, 0x04,
  0x54, 0x19, 0x39, 0x3e, 0x19, 0x15, 0x42, 0x39, 0x14, 0x2a, 0x2b, 0x0a,
  0x37, 0x2f, 0x27, 0x2f, 0x0a, 0x10, 0x13, 0x0c, 0x12, 0x09, 0x12, 0x02,
  0x4a, 0x5a, 0x17, 0x04, 0x19, 0x1d, 0x2b, 0x4a, 0x2b, 0x1b, 0x1b, 0x01,
  0x1a, 0x5c, 0x42, 0x42, 0x28, 0x2f, 0x25, 0x4f, 0x19, 0x5e, 0x11, 0x2f,
  0x49, 0x0c, 0x05, 0x04, 0x0f, 0x4c, 0x28, 0x10, 0x63, 0x19, 0x4d, 0x2b,
  0x20, 0x27, 0x31, 0x1d, 0x48, 0x58, 0x14, 0x02, 0x1a, 0x0e, 0x05, 0x08,
  0x2d, 0x4a, 0x2d, 0x08, 0x0c, 0x09, 0x1b, 0x01, 0x14, 0x54, 0x4c, 0x17,
  0x14, 0x2f, 0x1d, 0x21, 0x2a, 0x02, 0xd7, 0x31, 0x27, 0x0c, 0x02, 0x13,
  0x08, 0x10, 0x25, 0x0e, 0x0b, 0x23, 0x10, 0x06, 0x0a, 0x0b, 0x02, 0x10,
  0x27, 0x2f, 0x17, 0x35, 0x04, 0x0c, 0x09, 0x12, 0x08, 0x17, 0x02, 0x58,
  0x37, 0x0c, 0x1a, 0x60, 0x54, 0x60, 0x1d, 0x23, 0x35, 0x35, 0x23, 0x25,
  0x58, 0x5c, 0x58, 0x19, 0x0d, 0x3b, 0x52, 0x4c, 0x33, 0x19, 0x44, 0x1c,
  0x08, 0x15, 0x06, 0x0e, 0x23, 0x06, 0x06, 0x06, 0x09, 0x29, 0x0c, 0x06,
  0x13, 0x08, 0x1a, 0x46, 0x1b, 0x2f, 0x27, 0x27, 0x5a, 0x35, 0x0a, 0x12,
  0x7b, 0x4f, 0x23, 0x13, 0x12, 0x4e, 0x35, 0x35, 0x27, 0x1d, 0x1c, 0x21,
  0x15, 0x50, 0x76, 0x19, 0x0d, 0x31, 0x5e, 0x1d, 0x16, 0x1b, 0x2f, 0x00,
  0x00, 0x01, 0x00, 0x91, 0x00, 0x77, 0x05, 0x0a, 0x04, 0xf6, 0x00, 0x3d,
  0x00, 0x4d, 0x00, 0xb0, 0x3b, 0x2f, 0xb0, 0x22, 0x33, 0xb4, 0x09, 0x0a,
  0x00, 0x1f, 0x04, 0x2b, 0xb0, 0x1a, 0x32, 0xb2, 0x09, 0x3b, 0x0a, 0x2b,
  0xb3, 0x40, 0x09, 0x13, 0x09, 0x2b, 0x01, 0xb0, 0x3e, 0x2f, 0xb0, 0x37,
  0xd6, 0xb0, 0x0d, 0x32, 0xb4, 0x2a, 0x0c, 0x00, 0x2e, 0x04, 0x2b, 0xb0,
  0x17, 0x32, 0xb2, 0x2a, 0x37, 0x0a, 0x2b, 0xb3, 0x40, 0x2a, 0x1f, 0x09,
  0x2b, 0xb2, 0x37, 0x2a, 0x0a, 0x2b, 0xb3, 0x40, 0x37, 0x00, 0x09, 0x2b,
  0xb1, 0x3f, 0x01, 0x2b, 0x00, 0x30, 0x31, 0x13, 0x35, 0x3c, 0x02, 0x3e,
  0x02, 0x32, 0x33, 0x21, 0x32, 0x36, 0x35, 0x11, 0x34, 0x26, 0x35, 0x34,
  0x3b, 0x01, 0x32, 0x16, 0x15, 0x11, 0x06, 0x33, 0x21, 0x32, 0x16, 0x1d,
  0x01, 0x14, 0x06, 0x23, 0x21, 0x2a, 0x02, 0x06, 0x14, 0x15, 0x11, 0x14,
  0x06, 0x23, 0x06, 0x27, 0x22, 0x2e, 0x03, 0x3c, 0x01, 0x35, 0x11, 0x34,
  0x23, 0x21, 0x22, 0x26, 0x91, 0x02, 0x05, 0x08, 0x0c, 0x08, 0x01, 0xb6,
  0x14, 0x0b, 0x02, 0x1d, 0x50, 0x12, 0x0a, 0x04, 0x19, 0x01, 0xba, 0x1b,
  0x10, 0x12, 0x1f, 0xfe, 0x56, 0x04, 0x10, 0x02, 0x09, 0x0c, 0x1f, 0x1d,
  0x20, 0x08, 0x0a, 0x09, 0x02, 0x02, 0x1c, 0xfe, 0x4f, 0x1b, 0x10, 0x02,
  0x96, 0x37, 0x04, 0x12, 0x04, 0x0b, 0x02, 0x04, 0x0a, 0x12, 0x01, 0x98,
  0x06, 0x11, 0x04, 0x2f, 0x0f, 0x1e, 0xfe, 0x43, 0x14, 0x0f, 0x14, 0x3f,
  0x1b, 0x0a, 0x04, 0x0b, 0x08, 0xfe, 0x46, 0x1f, 0x0a, 0x08, 0x08, 0x02,
  0x04, 0x02, 0x0a, 0x04, 0x0f, 0x04, 0x01, 0xb6, 0x1b, 0x0c, 0x00, 0x00,
  0x00, 0x01, 0x00, 0x8f, 0xfe, 0xe7, 0x01, 0x85, 0x00, 0xa8, 0x00, 0x18,
  0x00, 0x37, 0x00, 0xb2, 0x16, 0x00, 0x00, 0x2b, 0xb4, 0x03, 0x0a, 0x00,
  0x15, 0x04, 0x2b, 0x01, 0xb0, 0x19, 0x2f, 0xb0, 0x12, 0xd6, 0xb4, 0x06,
  0x0c, 0x00, 0x40, 0x04, 0x2b, 0xb2, 0x12, 0x06, 0x0a, 0x2b, 0xb3, 0x40,
  0x12, 0x00, 0x09, 0x2b, 0xb1, 0x1a, 0x01, 0x2b, 0x00, 0xb1, 0x03, 0x16,
  0x11, 0x12, 0xb1, 0x00, 0x06, 0x39, 0x39, 0x30, 0x31, 0x37, 0x34, 0x36,
  0x33, 0x32, 0x16, 0x15, 0x14, 0x06, 0x07, 0x06, 0x27, 0x2e, 0x01, 0x27,
  0x26, 0x37, 0x36, 0x35, 0x34, 0x27, 0x26, 0x07, 0x06, 0x26, 0x8f, 0x42,
  0x2d, 0x3d, 0x4a, 0x68, 0x54, 0x1d, 0x0c, 0x02, 0x06, 0x02, 0x0a, 0x10,
  0x89, 0x08, 0x06, 0x15, 0x2f, 0x44, 0x3f, 0x2d, 0x3c, 0x58, 0x48, 0x58,
  0xa0, 0x27, 0x0e, 0x0c, 0x02, 0x0b, 0x02, 0x1f, 0x04, 0x52, 0x60, 0x14,
  0x02, 0x04, 0x06, 0x0a, 0x39, 0x00, 0x00, 0x00, 0x00, 0x01, 0x00, 0x5a,
  0x01, 0x98, 0x03, 0x2b, 0x02, 0x26, 0x00, 0x11, 0x00, 0x1d, 0x00, 0xb0,
  0x10, 0x2f, 0xb4, 0x04, 0x0a, 0x00, 0x1d, 0x04, 0x2b, 0xb4, 0x07, 0x0a,
  0x00, 0x1d, 0x04, 0x2b, 0x01, 0xb0, 0x12, 0x2f, 0xb1, 0x13, 0x01, 0x2b,
  0x00, 0x30, 0x31, 0x13, 0x35, 0x34, 0x36, 0x33, 0x16, 0x24, 0x17, 0x32,
  0x16, 0x15, 0x07, 0x06, 0x07, 0x26, 0x04, 0x27, 0x22, 0x5a, 0x1b, 0x0c,
  0x44, 0x01, 0xd7, 0x72, 0x0a, 0x13, 0x04, 0x06, 0x1d, 0x9e, 0xfe, 0x71,
  0x68, 0x0e, 0x01, 0xb0, 0x52, 0x10, 0x13, 0x02, 0x06, 0x04, 0x17, 0x0a,
  0x50, 0x19, 0x03, 0x04, 0x06, 0x02, 0x00, 0x00, 0x00, 0x01, 0x00, 0x85,
  0xff, 0xdb, 0x01, 0x79, 0x00, 0xc7, 0x00, 0x0a, 0x00, 0x2f, 0x00, 0xb2,
  0x09, 0x00, 0x00, 0x2b, 0xb4, 0x03, 0x0a, 0x00, 0x12, 0x04, 0x2b, 0xb2,
  0x09, 0x00, 0x00, 0x2b, 0xb4, 0x03, 0x0a, 0x00, 0x12, 0x04, 0x2b, 0x01,
  0xb0, 0x0b, 0x2f, 0xb0, 0x00, 0xd6, 0xb1, 0x06, 0x0f, 0xe9, 0xb1, 0x06,
  0x0f, 0xe9, 0xb1, 0x0c, 0x01, 0x2b, 0x00, 0x30, 0x31, 0x37, 0x34, 0x36,
  0x33, 0x32, 0x16, 0x15, 0x14, 0x06, 0x22, 0x26, 0x85, 0x46, 0x37, 0x35,
  0x42, 0x42, 0x6a, 0x48, 0x50, 0x35, 0x42, 0x40, 0x35, 0x33, 0x44, 0x42,
  0x00, 0x01, 0x00, 0x4c, 0xff, 0xd5, 0x03, 0xa5, 0x05, 0x6a, 0x00, 0x14,
  0x00, 0x00, 0x16, 0x34, 0x37, 0x36, 0x00, 0x37, 0x36, 0x1f, 0x01, 0x32,
  0x16, 0x06, 0x07, 0x01, 0x06, 0x27, 0x2a, 0x02, 0x2e, 0x01, 0x4c, 0x06,
  0x77, 0x01, 0xca, 0x75, 0x14, 0x0f, 0x66, 0x08, 0x0d, 0x02, 0x0a, 0xfd,
  0x4d, 0x14, 0x19, 0x04, 0x16, 0x15, 0x1c, 0x13, 0x19, 0x15, 0x0e, 0xe1,
  0x03, 0x7b, 0xe4, 0x21, 0x01, 0x04, 0x0e, 0x1b, 0x0e, 0xfa, 0xcd, 0x29,
  0x02, 0x02, 0x06, 0x00, 0x00, 0x02, 0x00, 0x52, 0xff, 0xe3, 0x03, 0xb0,
  0x03, 0xa4, 0x00, 0x0b, 0x00, 0x16, 0x00, 0x4a, 0x00, 0xb2, 0x03, 0x01,
  0x00, 0x2b, 0xb1, 0x15, 0x09, 0xe9, 0xb2, 0x09, 0x00, 0x00, 0x2b, 0xb1,
  0x0f, 0x09, 0xe9, 0x01, 0xb0, 0x17, 0x2f, 0xb0, 0x00, 0xd6, 0xb4, 0x0d,
  0x0d, 0x00, 0x1a, 0x04, 0x2b, 0xb0, 0x0d, 0x10, 0xb1, 0x12, 0x01, 0x2b,
  0xb4, 0x06, 0x0d, 0x00, 0x1a, 0x04, 0x2b, 0xb1, 0x18, 0x01, 0x2b, 0xb1,
  0x12, 0x0d, 0x11, 0x12, 0xb1, 0x09, 0x03, 0x39, 0x39, 0x00, 0xb1, 0x15,
  0x0f, 0x11, 0x12, 0xb1, 0x00, 0x06, 0x39, 0x39, 0x30, 0x31, 0x13, 0x34,
  0x12, 0x33, 0x32, 0x12, 0x15, 0x14, 0x02, 0x23, 0x22, 0x02, 0x12, 0x10,
  0x16, 0x33, 0x32, 0x36, 0x35, 0x34, 0x26, 0x23, 0x22, 0x52, 0xf2, 0xbc,
  0xbe, 0xf2, 0xf2, 0xc0, 0xba, 0xf2, 0x91, 0x98, 0x83, 0x87, 0x9c, 0x9a,
  0x8b, 0x81, 0x01, 0xb8, 0xd7, 0x01, 0x15, 0xfe, 0xef, 0xd5, 0xd1, 0xfe,
  0xf6, 0x01, 0x0b, 0x01, 0x89, 0xfe, 0x9b, 0xca, 0xc9, 0xb2, 0xb8, 0xc9,
  0x00, 0x01, 0x00, 0x6f, 0xff, 0xf8, 0x02, 0xbc, 0x03, 0x91, 0x00, 0x30,
  0x00, 0x37, 0x00, 0xb2, 0x07, 0x01, 0x00, 0x2b, 0xb2, 0x17, 0x00, 0x00,
  0x2b, 0xb1, 0x1d, 0x08, 0xe9, 0xb0, 0x0f, 0x32, 0x01, 0xb0, 0x31, 0x2f,
  0xb0, 0x23, 0xd6, 0xb1, 0x09, 0x0d, 0xe9, 0xb2, 0x09, 0x23, 0x0a, 0x2b,
  0xb3, 0x40, 0x09, 0x14, 0x09, 0x2b, 0xb1, 0x32, 0x01, 0x2b, 0xb1, 0x09,
  0x23, 0x11, 0x12, 0xb0, 0x05, 0x39, 0x00, 0x30, 0x31, 0x13, 0x3e, 0x01,
  0x37, 0x36, 0x37, 0x36, 0x32, 0x17, 0x11, 0x14, 0x17, 0x16, 0x17, 0x16,
  0x17, 0x3a, 0x01, 0x17, 0x16, 0x14, 0x23, 0x24, 0x07, 0x06, 0x26, 0x36,
  0x37, 0x36, 0x17, 0x32, 0x37, 0x32, 0x37, 0x36, 0x35, 0x11, 0x26, 0x34,
  0x27, 0x26, 0x07, 0x06, 0x07, 0x0e, 0x01, 0x07, 0x06, 0x26, 0x6f, 0x12,
  0x37, 0x0f, 0x8f, 0x4e, 0x0a, 0x4a, 0x04, 0x10, 0x0a, 0x19, 0x06, 0x33,
  0x08, 0x32, 0x08, 0x12, 0x14, 0xfe, 0x93, 0x8b, 0x0c, 0x0a, 0x06, 0x0a,
  0x12, 0x13, 0x33, 0x08, 0x1d, 0x10, 0x2b, 0x02, 0x02, 0x02, 0x0a, 0x1f,
  0x33, 0x17, 0x4b, 0x13, 0x0e, 0x19, 0x02, 0x81, 0x0c, 0x23, 0x0a, 0x64,
  0x6b, 0x08, 0x10, 0xfd, 0x2f, 0x46, 0x0e, 0x06, 0x04, 0x02, 0x04, 0x02,
  0x04, 0x4e, 0x04, 0x04, 0x02, 0x23, 0x29, 0x06, 0x08, 0x04, 0x02, 0x08,
  0x14, 0x40, 0x01, 0xdb, 0x04, 0x19, 0x06, 0x12, 0x06, 0x17, 0x1a, 0x0c,
  0x23, 0x08, 0x08, 0x35, 0x00, 0x01, 0x00, 0x42, 0xff, 0xf8, 0x03, 0x83,
  0x03, 0xa4, 0x00, 0x2e, 0x00, 0x3f, 0x00, 0xb2, 0x11, 0x01, 0x00, 0x2b,
  0xb4, 0x09, 0x0a, 0x00, 0x22, 0x04, 0x2b, 0xb2, 0x2e, 0x00, 0x00, 0x2b,
  0xb4, 0x1d, 0x0a, 0x00, 0x1c, 0x04, 0x2b, 0x01, 0xb0, 0x2f, 0x2f, 0xb0,
  0x06, 0xd6, 0xb1, 0x14, 0x0d, 0xe9, 0xb1, 0x30, 0x01, 0x2b, 0x00, 0xb1,
  0x1d, 0x2e, 0x11, 0x12, 0xb0, 0x02, 0x39, 0xb0, 0x09, 0x11, 0xb4, 0x03,
  0x0c, 0x0e, 0x14, 0x25, 0x24, 0x17, 0x39, 0x30, 0x31, 0x16, 0x34, 0x37,
  0x36, 0x37, 0x36, 0x35, 0x34, 0x26, 0x23, 0x22, 0x07, 0x06, 0x26, 0x37,
  0x3e, 0x01, 0x33, 0x32, 0x16, 0x15, 0x14, 0x0e, 0x02, 0x07, 0x06, 0x17,
  0x16, 0x17, 0x20, 0x37, 0x3e, 0x01, 0x37, 0x36, 0x37, 0x36, 0x17, 0x1e,
  0x01, 0x07, 0x03, 0x06, 0x27, 0x23, 0x21, 0x42, 0x08, 0xe5, 0x92, 0xae,
  0x71, 0x58, 0x73, 0x7b, 0x08, 0x2f, 0x0a, 0x5e, 0xa6, 0x67, 0x75, 0xa5,
  0x54, 0xa1, 0x6f, 0x58, 0x06, 0x06, 0x04, 0x0e, 0x01, 0x19, 0x37, 0x29,
  0x1f, 0x10, 0x1f, 0x1d, 0x0c, 0x17, 0x0a, 0x0e, 0x02, 0x46, 0x06, 0x31,
  0x12, 0xfd, 0x5a, 0x02, 0x2b, 0x08, 0x9e, 0x81, 0x9a, 0x7a, 0x58, 0x6f,
  0x71, 0x08, 0x17, 0x16, 0x6a, 0x5b, 0x8b, 0x65, 0x4c, 0x99, 0x96, 0x58,
  0x3d, 0x06, 0x08, 0x08, 0x01, 0x02, 0x02, 0x11, 0x1c, 0x37, 0x4a, 0x0c,
  0x03, 0x02, 0x0b, 0x08, 0xfe, 0xe1, 0x1d, 0x01, 0x00, 0x01, 0x00, 0x7b,
  0xfe, 0x93, 0x02, 0xc1, 0x03, 0xaa, 0x00, 0x30, 0x00, 0x5d, 0x00, 0xb0,
  0x2f, 0x2f, 0xb1, 0x08, 0x08, 0xe9, 0xb0, 0x0f, 0x2f, 0xb4, 0x12, 0x07,
  0x00, 0x69, 0x04, 0x2b, 0xb0, 0x17, 0x2f, 0xb4, 0x20, 0x0a, 0x00, 0x1f,
  0x04, 0x2b, 0x01, 0xb0, 0x31, 0x2f, 0xb0, 0x0b, 0xd6, 0xb1, 0x2c, 0x0d,
  0xe9, 0xb0, 0x14, 0x20, 0xd6, 0x11, 0xb1, 0x23, 0x0d, 0xe9, 0xb1, 0x32,
  0x01, 0x2b, 0xb1, 0x23, 0x0b, 0x11, 0x12, 0xb0, 0x29, 0x39, 0x00, 0xb1,
  0x0f, 0x08, 0x11, 0x12, 0xb4, 0x00, 0x02, 0x0b, 0x10, 0x2c, 0x24, 0x17,
  0x39, 0xb0, 0x12, 0x11, 0xb0, 0x0e, 0x39, 0xb0, 0x17, 0x12, 0xb2, 0x1a,
  0x23, 0x29, 0x39, 0x39, 0x39, 0x30, 0x31, 0x17, 0x34, 0x36, 0x17, 0x1e,
  0x01, 0x17, 0x16, 0x33, 0x32, 0x36, 0x35, 0x34, 0x27, 0x26, 0x07, 0x06,
  0x26, 0x37, 0x24, 0x35, 0x34, 0x26, 0x23, 0x22, 0x07, 0x06, 0x2e, 0x01,
  0x37, 0x3e, 0x01, 0x33, 0x32, 0x16, 0x15, 0x14, 0x07, 0x0e, 0x01, 0x17,
  0x16, 0x17, 0x16, 0x15, 0x14, 0x06, 0x23, 0x22, 0x7b, 0x52, 0x25, 0x06,
  0x16, 0x06, 0x52, 0x36, 0x39, 0x50, 0x54, 0x42, 0x6e, 0x14, 0x0d, 0x0c,
  0x01, 0x00, 0x49, 0x40, 0x60, 0x62, 0x08, 0x15, 0x11, 0x05, 0x33, 0x99,
  0x5a, 0x64, 0x84, 0xa4, 0x08, 0x06, 0x0a, 0x2d, 0x27, 0x6f, 0xe0, 0xa8,
  0xbe, 0xfc, 0x2f, 0x27, 0x16, 0x04, 0x13, 0x04, 0x3d, 0x87, 0x6c, 0xb2,
  0x48, 0x3b, 0x1e, 0x06, 0x35, 0x06, 0x9e, 0xb6, 0x4c, 0x58, 0x71, 0x06,
  0x04, 0x19, 0x0e, 0x64, 0x6f, 0x8f, 0x6b, 0x9c, 0x7a, 0x04, 0x0f, 0x04,
  0x06, 0x1f, 0x5e, 0xb4, 0xbc, 0xfd, 0x00, 0x00, 0x00, 0x02, 0x00, 0x36,
  0xfe, 0x93, 0x03, 0xa8, 0x03, 0xa8, 0x00, 0x25, 0x00, 0x37, 0x00, 0x59,
  0x00, 0xb0, 0x25, 0x2f, 0xb1, 0x13, 0x23, 0x33, 0x33, 0xb4, 0x28, 0x0a,
  0x00, 0x22, 0x04, 0x2b, 0xb1, 0x0a, 0x2a, 0x32, 0x32, 0xb2, 0x25, 0x28,
  0x0a, 0x2b, 0xb3, 0x40, 0x25, 0x1c, 0x09, 0x2b, 0x01, 0xb0, 0x38, 0x2f,
  0xb0, 0x1f, 0xd6, 0xb1, 0x21, 0x30, 0x32, 0x32, 0xb1, 0x19, 0x0d, 0xe9,
  0xb0, 0x07, 0x32, 0xb2, 0x19, 0x1f, 0x0a, 0x2b, 0xb3, 0x40, 0x19, 0x10,
  0x09, 0x2b, 0xb1, 0x39, 0x01, 0x2b, 0xb1, 0x19, 0x1f, 0x11, 0x12, 0xb0,
  0x33, 0x39, 0x00, 0xb1, 0x28, 0x25, 0x11, 0x12, 0xb2, 0x10, 0x22, 0x29,
  0x39, 0x39, 0x39, 0x30, 0x31, 0x36, 0x26, 0x37, 0x01, 0x36, 0x17, 0x16,
  0x15, 0x11, 0x16, 0x17, 0x37, 0x32, 0x1e, 0x02, 0x15, 0x14, 0x06, 0x2f,
  0x01, 0x22, 0x06, 0x15, 0x16, 0x07, 0x14, 0x2b, 0x01, 0x06, 0x26, 0x35,
  0x26, 0x37, 0x26, 0x07, 0x06, 0x25, 0x36, 0x16, 0x33, 0x16, 0x37, 0x32,
  0x33, 0x36, 0x37, 0x36, 0x37, 0x02, 0x37, 0x36, 0x27, 0x26, 0x07, 0x01,
  0x3a, 0x07, 0x08, 0x02, 0x3c, 0x10, 0x1b, 0x14, 0x04, 0x19, 0xa8, 0x04,
  0x19, 0x0c, 0x04, 0x1d, 0x06, 0xb2, 0x06, 0x17, 0x06, 0x06, 0x20, 0x69,
  0x0a, 0x13, 0x08, 0x06, 0x06, 0x0e, 0xb0, 0xfe, 0xf8, 0x8b, 0x06, 0x0a,
  0x7d, 0x8f, 0x04, 0x07, 0x0e, 0x0a, 0x02, 0x02, 0x06, 0x06, 0x06, 0x0c,
  0x04, 0x04, 0xfe, 0xd1, 0x02, 0x27, 0x0e, 0x03, 0x61, 0x14, 0x04, 0x08,
  0x0d, 0xfd, 0x09, 0x19, 0x0a, 0x04, 0x02, 0x08, 0x18, 0x42, 0x0a, 0x13,
  0x02, 0x02, 0x12, 0x09, 0x85, 0xa6, 0x27, 0x02, 0x1b, 0x0a, 0xbc, 0x67,
  0x29, 0x02, 0x0a, 0x0a, 0x8e, 0x15, 0x04, 0x04, 0x02, 0x0c, 0x04, 0x02,
  0x01, 0x44, 0x7d, 0x10, 0x0c, 0x04, 0x06, 0xfe, 0x30, 0x00, 0x00, 0x00,
  0x00, 0x01, 0x00, 0x6f, 0xfe, 0x96, 0x03, 0x08, 0x03, 0xa2, 0x00, 0x2f,
  0x00, 0x65, 0x00, 0xb0, 0x2d, 0x2f, 0xb4, 0x03, 0x0a, 0x00, 0x1a, 0x04,
  0x2b, 0x01, 0xb0, 0x30, 0x2f, 0xb0, 0x0a, 0xd6, 0xb4, 0x29, 0x0c, 0x00,
  0x1d, 0x04, 0x2b, 0xb2, 0x0a, 0x29, 0x0a, 0x2b, 0xb3, 0x00, 0x0a, 0x00,
  0x09, 0x2b, 0xb1, 0x31, 0x01, 0x2b, 0xb0, 0x36, 0x1a, 0xba, 0xf8, 0xa2,
  0xc0, 0x6d, 0x00, 0x15, 0x2b, 0x0a, 0x0e, 0xb0, 0x1e, 0x10, 0xb0, 0x1d,
  0xc0, 0xb1, 0x15, 0x13, 0xf9, 0xb0, 0x16, 0xc0, 0x00, 0xb3, 0x15, 0x16,
  0x1d, 0x1e, 0x2e, 0x2e, 0x2e, 0x2e, 0x01, 0xb3, 0x15, 0x16, 0x1d, 0x1e,
  0x2e, 0x2e, 0x2e, 0x2e, 0xb0, 0x40, 0x1a, 0x01, 0x00, 0xb1, 0x03, 0x2d,
  0x11, 0x12, 0xb0, 0x07, 0x39, 0x30, 0x31, 0x13, 0x34, 0x36, 0x33, 0x32,
  0x17, 0x16, 0x33, 0x32, 0x36, 0x35, 0x34, 0x2e, 0x02, 0x27, 0x26, 0x37,
  0x36, 0x37, 0x36, 0x1f, 0x01, 0x16, 0x07, 0x0e, 0x01, 0x07, 0x06, 0x23,
  0x27, 0x26, 0x0f, 0x01, 0x06, 0x17, 0x16, 0x17, 0x16, 0x17, 0x16, 0x15,
  0x14, 0x07, 0x06, 0x23, 0x22, 0x26, 0x6f, 0x2b, 0x1e, 0x17, 0x1f, 0x75,
  0x22, 0x56, 0x81, 0x4c, 0x8b, 0x77, 0x52, 0x12, 0x12, 0x96, 0x8d, 0x0c,
  0x11, 0xe9, 0x27, 0x04, 0x04, 0x33, 0x0c, 0x0e, 0x15, 0xc1, 0x19, 0x0c,
  0x4f, 0x17, 0x04, 0x04, 0x11, 0x62, 0x5e, 0xba, 0xce, 0x9c, 0xa4, 0x31,
  0x3b, 0xfe, 0xe9, 0x21, 0x2f, 0x0c, 0x29, 0xa0, 0x6e, 0x4e, 0x98, 0x81,
  0x58, 0x33, 0x0c, 0x1d, 0xcf, 0x9a, 0x0e, 0x02, 0x1b, 0x04, 0x1f, 0x12,
  0x4a, 0x0c, 0x0e, 0x18, 0x02, 0x10, 0x62, 0x1d, 0x08, 0x08, 0x0b, 0x3d,
  0x58, 0xb0, 0xc5, 0xd5, 0x85, 0x64, 0x2d, 0x00, 0x00, 0x02, 0x00, 0x62,
  0xff, 0xe3, 0x03, 0x9e, 0x04, 0xe9, 0x00, 0x1a, 0x00, 0x29, 0x00, 0x55,
  0x00, 0xb2, 0x18, 0x00, 0x00, 0x2b, 0xb1, 0x1e, 0x07, 0xe9, 0xb0, 0x25,
  0x2f, 0xb1, 0x12, 0x07, 0xe9, 0xb0, 0x0e, 0x32, 0x01, 0xb0, 0x2a, 0x2f,
  0xb0, 0x00, 0xd6, 0xb1, 0x1b, 0x0d, 0xe9, 0xb0, 0x1b, 0x10, 0xb1, 0x22,
  0x01, 0x2b, 0xb1, 0x15, 0x0d, 0xe9, 0xb1, 0x2b, 0x01, 0x2b, 0xb1, 0x22,
  0x1b, 0x11, 0x12, 0xb2, 0x12, 0x18, 0x0c, 0x39, 0x39, 0x39, 0xb0, 0x15,
  0x11, 0xb1, 0x08, 0x07, 0x39, 0x39, 0x00, 0xb1, 0x25, 0x1e, 0x11, 0x12,
  0xb1, 0x00, 0x15, 0x39, 0x39, 0xb0, 0x12, 0x11, 0xb0, 0x0d, 0x39, 0x30,
  0x31, 0x13, 0x34, 0x12, 0x3e, 0x01, 0x37, 0x36, 0x16, 0x07, 0x0e, 0x01,
  0x07, 0x06, 0x16, 0x37, 0x36, 0x33, 0x36, 0x33, 0x32, 0x16, 0x15, 0x14,
  0x06, 0x23, 0x22, 0x02, 0x37, 0x14, 0x16, 0x33, 0x32, 0x37, 0x36, 0x35,
  0x34, 0x26, 0x23, 0x22, 0x07, 0x0e, 0x01, 0x62, 0x85, 0xe2, 0xfe, 0x8f,
  0x25, 0x23, 0x15, 0xb0, 0xe9, 0x63, 0x06, 0x0c, 0x09, 0x29, 0x0e, 0x10,
  0x27, 0xb2, 0xe2, 0xe8, 0xac, 0xb6, 0xf2, 0xb2, 0x82, 0x6e, 0x58, 0x3c,
  0x56, 0x86, 0x78, 0x3d, 0x5b, 0x29, 0x1b, 0x01, 0xc3, 0x9a, 0x01, 0x10,
  0xc4, 0x8b, 0x2d, 0x0a, 0x1e, 0x1d, 0x4e, 0xae, 0x8b, 0x0a, 0x0c, 0x02,
  0x0a, 0x02, 0xe2, 0xb4, 0xb8, 0xf8, 0x01, 0x11, 0x9f, 0xae, 0xc6, 0x3b,
  0x56, 0xc3, 0xb8, 0xc7, 0x29, 0x64, 0x7c, 0x00, 0x00, 0x01, 0x00, 0x56,
  0xfe, 0x96, 0x03, 0x81, 0x03, 0x89, 0x00, 0x1d, 0x00, 0x25, 0x00, 0xb2,
  0x03, 0x01, 0x00, 0x2b, 0xb0, 0x05, 0x33, 0xb4, 0x16, 0x0a, 0x00, 0x1c,
  0x04, 0x2b, 0x01, 0xb0, 0x1e, 0x2f, 0xb0, 0x00, 0xd6, 0xb4, 0x1a, 0x0c,
  0x00, 0x1e, 0x04, 0x2b, 0xb1, 0x1f, 0x01, 0x2b, 0x00, 0x30, 0x31, 0x1b,
  0x01, 0x36, 0x33, 0x24, 0x05, 0x32, 0x17, 0x15, 0x00, 0x03, 0x06, 0x2f,
  0x01, 0x2e, 0x01, 0x37, 0x01, 0x36, 0x26, 0x23, 0x06, 0x25, 0x26, 0x06,
  0x0f, 0x01, 0x06, 0x22, 0x26, 0x56, 0x29, 0x0e, 0x31, 0x01, 0x4c, 0x01,
  0x4a, 0x25, 0x08, 0xfe, 0xdb, 0xd3, 0x0a, 0x15, 0x3f, 0x0e, 0x13, 0x06,
  0x01, 0xd7, 0x04, 0x1e, 0x0f, 0x5a, 0xfe, 0xb3, 0x2b, 0x32, 0x10, 0x1b,
  0x04, 0x1c, 0x19, 0x02, 0x31, 0x01, 0x35, 0x23, 0x0c, 0x0c, 0x10, 0x21,
  0xfd, 0x06, 0xfe, 0x50, 0x1b, 0x03, 0x02, 0x02, 0x16, 0x0e, 0x04, 0x23,
  0x0a, 0x09, 0x06, 0x06, 0x02, 0x29, 0x44, 0x66, 0x06, 0x0a, 0x00, 0x00,
  0x00, 0x03, 0x00, 0x91, 0xff, 0xe3, 0x03, 0x4c, 0x04, 0xe9, 0x00, 0x1a,
  0x00, 0x26, 0x00, 0x32, 0x00, 0x79, 0x00, 0xb2, 0x18, 0x00, 0x00, 0x2b,
  0xb1, 0x1e, 0x03, 0xe9, 0xb0, 0x30, 0x2f, 0xb1, 0x0a, 0x07, 0xe9, 0x01,
  0xb0, 0x33, 0x2f, 0xb0, 0x00, 0xd6, 0xb4, 0x1b, 0x0c, 0x00, 0x2e, 0x04,
  0x2b, 0xb0, 0x1b, 0x10, 0xb0, 0x27, 0x20, 0xd6, 0x11, 0xb1, 0x07, 0x0c,
  0xe9, 0xb0, 0x07, 0x2f, 0xb1, 0x27, 0x0c, 0xe9, 0xb0, 0x1b, 0x10, 0xb1,
  0x2d, 0x01, 0x2b, 0xb1, 0x0d, 0x0c, 0xe9, 0xb0, 0x21, 0x20, 0xd6, 0x11,
  0xb4, 0x15, 0x0c, 0x00, 0x2d, 0x04, 0x2b, 0xb1, 0x34, 0x01, 0x2b, 0xb1,
  0x2d, 0x27, 0x11, 0x12, 0x40, 0x0a, 0x03, 0x05, 0x0a, 0x10, 0x04, 0x12,
  0x18, 0x1e, 0x24, 0x11, 0x24, 0x17, 0x39, 0xb0, 0x0d, 0x11, 0xb0, 0x13,
  0x39, 0x00, 0xb1, 0x30, 0x1e, 0x11, 0x12, 0xb5, 0x00, 0x06, 0x0d, 0x15,
  0x24, 0x29, 0x24, 0x17, 0x39, 0x30, 0x31, 0x13, 0x34, 0x36, 0x37, 0x36,
  0x27, 0x26, 0x27, 0x34, 0x36, 0x33, 0x32, 0x16, 0x15, 0x14, 0x06, 0x07,
  0x06, 0x17, 0x1e, 0x01, 0x15, 0x14, 0x06, 0x23, 0x22, 0x26, 0x37, 0x14,
  0x16, 0x33, 0x32, 0x36, 0x35, 0x34, 0x26, 0x27, 0x0e, 0x01, 0x13, 0x14,
  0x17, 0x36, 0x37, 0x36, 0x35, 0x34, 0x26, 0x23, 0x22, 0x06, 0x91, 0x6d,
  0x68, 0x1b, 0x12, 0xba, 0x01, 0xb4, 0x8e, 0x87, 0xb0, 0x56, 0x68, 0x10,
  0x0e, 0x7d, 0x62, 0xcb, 0x98, 0x93, 0xc5, 0x88, 0x7a, 0x65, 0x56, 0x73,
  0x79, 0x96, 0x56, 0x43, 0x1a, 0xf8, 0x3b, 0x19, 0x2f, 0x6a, 0x58, 0x52,
  0x67, 0x01, 0x1d, 0x6a, 0x8d, 0x42, 0x0e, 0x11, 0x8d, 0xbc, 0x83, 0xa8,
  0x9f, 0x7d, 0x58, 0x83, 0x44, 0x0c, 0x0a, 0x66, 0xa1, 0x66, 0x8d, 0xbb,
  0xb0, 0x8e, 0x77, 0x89, 0x6c, 0x52, 0x5e, 0x9e, 0x67, 0x35, 0x80, 0x02,
  0x79, 0x93, 0xac, 0x21, 0x24, 0x4e, 0x62, 0x71, 0x85, 0x60, 0x00, 0x00,
  0x00, 0x02, 0x00, 0x62, 0xfe, 0x98, 0x03, 0x9e, 0x03, 0xa6, 0x00, 0x17,
  0x00, 0x27, 0x00, 0x69, 0x00, 0xb2, 0x24, 0x01, 0x00, 0x2b, 0xb4, 0x03,
  0x07, 0x00, 0x69, 0x04, 0x2b, 0xb0, 0x0b, 0x2f, 0xb1, 0x0f, 0x03, 0xe9,
  0xb0, 0x15, 0x2f, 0xb1, 0x1b, 0x07, 0xe9, 0x01, 0xb0, 0x28, 0x2f, 0xb0,
  0x00, 0xd6, 0xb1, 0x18, 0x0d, 0xe9, 0xb0, 0x18, 0x10, 0xb1, 0x21, 0x01,
  0x2b, 0xb1, 0x06, 0x0d, 0xe9, 0xb1, 0x29, 0x01, 0x2b, 0xb1, 0x18, 0x00,
  0x11, 0x12, 0xb1, 0x0d, 0x0f, 0x39, 0x39, 0xb0, 0x21, 0x11, 0xb3, 0x10,
  0x03, 0x15, 0x12, 0x24, 0x17, 0x39, 0x00, 0xb1, 0x0f, 0x0b, 0x11, 0x12,
  0xb0, 0x0d, 0x39, 0xb0, 0x15, 0x11, 0xb0, 0x10, 0x39, 0xb0, 0x1b, 0x12,
  0xb0, 0x12, 0x39, 0xb0, 0x24, 0x11, 0xb1, 0x06, 0x00, 0x39, 0x39, 0x30,
  0x31, 0x13, 0x34, 0x36, 0x33, 0x32, 0x12, 0x15, 0x14, 0x02, 0x06, 0x04,
  0x07, 0x06, 0x26, 0x34, 0x37, 0x24, 0x37, 0x36, 0x07, 0x06, 0x07, 0x22,
  0x26, 0x37, 0x14, 0x16, 0x33, 0x32, 0x37, 0x36, 0x37, 0x36, 0x35, 0x34,
  0x26, 0x23, 0x22, 0x07, 0x06, 0x62, 0xe8, 0xae, 0xba, 0xec, 0x7b, 0xdd,
  0xfe, 0xf7, 0xa1, 0x14, 0x1b, 0x10, 0x01, 0x89, 0x85, 0x14, 0x26, 0x52,
  0x37, 0xa8, 0xe6, 0xb2, 0x86, 0x76, 0x48, 0x4c, 0x1d, 0x0c, 0x21, 0x81,
  0x6d, 0x50, 0x3b, 0x60, 0x01, 0xf6, 0xb8, 0xf8, 0xfe, 0xeb, 0xd3, 0xac,
  0xfe, 0xea, 0xbf, 0x7f, 0x26, 0x04, 0x1a, 0x25, 0x06, 0x8d, 0xe8, 0x2f,
  0x0a, 0x14, 0x01, 0xec, 0xca, 0xb6, 0xc8, 0x24, 0x0e, 0x28, 0x7f, 0x8b,
  0xae, 0xc9, 0x32, 0x4c, 0x00, 0x02, 0x00, 0x9c, 0xff, 0xec, 0x01, 0x75,
  0x03, 0x35, 0x00, 0x07, 0x00, 0x11, 0x00, 0x33, 0x00, 0xb2, 0x07, 0x00,
  0x00, 0x2b, 0xb4, 0x03, 0x0a, 0x00, 0x14, 0x04, 0x2b, 0xb0, 0x10, 0x2f,
  0xb4, 0x0b, 0x0a, 0x00, 0x14, 0x04, 0x2b, 0x01, 0xb0, 0x12, 0x2f, 0xb0,
  0x08, 0xd6, 0xb0, 0x00, 0x32, 0xb1, 0x0d, 0x0f, 0xe9, 0xb0, 0x04, 0x32,
  0xb1, 0x05, 0x0f, 0xe9, 0xb1, 0x13, 0x01, 0x2b, 0x00, 0x30, 0x31, 0x36,
  0x34, 0x36, 0x32, 0x16, 0x14, 0x06, 0x22, 0x03, 0x34, 0x36, 0x32, 0x16,
  0x15, 0x14, 0x06, 0x22, 0x26, 0x9c, 0x3d, 0x5e, 0x3e, 0x3e, 0x5e, 0x3d,
  0x3d, 0x5e, 0x3e, 0x3e, 0x5e, 0x3d, 0x27, 0x5a, 0x39, 0x39, 0x5a, 0x3b,
  0x02, 0xe1, 0x2f, 0x39, 0x39, 0x2f, 0x2d, 0x3a, 0x3a, 0x00, 0x00, 0x00,
  0x00, 0x02, 0x00, 0x81, 0xfe, 0xd9, 0x01, 0x87, 0x03, 0x31, 0x00, 0x15,
  0x00, 0x1e, 0x00, 0x58, 0x00, 0xb2, 0x13, 0x00, 0x00, 0x2b, 0xb4, 0x03,
  0x0a, 0x00, 0x14, 0x04, 0x2b, 0xb0, 0x1e, 0x2f, 0xb4, 0x19, 0x0a, 0x00,
  0x14, 0x04, 0x2b, 0x01, 0xb0, 0x1f, 0x2f, 0xb0, 0x0e, 0xd6, 0xb4, 0x06,
  0x0c, 0x00, 0x62, 0x04, 0x2b, 0xb0, 0x06, 0x10, 0xb0, 0x1b, 0x20, 0xd6,
  0x11, 0xb1, 0x17, 0x0f, 0xe9, 0xb0, 0x17, 0x2f, 0xb0, 0x00, 0x33, 0xb1,
  0x1b, 0x0f, 0xe9, 0xb1, 0x20, 0x01, 0x2b, 0xb1, 0x0e, 0x17, 0x11, 0x12,
  0xb4, 0x0c, 0x03, 0x13, 0x19, 0x1d, 0x24, 0x17, 0x39, 0x00, 0xb1, 0x03,
  0x13, 0x11, 0x12, 0xb0, 0x06, 0x39, 0x30, 0x31, 0x37, 0x34, 0x36, 0x33,
  0x32, 0x16, 0x15, 0x14, 0x06, 0x07, 0x06, 0x26, 0x37, 0x36, 0x37, 0x34,
  0x23, 0x22, 0x06, 0x23, 0x22, 0x26, 0x12, 0x34, 0x36, 0x32, 0x16, 0x15,
  0x14, 0x06, 0x22, 0x81, 0x44, 0x2f, 0x3f, 0x54, 0x81, 0x64, 0x10, 0x17,
  0x12, 0x91, 0x01, 0x0f, 0x08, 0x21, 0x08, 0x27, 0x37, 0x02, 0x3e, 0x5e,
  0x3f, 0x3f, 0x5e, 0x4a, 0x2d, 0x3d, 0x5e, 0x4a, 0x60, 0xac, 0x27, 0x06,
  0x35, 0x08, 0x58, 0x67, 0x1d, 0x07, 0x3c, 0x02, 0x7b, 0x5a, 0x3b, 0x39,
  0x2f, 0x2d, 0x3a, 0x00, 0x00, 0x01, 0x00, 0x8f, 0x00, 0xae, 0x05, 0x0a,
  0x04, 0xc1, 0x00, 0x1a, 0x00, 0x00, 0x13, 0x26, 0x37, 0x34, 0x37, 0x00,
  0x25, 0x36, 0x16, 0x1d, 0x01, 0x14, 0x07, 0x00, 0x07, 0x06, 0x17, 0x04,
  0x05, 0x16, 0x07, 0x15, 0x14, 0x27, 0x24, 0x01, 0x26, 0x8f, 0x06, 0x06,
  0x19, 0x02, 0xc3, 0x01, 0x6a, 0x23, 0x12, 0x2d, 0xfd, 0x3f, 0xa1, 0x29,
  0x2d, 0x01, 0xa2, 0x01, 0xcd, 0x1d, 0x01, 0x3f, 0xfe, 0xa8, 0xfd, 0x33,
  0x17, 0x02, 0xa0, 0x12, 0x21, 0x1d, 0x0a, 0x01, 0x39, 0x8e, 0x0e, 0x25,
  0x29, 0x21, 0x1b, 0x14, 0xfe, 0xd5, 0x3f, 0x10, 0x13, 0xb8, 0xb7, 0x0c,
  0x23, 0x2d, 0x42, 0x17, 0x7f, 0x01, 0x48, 0x0a, 0x00, 0x02, 0x00, 0x8b,
  0x01, 0x81, 0x05, 0x0c, 0x03, 0xf6, 0x00, 0x0e, 0x00, 0x22, 0x00, 0x2c,
  0x00, 0xb2, 0x20, 0x01, 0x00, 0x2b, 0xb4, 0x11, 0x0a, 0x00, 0x1e, 0x04,
  0x2b, 0xb0, 0x0c, 0x2f, 0xb4, 0x03, 0x0a, 0x00, 0x1d, 0x04, 0x2b, 0x01,
  0xb0, 0x23, 0x2f, 0xb1, 0x24, 0x01, 0x2b, 0x00, 0xb1, 0x11, 0x20, 0x11,
  0x12, 0xb1, 0x0f, 0x17, 0x39, 0x39, 0x30, 0x31, 0x13, 0x35, 0x34, 0x33,
  0x16, 0x21, 0x32, 0x15, 0x07, 0x0e, 0x01, 0x23, 0x21, 0x22, 0x26, 0x13,
  0x36, 0x33, 0x32, 0x24, 0x37, 0x32, 0x16, 0x15, 0x14, 0x16, 0x15, 0x14,
  0x0e, 0x01, 0x22, 0x23, 0x21, 0x06, 0x27, 0x8b, 0x3a, 0xae, 0x03, 0x72,
  0x27, 0x02, 0x02, 0x10, 0x23, 0xfb, 0xee, 0x1f, 0x19, 0x06, 0x06, 0x25,
  0x21, 0x03, 0x62, 0x98, 0x1f, 0x14, 0x02, 0x02, 0x10, 0x0c, 0x17, 0xfb,
  0xf6, 0x2f, 0x0b, 0x01, 0xac, 0x31, 0x31, 0x04, 0x25, 0x37, 0x1d, 0x10,
  0x10, 0x02, 0x46, 0x19, 0x02, 0x04, 0x25, 0x1d, 0x04, 0x1b, 0x08, 0x0e,
  0x0e, 0x09, 0x06, 0x2d, 0x00, 0x01, 0x00, 0x8d, 0x00, 0xae, 0x05, 0x0a,
  0x04, 0xc1, 0x00, 0x20, 0x00, 0x00, 0x13, 0x34, 0x37, 0x24, 0x25, 0x3e,
  0x01, 0x27, 0x24, 0x25, 0x26, 0x27, 0x26, 0x3d, 0x01, 0x34, 0x36, 0x17,
  0x04, 0x05, 0x16, 0x15, 0x16, 0x07, 0x14, 0x06, 0x07, 0x04, 0x01, 0x06,
  0x27, 0x34, 0x26, 0x8d, 0x1d, 0x02, 0x29, 0x01, 0x39, 0x12, 0x11, 0x12,
  0xfe, 0xbc, 0xfd, 0xe1, 0x25, 0x04, 0x02, 0x1b, 0x19, 0x01, 0xe1, 0x02,
  0x41, 0x23, 0x06, 0x04, 0x0e, 0x1d, 0xfe, 0x7d, 0xfd, 0x71, 0x3d, 0x01,
  0x02, 0x01, 0x06, 0x23, 0x0c, 0xdd, 0x8c, 0x08, 0x16, 0x0b, 0x8b, 0xdf,
  0x0e, 0x0b, 0x08, 0x12, 0x25, 0x29, 0x19, 0x0a, 0xc7, 0xfc, 0x10, 0x1b,
  0x21, 0x12, 0x12, 0x13, 0x0e, 0xae, 0xfe, 0xef, 0x1b, 0x46, 0x08, 0x1f,
  0x00, 0x02, 0x00, 0x56, 0xff, 0xdd, 0x02, 0x96, 0x05, 0x5c, 0x00, 0x21,
  0x00, 0x2c, 0x00, 0x77, 0x00, 0xb2, 0x2b, 0x00, 0x00, 0x2b, 0xb4, 0x25,
  0x0a, 0x00, 0x13, 0x04, 0x2b, 0xb2, 0x02, 0x02, 0x00, 0x2b, 0xb4, 0x1d,
  0x0a, 0x00, 0x16, 0x04, 0x2b, 0xb2, 0x1d, 0x02, 0x0a, 0x2b, 0xb3, 0x00,
  0x1d, 0x20, 0x09, 0x2b, 0x01, 0xb0, 0x2d, 0x2f, 0xb0, 0x15, 0xd6, 0xb0,
  0x22, 0x32, 0xb4, 0x0b, 0x0c, 0x00, 0x40, 0x04, 0x2b, 0xb1, 0x28, 0x0f,
  0xe9, 0xb0, 0x0b, 0x10, 0xb1, 0x1b, 0x01, 0x2b, 0xb4, 0x05, 0x0c, 0x00,
  0x2f, 0x04, 0x2b, 0xb2, 0x1b, 0x05, 0x0a, 0x2b, 0xb3, 0x00, 0x1b, 0x00,
  0x09, 0x2b, 0xb1, 0x2e, 0x01, 0x2b, 0xb1, 0x28, 0x0b, 0x11, 0x12, 0xb4,
  0x09, 0x0e, 0x18, 0x25, 0x2b, 0x24, 0x17, 0x39, 0xb0, 0x1b, 0x11, 0xb0,
  0x19, 0x39, 0x00, 0xb1, 0x1d, 0x25, 0x11, 0x12, 0xb1, 0x05, 0x11, 0x39,
  0x39, 0x30, 0x31, 0x13, 0x34, 0x17, 0x32, 0x16, 0x15, 0x14, 0x07, 0x06,
  0x07, 0x06, 0x15, 0x14, 0x17, 0x16, 0x06, 0x07, 0x06, 0x26, 0x27, 0x26,
  0x35, 0x34, 0x36, 0x37, 0x3e, 0x01, 0x34, 0x26, 0x23, 0x22, 0x06, 0x23,
  0x22, 0x12, 0x34, 0x36, 0x33, 0x32, 0x16, 0x15, 0x14, 0x06, 0x23, 0x22,
  0x56, 0xc5, 0xa8, 0xd3, 0x94, 0x3b, 0x58, 0x56, 0x58, 0x02, 0x09, 0x06,
  0x0c, 0x29, 0x08, 0x6d, 0x4c, 0x5a, 0x87, 0x61, 0x6b, 0x62, 0x1f, 0x66,
  0x1b, 0x85, 0x6f, 0x45, 0x33, 0x35, 0x44, 0x43, 0x36, 0x33, 0x04, 0xec,
  0x71, 0x01, 0xdd, 0xae, 0xcb, 0x64, 0x29, 0x21, 0x1d, 0x39, 0x35, 0x69,
  0x04, 0x0e, 0x02, 0x04, 0x0a, 0x0a, 0x81, 0x65, 0x4a, 0x57, 0x23, 0x31,
  0x65, 0xa4, 0x5a, 0x0f, 0xfb, 0x8e, 0x62, 0x3f, 0x3d, 0x33, 0x31, 0x40,
  0x00, 0x02, 0x00, 0xf6, 0xff, 0x33, 0x06, 0xdf, 0x05, 0x93, 0x00, 0x55,
  0x00, 0x66, 0x01, 0x48, 0x00, 0xb2, 0x3f, 0x02, 0x00, 0x2b, 0xb1, 0x03,
  0x03, 0xe9, 0xb0, 0x53, 0x2f, 0xb1, 0x45, 0x06, 0xe9, 0xb2, 0x45, 0x53,
  0x0a, 0x2b, 0xb3, 0x40, 0x45, 0x4b, 0x09, 0x2b, 0xb0, 0x09, 0x2f, 0xb0,
  0x15, 0x33, 0xb1, 0x36, 0x08, 0xe9, 0xb4, 0x59, 0x0a, 0x00, 0x21, 0x04,
  0x2b, 0xb0, 0x62, 0x2f, 0xb1, 0x1d, 0x07, 0xe9, 0xb0, 0x2c, 0x32, 0x01,
  0xb0, 0x67, 0x2f, 0xb0, 0x00, 0xd6, 0xb4, 0x42, 0x0c, 0x00, 0x51, 0x04,
  0x2b, 0xb0, 0x42, 0x10, 0xb1, 0x18, 0x01, 0x2b, 0xb1, 0x56, 0x0d, 0xe9,
  0xb0, 0x56, 0x10, 0xb1, 0x0b, 0x01, 0x2b, 0xb4, 0x34, 0x0d, 0x00, 0x1a,
  0x04, 0x2b, 0xb0, 0x33, 0x32, 0xb0, 0x34, 0x10, 0xb1, 0x21, 0x01, 0x2b,
  0xb0, 0x22, 0x32, 0xb1, 0x30, 0x0d, 0xe9, 0xb0, 0x31, 0x32, 0xb0, 0x30,
  0x10, 0xb1, 0x3c, 0x01, 0x2b, 0xb4, 0x06, 0x0c, 0x00, 0x2f, 0x04, 0x2b,
  0xb1, 0x68, 0x01, 0x2b, 0xb0, 0x36, 0x1a, 0xba, 0x3d, 0xba, 0xef, 0x17,
  0x00, 0x15, 0x2b, 0x0a, 0x04, 0xb0, 0x33, 0x2e, 0x0e, 0xb0, 0x25, 0x10,
  0xb0, 0x33, 0x10, 0xb1, 0x5d, 0x14, 0xf9, 0x04, 0xb0, 0x25, 0x10, 0xb1,
  0x31, 0x14, 0xf9, 0xb0, 0x5d, 0x10, 0xb3, 0x22, 0x5d, 0x25, 0x13, 0x2b,
  0xba, 0x3d, 0x86, 0xee, 0x5f, 0x00, 0x15, 0x2b, 0x0b, 0xb3, 0x23, 0x5d,
  0x25, 0x13, 0x2b, 0xb3, 0x24, 0x5d, 0x25, 0x13, 0x2b, 0xb0, 0x33, 0x10,
  0xb3, 0x32, 0x33, 0x31, 0x13, 0x2b, 0xb2, 0x23, 0x5d, 0x25, 0x20, 0x8a,
  0x20, 0x8a, 0x23, 0x06, 0x0e, 0x11, 0x12, 0x39, 0xb0, 0x24, 0x39, 0xb2,
  0x32, 0x33, 0x31, 0x11, 0x12, 0x39, 0x00, 0xb7, 0x5d, 0x22, 0x23, 0x24,
  0x25, 0x31, 0x32, 0x33, 0x2e, 0x2e, 0x2e, 0x2e, 0x2e, 0x2e, 0x2e, 0x2e,
  0x01, 0xb4, 0x5d, 0x23, 0x24, 0x25, 0x32, 0x2e, 0x2e, 0x2e, 0x2e, 0x2e,
  0xb0, 0x40, 0x1a, 0x01, 0xb1, 0x0b, 0x56, 0x11, 0x12, 0xb5, 0x03, 0x11,
  0x15, 0x45, 0x53, 0x59, 0x24, 0x17, 0x39, 0xb0, 0x34, 0x11, 0xb4, 0x09,
  0x1d, 0x1f, 0x3f, 0x62, 0x24, 0x17, 0x39, 0xb0, 0x21, 0x12, 0xb0, 0x20,
  0x39, 0x00, 0xb1, 0x62, 0x59, 0x11, 0x12, 0x40, 0x0c, 0x06, 0x0b, 0x00,
  0x12, 0x18, 0x1f, 0x20, 0x0e, 0x3c, 0x42, 0x48, 0x4f, 0x24, 0x17, 0x39,
  0xb0, 0x1d, 0x11, 0xb0, 0x21, 0x39, 0x30, 0x31, 0x13, 0x10, 0x00, 0x21,
  0x20, 0x00, 0x11, 0x14, 0x00, 0x23, 0x22, 0x35, 0x34, 0x37, 0x36, 0x07,
  0x06, 0x07, 0x06, 0x07, 0x06, 0x23, 0x22, 0x26, 0x35, 0x34, 0x12, 0x37,
  0x36, 0x33, 0x32, 0x17, 0x16, 0x37, 0x34, 0x3e, 0x08, 0x33, 0x36, 0x33,
  0x32, 0x17, 0x14, 0x02, 0x06, 0x07, 0x06, 0x37, 0x32, 0x36, 0x37, 0x3e,
  0x01, 0x35, 0x34, 0x00, 0x23, 0x20, 0x00, 0x11, 0x10, 0x00, 0x21, 0x32,
  0x24, 0x37, 0x3e, 0x01, 0x33, 0x32, 0x16, 0x33, 0x16, 0x07, 0x06, 0x00,
  0x21, 0x20, 0x00, 0x25, 0x14, 0x16, 0x33, 0x32, 0x37, 0x36, 0x37, 0x36,
  0x35, 0x34, 0x26, 0x23, 0x22, 0x07, 0x06, 0x02, 0xf6, 0x01, 0xdd, 0x01,
  0x5a, 0x01, 0x19, 0x01, 0x66, 0xfe, 0xd7, 0xc9, 0x8d, 0x02, 0x04, 0x0e,
  0x06, 0x04, 0x1d, 0x3d, 0x6d, 0x62, 0x48, 0x5c, 0x79, 0x62, 0x8b, 0x7d,
  0x5e, 0x29, 0x0c, 0x0d, 0x04, 0x02, 0x02, 0x04, 0x04, 0x04, 0x09, 0x08,
  0x0c, 0x06, 0x12, 0x44, 0x14, 0x01, 0x71, 0x3f, 0x05, 0x04, 0x3c, 0x2d,
  0x73, 0x2d, 0x48, 0x57, 0xfe, 0xc3, 0xf0, 0xfe, 0xcf, 0xfe, 0x56, 0x01,
  0x73, 0x01, 0x25, 0xe7, 0x01, 0x5e, 0x63, 0x08, 0x0c, 0x13, 0x04, 0x0c,
  0x04, 0x10, 0x06, 0x54, 0xfe, 0x69, 0xfe, 0xfa, 0xfe, 0xb8, 0xfe, 0x50,
  0x01, 0xf3, 0x34, 0x25, 0x62, 0x7b, 0x35, 0x21, 0x27, 0x38, 0x2b, 0x44,
  0x43, 0x50, 0x79, 0x02, 0x35, 0x01, 0x6a, 0x01, 0xf4, 0xfe, 0xaf, 0xfe,
  0xf1, 0xfe, 0xfe, 0x8e, 0x85, 0x27, 0x18, 0x14, 0x0c, 0x08, 0x06, 0x23,
  0x39, 0x62, 0x7c, 0x5b, 0x71, 0x01, 0x03, 0x67, 0x8f, 0x48, 0x14, 0x21,
  0x04, 0x0e, 0x06, 0x0b, 0x04, 0x06, 0x04, 0x04, 0x02, 0x02, 0x02, 0x16,
  0x02, 0xfe, 0x99, 0xeb, 0x34, 0x50, 0x01, 0x45, 0x35, 0x58, 0xe6, 0x73,
  0xe5, 0x01, 0x29, 0xfe, 0x27, 0xfe, 0xa8, 0xfe, 0xd3, 0xfe, 0x8b, 0xe7,
  0xe0, 0x12, 0x08, 0x02, 0x04, 0x19, 0xf4, 0xfe, 0xe8, 0x01, 0xb2, 0xcf,
  0x31, 0x41, 0xa3, 0x48, 0x62, 0x7b, 0x46, 0x35, 0x42, 0x4e, 0x60, 0xfe,
  0xf1, 0x00, 0x00, 0x00, 0x00, 0x02, 0x00, 0x19, 0xff, 0xf8, 0x05, 0x88,
  0x05, 0x60, 0x00, 0x56, 0x00, 0x6d, 0x00, 0x55, 0x00, 0xb2, 0x53, 0x00,
  0x00, 0x2b, 0xb0, 0x27, 0x33, 0xb1, 0x02, 0x06, 0xe9, 0xb3, 0x1d, 0x30,
  0x48, 0x4b, 0x24, 0x17, 0x32, 0xb2, 0x11, 0x02, 0x00, 0x2b, 0xb4, 0x3f,
  0x5d, 0x53, 0x11, 0x0d, 0x2b, 0xb4, 0x3f, 0x0a, 0x00, 0x23, 0x04, 0x2b,
  0x01, 0xb0, 0x6e, 0x2f, 0xb1, 0x6f, 0x01, 0x2b, 0x00, 0xb1, 0x02, 0x53,
  0x11, 0x12, 0xb0, 0x22, 0x39, 0xb0, 0x3f, 0x11, 0xb4, 0x1a, 0x1b, 0x3b,
  0x42, 0x4a, 0x24, 0x17, 0x39, 0xb0, 0x5d, 0x12, 0xb0, 0x16, 0x39, 0xb0,
  0x11, 0x11, 0xb1, 0x09, 0x6a, 0x39, 0x39, 0x30, 0x31, 0x37, 0x36, 0x37,
  0x32, 0x37, 0x36, 0x37, 0x36, 0x37, 0x01, 0x27, 0x26, 0x3e, 0x02, 0x3a,
  0x01, 0x3b, 0x01, 0x32, 0x17, 0x1a, 0x01, 0x16, 0x17, 0x16, 0x17, 0x1e,
  0x01, 0x3b, 0x01, 0x32, 0x17, 0x16, 0x14, 0x07, 0x06, 0x23, 0x26, 0x23,
  0x22, 0x07, 0x22, 0x27, 0x26, 0x35, 0x34, 0x36, 0x3b, 0x01, 0x36, 0x37,
  0x36, 0x35, 0x34, 0x27, 0x2e, 0x01, 0x27, 0x2e, 0x01, 0x07, 0x06, 0x22,
  0x27, 0x22, 0x07, 0x06, 0x07, 0x06, 0x15, 0x14, 0x17, 0x32, 0x36, 0x17,
  0x16, 0x15, 0x06, 0x23, 0x26, 0x22, 0x07, 0x23, 0x26, 0x35, 0x34, 0x01,
  0x06, 0x15, 0x14, 0x17, 0x16, 0x32, 0x37, 0x32, 0x37, 0x36, 0x35, 0x34,
  0x27, 0x26, 0x27, 0x26, 0x27, 0x26, 0x23, 0x22, 0x07, 0x06, 0x1d, 0x02,
  0x10, 0x5c, 0x1b, 0x0e, 0x1b, 0x19, 0x08, 0x01, 0x81, 0x0f, 0x02, 0x06,
  0x0d, 0x0e, 0x12, 0x0d, 0x08, 0x06, 0x5c, 0x0f, 0x6a, 0xaa, 0x5e, 0x0d,
  0x14, 0x25, 0x1b, 0x37, 0x43, 0x0f, 0x0c, 0x05, 0x02, 0x02, 0x05, 0x0c,
  0x83, 0x9b, 0x7c, 0x8b, 0x10, 0x07, 0x02, 0x11, 0x14, 0x5e, 0x3f, 0x11,
  0x07, 0x0d, 0x19, 0x5a, 0x18, 0x04, 0x27, 0x0f, 0x35, 0x9c, 0x68, 0x17,
  0x1a, 0x35, 0x4e, 0x10, 0x74, 0x0e, 0x2c, 0x12, 0x0e, 0x04, 0x0a, 0xab,
  0xde, 0x33, 0x17, 0x16, 0x01, 0xfe, 0x01, 0x19, 0x40, 0x7d, 0x3b, 0x0a,
  0x05, 0x03, 0x02, 0x44, 0x39, 0x04, 0x09, 0x02, 0x02, 0x06, 0x03, 0x27,
  0x37, 0x0c, 0x01, 0x1e, 0x10, 0x3e, 0x3d, 0x17, 0x04, 0x17, 0x35, 0x04,
  0x06, 0x04, 0x02, 0x14, 0xfe, 0xe7, 0xfe, 0x40, 0xfa, 0x23, 0x35, 0x6b,
  0x4a, 0x2f, 0x11, 0x08, 0x12, 0x08, 0x12, 0x06, 0x04, 0x10, 0x06, 0x13,
  0x14, 0x0d, 0x02, 0x1a, 0x0b, 0x10, 0x16, 0x21, 0x42, 0xf3, 0x42, 0x0c,
  0x11, 0x02, 0x03, 0x03, 0x23, 0xae, 0xb5, 0x27, 0x1e, 0x35, 0x02, 0x04,
  0x02, 0x02, 0x25, 0x23, 0x03, 0x03, 0x04, 0x1d, 0x0c, 0x02, 0xb0, 0x02,
  0x02, 0x0f, 0x0c, 0x02, 0x02, 0x0a, 0x06, 0x06, 0x05, 0x04, 0xbc, 0xb9,
  0x0a, 0x03, 0x01, 0x08, 0x7f, 0x00, 0x00, 0x00, 0x00, 0x03, 0x00, 0x2b,
  0xff, 0xf7, 0x04, 0xe7, 0x05, 0x48, 0x00, 0x2a, 0x00, 0x41, 0x00, 0x5c,
  0x00, 0x8c, 0x00, 0xb2, 0x25, 0x00, 0x00, 0x2b, 0xb1, 0x2f, 0x08, 0xe9,
  0xb0, 0x02, 0x32, 0xb2, 0x12, 0x02, 0x00, 0x2b, 0xb1, 0x57, 0x07, 0xe9,
  0xb2, 0x0f, 0x02, 0x00, 0x2b, 0xb1, 0x0c, 0x05, 0xe9, 0xb4, 0x48, 0x3d,
  0x25, 0x12, 0x0d, 0x2b, 0xb1, 0x48, 0x03, 0xe9, 0x01, 0xb0, 0x5d, 0x2f,
  0xb0, 0x07, 0xd6, 0xb1, 0x2b, 0x0b, 0xe9, 0xb0, 0x42, 0x32, 0xb2, 0x07,
  0x2b, 0x0a, 0x2b, 0xb3, 0x40, 0x07, 0x01, 0x09, 0x2b, 0xb0, 0x2b, 0x10,
  0xb1, 0x32, 0x01, 0x2b, 0xb1, 0x20, 0x0f, 0xe9, 0xb0, 0x51, 0x20, 0xd6,
  0x11, 0xb1, 0x18, 0x0f, 0xe9, 0xb1, 0x5e, 0x01, 0x2b, 0xb1, 0x51, 0x2b,
  0x11, 0x12, 0xb4, 0x25, 0x28, 0x1c, 0x2f, 0x3a, 0x24, 0x17, 0x39, 0xb0,
  0x32, 0x11, 0xb1, 0x1b, 0x1e, 0x39, 0x39, 0x00, 0xb1, 0x3d, 0x2f, 0x11,
  0x12, 0xb0, 0x20, 0x39, 0xb0, 0x48, 0x11, 0xb1, 0x1b, 0x1e, 0x39, 0x39,
  0xb0, 0x0c, 0x12, 0xb1, 0x18, 0x51, 0x39, 0x39, 0x30, 0x31, 0x16, 0x34,
  0x37, 0x36, 0x17, 0x32, 0x36, 0x35, 0x11, 0x34, 0x26, 0x2b, 0x01, 0x22,
  0x36, 0x3f, 0x01, 0x36, 0x25, 0x32, 0x16, 0x17, 0x1e, 0x01, 0x15, 0x14,
  0x06, 0x07, 0x06, 0x1f, 0x01, 0x16, 0x15, 0x14, 0x06, 0x07, 0x06, 0x23,
  0x22, 0x27, 0x26, 0x20, 0x07, 0x01, 0x14, 0x17, 0x16, 0x33, 0x32, 0x36,
  0x35, 0x34, 0x26, 0x27, 0x2e, 0x01, 0x27, 0x26, 0x27, 0x2a, 0x01, 0x23,
  0x06, 0x23, 0x06, 0x15, 0x35, 0x14, 0x1e, 0x01, 0x33, 0x32, 0x17, 0x3a,
  0x01, 0x33, 0x3e, 0x02, 0x37, 0x36, 0x35, 0x34, 0x27, 0x26, 0x27, 0x26,
  0x23, 0x22, 0x07, 0x0e, 0x01, 0x15, 0x2b, 0x0e, 0x27, 0x0a, 0x85, 0x3e,
  0x35, 0x7d, 0x2f, 0x10, 0x03, 0x0d, 0x12, 0x9a, 0x01, 0xae, 0x7f, 0x73,
  0x4d, 0x52, 0x61, 0x6b, 0x5a, 0x10, 0x14, 0x29, 0xe7, 0xb4, 0x85, 0x6d,
  0x77, 0x18, 0x18, 0xa2, 0xfe, 0xd0, 0x8d, 0x01, 0xb9, 0x0a, 0x17, 0xc8,
  0x85, 0xaa, 0x54, 0x49, 0x1f, 0x40, 0x26, 0x24, 0x18, 0x0c, 0x24, 0x18,
  0x30, 0x15, 0x2d, 0x0c, 0x0a, 0x02, 0x0e, 0x30, 0x18, 0x24, 0x0c, 0x1a,
  0x50, 0x3f, 0x1b, 0x6d, 0x5b, 0x42, 0x63, 0x29, 0x26, 0x35, 0x2f, 0x08,
  0x14, 0x06, 0x43, 0x05, 0x06, 0x04, 0x3f, 0x8d, 0x03, 0x0f, 0x96, 0x3b,
  0x43, 0x02, 0x02, 0x10, 0x01, 0x17, 0x23, 0x27, 0x8d, 0x54, 0x58, 0x8b,
  0x21, 0x06, 0x0a, 0x15, 0x70, 0xd5, 0x8d, 0xe4, 0x1b, 0x15, 0x01, 0x03,
  0x03, 0x01, 0x70, 0x6d, 0x36, 0x79, 0xb8, 0x87, 0x56, 0x94, 0x2b, 0x12,
  0x17, 0x03, 0x03, 0x01, 0x01, 0x08, 0x23, 0x99, 0x0e, 0x14, 0x07, 0x02,
  0x01, 0x06, 0x0e, 0x0c, 0x2d, 0x9a, 0x83, 0x4e, 0x35, 0x0a, 0x04, 0x08,
  0x02, 0x18, 0x0d, 0x00, 0x00, 0x01, 0x00, 0x73, 0xff, 0xd9, 0x05, 0x98,
  0x05, 0x52, 0x00, 0x34, 0x00, 0x6c, 0x00, 0xb2, 0x32, 0x00, 0x00, 0x2b,
  0xb1, 0x21, 0x08, 0xe9, 0xb2, 0x03, 0x02, 0x00, 0x2b, 0xb1, 0x1b, 0x04,
  0xe9, 0x01, 0xb0, 0x35, 0x2f, 0xb0, 0x00, 0xd6, 0xb1, 0x1e, 0x0f, 0xe9,
  0xb0, 0x1e, 0x10, 0xb1, 0x18, 0x01, 0x2b, 0xb4, 0x15, 0x0c, 0x00, 0x1e,
  0x04, 0x2b, 0xb1, 0x36, 0x01, 0x2b, 0xb1, 0x18, 0x1e, 0x11, 0x12, 0xb4,
  0x09, 0x03, 0x21, 0x2c, 0x32, 0x24, 0x17, 0x39, 0xb0, 0x15, 0x11, 0xb2,
  0x0b, 0x0a, 0x26, 0x39, 0x39, 0x39, 0x00, 0xb1, 0x21, 0x32, 0x11, 0x12,
  0xb1, 0x2c, 0x2e, 0x39, 0x39, 0xb0, 0x1b, 0x11, 0xb4, 0x00, 0x0e, 0x17,
  0x07, 0x27, 0x24, 0x17, 0x39, 0xb0, 0x03, 0x12, 0xb3, 0x05, 0x09, 0x0a,
  0x0b, 0x24, 0x17, 0x39, 0x30, 0x31, 0x13, 0x10, 0x00, 0x21, 0x32, 0x17,
  0x16, 0x33, 0x32, 0x37, 0x36, 0x32, 0x17, 0x16, 0x15, 0x14, 0x07, 0x14,
  0x07, 0x06, 0x14, 0x17, 0x0e, 0x01, 0x27, 0x2e, 0x01, 0x23, 0x22, 0x00,
  0x11, 0x10, 0x00, 0x33, 0x32, 0x37, 0x3e, 0x01, 0x37, 0x36, 0x17, 0x16,
  0x07, 0x06, 0x07, 0x26, 0x23, 0x22, 0x07, 0x06, 0x23, 0x20, 0x00, 0x73,
  0x01, 0xa1, 0x01, 0x50, 0x93, 0xbd, 0x27, 0x1a, 0x16, 0x0e, 0x08, 0x27,
  0x02, 0x15, 0x01, 0x02, 0x01, 0x01, 0x04, 0x31, 0x08, 0x35, 0xdc, 0x9d,
  0xf8, 0xfe, 0xdd, 0x01, 0x40, 0xf7, 0xb6, 0x98, 0x29, 0x2b, 0x27, 0x04,
  0x27, 0x19, 0x02, 0x31, 0x5f, 0x1b, 0x14, 0x3d, 0x63, 0x58, 0x93, 0xfe,
  0xbc, 0xfe, 0x69, 0x02, 0x89, 0x01, 0x3b, 0x01, 0x8e, 0x46, 0x0f, 0x0b,
  0x06, 0x08, 0x57, 0x46, 0x0e, 0x0d, 0x12, 0x2a, 0x15, 0x21, 0x0b, 0x12,
  0x0b, 0x0d, 0x9a, 0xab, 0xfe, 0xbd, 0xfe, 0xf1, 0xfe, 0xe9, 0xfe, 0x90,
  0x87, 0x25, 0x39, 0x46, 0x12, 0x04, 0x04, 0x0c, 0xaa, 0x9e, 0x06, 0x1e,
  0x1d, 0x01, 0x85, 0x00, 0x00, 0x02, 0x00, 0x19, 0xff, 0xf8, 0x05, 0xc5,
  0x05, 0x46, 0x00, 0x2c, 0x00, 0x3f, 0x00, 0x69, 0x00, 0xb2, 0x0f, 0x00,
  0x00, 0x2b, 0xb1, 0x30, 0x03, 0xe9, 0xb1, 0x16, 0x19, 0x32, 0x32, 0xb2,
  0x05, 0x02, 0x00, 0x2b, 0xb1, 0x3b, 0x05, 0xe9, 0xb2, 0x03, 0x02, 0x00,
  0x2b, 0xb1, 0x28, 0x03, 0xe9, 0x01, 0xb0, 0x40, 0x2f, 0xb0, 0x24, 0xd6,
  0xb1, 0x2d, 0x0b, 0xe9, 0xb2, 0x24, 0x2d, 0x0a, 0x2b, 0xb3, 0x40, 0x24,
  0x00, 0x09, 0x2b, 0xb0, 0x2d, 0x10, 0xb1, 0x33, 0x01, 0x2b, 0xb1, 0x0a,
  0x0f, 0xe9, 0xb1, 0x41, 0x01, 0x2b, 0xb1, 0x33, 0x2d, 0x11, 0x12, 0xb0,
  0x0f, 0x39, 0x00, 0xb1, 0x30, 0x0f, 0x11, 0x12, 0xb0, 0x14, 0x39, 0xb0,
  0x28, 0x11, 0xb1, 0x0a, 0x33, 0x39, 0x39, 0xb1, 0x03, 0x3b, 0x11, 0x12,
  0xb0, 0x2b, 0x39, 0x30, 0x31, 0x13, 0x36, 0x3f, 0x01, 0x24, 0x37, 0x32,
  0x04, 0x17, 0x16, 0x11, 0x14, 0x00, 0x07, 0x06, 0x23, 0x05, 0x22, 0x27,
  0x26, 0x35, 0x34, 0x37, 0x3e, 0x01, 0x33, 0x3e, 0x07, 0x3c, 0x01, 0x35,
  0x11, 0x34, 0x26, 0x2b, 0x01, 0x22, 0x35, 0x34, 0x01, 0x14, 0x16, 0x33,
  0x20, 0x00, 0x11, 0x34, 0x02, 0x27, 0x2e, 0x01, 0x27, 0x26, 0x23, 0x22,
  0x07, 0x06, 0x15, 0x19, 0x02, 0x0e, 0x0e, 0x01, 0x96, 0xc4, 0xc9, 0x01,
  0x06, 0x6d, 0xf8, 0xfe, 0xe7, 0xdf, 0x96, 0xfe, 0xfe, 0x15, 0x27, 0x06,
  0x07, 0x17, 0x0e, 0x36, 0x08, 0x12, 0x1d, 0x17, 0x10, 0x0a, 0x08, 0x04,
  0x03, 0x34, 0x7d, 0x12, 0x10, 0x01, 0x99, 0x40, 0x60, 0x01, 0x31, 0x01,
  0x64, 0x70, 0x63, 0x44, 0x8c, 0x79, 0x44, 0x4b, 0x2d, 0x30, 0x2d, 0x05,
  0x10, 0x1e, 0x03, 0x04, 0x10, 0x01, 0x44, 0x4e, 0xb2, 0xfe, 0xc3, 0xe7,
  0xfe, 0x86, 0x3f, 0x2b, 0x02, 0x12, 0x11, 0x0c, 0x16, 0x09, 0x02, 0x02,
  0x02, 0x08, 0x0a, 0x17, 0x0c, 0x21, 0x0c, 0x29, 0x0a, 0x2d, 0x04, 0x03,
  0x0d, 0x89, 0x4a, 0x19, 0x02, 0xfb, 0xc4, 0x50, 0x44, 0x01, 0x2e, 0x01,
  0x39, 0x98, 0x00, 0xff, 0x4c, 0x35, 0x32, 0x0c, 0x06, 0x02, 0x04, 0x2b,
  0x00, 0x01, 0x00, 0x30, 0xff, 0xfa, 0x04, 0xa2, 0x05, 0x35, 0x00, 0x62,
  0x00, 0xb1, 0x00, 0xb2, 0x5d, 0x00, 0x00, 0x2b, 0xb1, 0x02, 0x04, 0xe9,
  0xb1, 0x4b, 0x09, 0xe9, 0xb2, 0x18, 0x02, 0x00, 0x2b, 0xb1, 0x2a, 0x09,
  0xe9, 0xb2, 0x16, 0x02, 0x00, 0x2b, 0xb0, 0x19, 0x33, 0xb1, 0x0a, 0x05,
  0xe9, 0xb4, 0x31, 0x45, 0x5d, 0x18, 0x0d, 0x2b, 0xb1, 0x31, 0x09, 0xe9,
  0x01, 0xb0, 0x63, 0x2f, 0xb0, 0x06, 0xd6, 0xb1, 0x48, 0x0b, 0xe9, 0xb0,
  0x2d, 0x32, 0xb2, 0x06, 0x48, 0x0a, 0x2b, 0xb3, 0x40, 0x06, 0x61, 0x09,
  0x2b, 0xb0, 0x48, 0x10, 0xb1, 0x41, 0x01, 0x2b, 0xb0, 0x35, 0x32, 0xb4,
  0x3d, 0x0c, 0x00, 0x1e, 0x04, 0x2b, 0xb0, 0x3d, 0x10, 0xb1, 0x23, 0x01,
  0x2b, 0xb4, 0x1f, 0x0c, 0x00, 0x1e, 0x04, 0x2b, 0xb0, 0x1f, 0x10, 0xb1,
  0x51, 0x01, 0x2b, 0xb4, 0x55, 0x0c, 0x00, 0x1e, 0x04, 0x2b, 0xb1, 0x64,
  0x01, 0x2b, 0xb1, 0x41, 0x48, 0x11, 0x12, 0xb1, 0x18, 0x28, 0x39, 0x39,
  0xb0, 0x3d, 0x11, 0xb0, 0x24, 0x39, 0xb1, 0x1f, 0x23, 0x11, 0x12, 0xb2,
  0x1a, 0x1b, 0x5b, 0x39, 0x39, 0x39, 0x00, 0xb1, 0x45, 0x4b, 0x11, 0x12,
  0xb3, 0x3f, 0x40, 0x54, 0x55, 0x24, 0x17, 0x39, 0xb1, 0x2a, 0x31, 0x11,
  0x12, 0xb3, 0x1e, 0x20, 0x36, 0x3b, 0x24, 0x17, 0x39, 0x30, 0x31, 0x37,
  0x3e, 0x01, 0x33, 0x3e, 0x01, 0x35, 0x11, 0x34, 0x26, 0x23, 0x2a, 0x03,
  0x2e, 0x02, 0x27, 0x26, 0x37, 0x36, 0x33, 0x24, 0x20, 0x17, 0x32, 0x07,
  0x1e, 0x02, 0x17, 0x06, 0x27, 0x26, 0x27, 0x2e, 0x01, 0x27, 0x26, 0x23,
  0x22, 0x07, 0x22, 0x06, 0x15, 0x11, 0x14, 0x16, 0x3b, 0x01, 0x32, 0x36,
  0x37, 0x36, 0x17, 0x16, 0x17, 0x16, 0x15, 0x14, 0x07, 0x14, 0x07, 0x06,
  0x27, 0x2e, 0x01, 0x2f, 0x01, 0x06, 0x15, 0x11, 0x14, 0x16, 0x3b, 0x01,
  0x32, 0x36, 0x37, 0x36, 0x37, 0x36, 0x37, 0x36, 0x17, 0x14, 0x0e, 0x01,
  0x07, 0x06, 0x23, 0x20, 0x05, 0x26, 0x27, 0x26, 0x35, 0x34, 0x32, 0x05,
  0x1d, 0x4a, 0x64, 0x33, 0x33, 0x6c, 0x04, 0x0b, 0x08, 0x0a, 0x06, 0x09,
  0x08, 0x02, 0x06, 0x0e, 0x06, 0x1d, 0x01, 0x4f, 0x01, 0xc9, 0x7a, 0x27,
  0x01, 0x08, 0x07, 0x02, 0x02, 0x04, 0x2d, 0x0e, 0x01, 0x14, 0x4a, 0x7f,
  0x76, 0x4b, 0x32, 0x1f, 0x0c, 0x1b, 0x12, 0x0b, 0xf1, 0x79, 0x35, 0x0f,
  0x04, 0x29, 0x0a, 0x06, 0x02, 0x04, 0x19, 0x23, 0x01, 0x10, 0x38, 0x79,
  0xeb, 0x1d, 0x2b, 0x6f, 0xa3, 0x73, 0x50, 0x1b, 0x31, 0x1a, 0x04, 0x11,
  0x25, 0x06, 0x0c, 0x0f, 0x02, 0x04, 0x4e, 0xfd, 0x27, 0xfe, 0xf2, 0x14,
  0x05, 0x03, 0x2d, 0x17, 0x04, 0x04, 0x43, 0x83, 0x03, 0x0b, 0x83, 0x4c,
  0x02, 0x04, 0x08, 0x04, 0x0c, 0x1f, 0x0a, 0x02, 0x02, 0x14, 0x42, 0x6e,
  0x58, 0x11, 0x14, 0x0e, 0x02, 0x15, 0x7d, 0x3f, 0x02, 0x04, 0x02, 0x21,
  0x0c, 0xfe, 0x62, 0x10, 0x1b, 0x29, 0x6f, 0x0e, 0x04, 0x02, 0x1d, 0x28,
  0x42, 0x63, 0x9f, 0x1b, 0x02, 0x04, 0x0e, 0x6a, 0x2c, 0x02, 0x02, 0x08,
  0x19, 0xfe, 0xa8, 0x77, 0x2f, 0x13, 0x1e, 0x3b, 0x6b, 0x12, 0x05, 0x04,
  0x0c, 0x42, 0x75, 0x6c, 0x0a, 0x1d, 0x02, 0x04, 0x0a, 0x08, 0x0a, 0x09,
  0x00, 0x01, 0x00, 0x51, 0xff, 0xfa, 0x03, 0xfe, 0x05, 0x34, 0x00, 0x51,
  0x00, 0xc3, 0x00, 0xb2, 0x4b, 0x00, 0x00, 0x2b, 0xb1, 0x42, 0x05, 0xe9,
  0xb0, 0x02, 0x32, 0xb2, 0x12, 0x02, 0x00, 0x2b, 0xb1, 0x1e, 0x09, 0xe9,
  0xb2, 0x12, 0x02, 0x00, 0x2b, 0xb1, 0x09, 0x03, 0xe9, 0xb2, 0x1e, 0x12,
  0x0a, 0x2b, 0xb3, 0x40, 0x1e, 0x19, 0x09, 0x2b, 0xb4, 0x24, 0x3c, 0x4b,
  0x12, 0x0d, 0x2b, 0xb1, 0x24, 0x09, 0xe9, 0xb2, 0x3c, 0x24, 0x0a, 0x2b,
  0xb3, 0x40, 0x3c, 0x32, 0x09, 0x2b, 0x01, 0xb0, 0x52, 0x2f, 0xb0, 0x05,
  0xd6, 0xb1, 0x3f, 0x0b, 0xe9, 0xb0, 0x20, 0x32, 0xb2, 0x3f, 0x05, 0x0a,
  0x2b, 0xb3, 0x40, 0x3f, 0x45, 0x09, 0x2b, 0xb2, 0x05, 0x3f, 0x0a, 0x2b,
  0xb3, 0x40, 0x05, 0x50, 0x09, 0x2b, 0xb0, 0x3f, 0x10, 0xb1, 0x33, 0x01,
  0x2b, 0xb0, 0x2b, 0x32, 0xb4, 0x30, 0x0c, 0x00, 0x1e, 0x04, 0x2b, 0xb3,
  0x1a, 0x30, 0x33, 0x08, 0x2b, 0xb4, 0x17, 0x0c, 0x00, 0x1e, 0x04, 0x2b,
  0xb1, 0x53, 0x01, 0x2b, 0xb1, 0x33, 0x3f, 0x11, 0x12, 0xb1, 0x25, 0x4c,
  0x39, 0x39, 0xb0, 0x1a, 0x11, 0xb0, 0x32, 0x39, 0xb0, 0x30, 0x12, 0xb1,
  0x19, 0x31, 0x39, 0x39, 0xb0, 0x17, 0x11, 0xb0, 0x18, 0x39, 0x00, 0xb1,
  0x3c, 0x42, 0x11, 0x12, 0xb0, 0x30, 0x39, 0xb1, 0x1e, 0x4b, 0x11, 0x12,
  0xb2, 0x17, 0x2e, 0x45, 0x39, 0x39, 0x39, 0xb1, 0x12, 0x09, 0x11, 0x12,
  0xb0, 0x0c, 0x39, 0x30, 0x31, 0x37, 0x36, 0x37, 0x3e, 0x01, 0x35, 0x11,
  0x34, 0x26, 0x27, 0x2e, 0x01, 0x34, 0x36, 0x37, 0x36, 0x37, 0x32, 0x17,
  0x21, 0x32, 0x16, 0x0f, 0x01, 0x06, 0x22, 0x27, 0x2e, 0x01, 0x2b, 0x01,
  0x22, 0x07, 0x03, 0x14, 0x16, 0x17, 0x16, 0x32, 0x36, 0x33, 0x3e, 0x01,
  0x37, 0x36, 0x37, 0x36, 0x17, 0x11, 0x06, 0x22, 0x27, 0x26, 0x27, 0x26,
  0x23, 0x22, 0x23, 0x06, 0x22, 0x27, 0x06, 0x07, 0x11, 0x14, 0x16, 0x3b,
  0x01, 0x16, 0x15, 0x14, 0x07, 0x06, 0x27, 0x22, 0x23, 0x26, 0x20, 0x07,
  0x22, 0x35, 0x36, 0x52, 0x02, 0x10, 0x58, 0x3a, 0x40, 0x54, 0x04, 0x08,
  0x02, 0x05, 0x04, 0x05, 0x02, 0x02, 0x03, 0x73, 0x0c, 0x17, 0x02, 0x06,
  0x0c, 0x1e, 0x14, 0x04, 0x4e, 0x8f, 0xf8, 0x1b, 0x08, 0x02, 0x15, 0x08,
  0x27, 0x58, 0x6b, 0x1c, 0x73, 0x3d, 0x09, 0x02, 0x18, 0x1f, 0x02, 0x04,
  0x33, 0x02, 0x0a, 0x21, 0x1f, 0x68, 0x08, 0x09, 0x3a, 0x76, 0x3b, 0x2d,
  0x01, 0x40, 0x5a, 0x15, 0x10, 0x04, 0x03, 0x07, 0x01, 0x01, 0xab, 0xfe,
  0xfe, 0x58, 0x17, 0x01, 0x1a, 0x20, 0x03, 0x04, 0x38, 0x52, 0x03, 0x99,
  0x52, 0x3a, 0x04, 0x02, 0x0e, 0x13, 0x12, 0x06, 0x04, 0x01, 0x01, 0x19,
  0x0a, 0xe1, 0x07, 0x07, 0x68, 0x3a, 0x21, 0xfe, 0x6f, 0x0c, 0x17, 0x02,
  0x02, 0x02, 0x02, 0x21, 0x49, 0x14, 0x05, 0x04, 0x14, 0xfe, 0x91, 0x0c,
  0x0c, 0x64, 0x1a, 0x18, 0x02, 0x02, 0x04, 0x25, 0xfe, 0x5e, 0x52, 0x3a,
  0x04, 0x20, 0x0f, 0x0a, 0x09, 0x01, 0x02, 0x02, 0x1a, 0x03, 0x00, 0x00,
  0x00, 0x01, 0x00, 0x75, 0xff, 0xd9, 0x05, 0xd9, 0x05, 0x56, 0x00, 0x43,
  0x00, 0x97, 0x00, 0xb2, 0x41, 0x00, 0x00, 0x2b, 0xb1, 0x1c, 0x04, 0xe9,
  0xb2, 0x06, 0x02, 0x00, 0x2b, 0xb1, 0x16, 0x06, 0xe9, 0xb4, 0x27, 0x2c,
  0x41, 0x06, 0x0d, 0x2b, 0xb1, 0x27, 0x06, 0xe9, 0xb0, 0x36, 0x32, 0x01,
  0xb0, 0x44, 0x2f, 0xb0, 0x00, 0xd6, 0xb1, 0x19, 0x0f, 0xe9, 0xb0, 0x19,
  0x10, 0xb1, 0x20, 0x01, 0x2b, 0xb1, 0x3c, 0x0b, 0xe9, 0xb0, 0x11, 0x32,
  0xb2, 0x3c, 0x20, 0x0a, 0x2b, 0xb3, 0x40, 0x3c, 0x31, 0x09, 0x2b, 0xb0,
  0x3c, 0x10, 0xb4, 0x14, 0x0c, 0x00, 0x1e, 0x04, 0x2b, 0xb0, 0x14, 0x2f,
  0xb1, 0x45, 0x01, 0x2b, 0xb1, 0x20, 0x19, 0x11, 0x12, 0xb4, 0x16, 0x06,
  0x2a, 0x2d, 0x41, 0x24, 0x17, 0x39, 0xb0, 0x14, 0x11, 0xb1, 0x09, 0x08,
  0x39, 0x39, 0xb0, 0x3c, 0x12, 0xb1, 0x0c, 0x2e, 0x39, 0x39, 0x00, 0xb1,
  0x27, 0x1c, 0x11, 0x12, 0xb1, 0x3a, 0x3c, 0x39, 0x39, 0xb1, 0x16, 0x2c,
  0x11, 0x12, 0xb4, 0x0a, 0x10, 0x00, 0x13, 0x19, 0x24, 0x17, 0x39, 0xb0,
  0x06, 0x11, 0xb1, 0x0d, 0x0f, 0x39, 0x39, 0x30, 0x31, 0x13, 0x34, 0x12,
  0x37, 0x3e, 0x01, 0x33, 0x32, 0x17, 0x16, 0x17, 0x32, 0x37, 0x36, 0x17,
  0x16, 0x14, 0x07, 0x0e, 0x01, 0x27, 0x02, 0x21, 0x22, 0x00, 0x11, 0x10,
  0x00, 0x33, 0x32, 0x37, 0x36, 0x35, 0x34, 0x26, 0x34, 0x37, 0x34, 0x26,
  0x2f, 0x01, 0x22, 0x26, 0x36, 0x37, 0x16, 0x20, 0x37, 0x32, 0x15, 0x14,
  0x07, 0x0e, 0x01, 0x27, 0x0e, 0x01, 0x07, 0x06, 0x14, 0x17, 0x14, 0x07,
  0x06, 0x04, 0x23, 0x20, 0x00, 0x75, 0x7b, 0x6e, 0x6a, 0xe8, 0xa0, 0x83,
  0xcf, 0x2d, 0x12, 0x19, 0x10, 0x10, 0x1f, 0x07, 0x07, 0x02, 0x3d, 0x02,
  0x44, 0xfe, 0xbd, 0xfe, 0xfe, 0xe1, 0x01, 0x1b, 0xe9, 0x7d, 0x8d, 0x19,
  0x02, 0x02, 0x42, 0x5c, 0x50, 0x0a, 0x0c, 0x08, 0x0e, 0x65, 0x01, 0x1c,
  0xb5, 0x16, 0x02, 0x02, 0x0c, 0x06, 0x4a, 0x35, 0x02, 0x02, 0x02, 0x13,
  0x6a, 0xfe, 0xd1, 0x7f, 0xfe, 0xd7, 0xfe, 0x87, 0x02, 0x7f, 0x98, 0x01,
  0x1a, 0x67, 0x64, 0x5a, 0x3d, 0x0c, 0x01, 0x11, 0x04, 0x04, 0x02, 0xb1,
  0xb0, 0x12, 0x02, 0x10, 0x01, 0x56, 0xfe, 0xaa, 0xfe, 0xd7, 0xfe, 0xee,
  0xfe, 0xac, 0x3f, 0x0a, 0x3a, 0x0e, 0x5c, 0x4e, 0x17, 0x52, 0x33, 0x04,
  0x02, 0x23, 0x23, 0x02, 0x03, 0x03, 0x15, 0x06, 0x08, 0x0c, 0x17, 0x02,
  0x02, 0x3d, 0x4e, 0x37, 0x76, 0x3d, 0x2f, 0x08, 0x37, 0x4a, 0x01, 0x7f,
  0x00, 0x01, 0x00, 0x30, 0xff, 0xfa, 0x06, 0x29, 0x05, 0x3a, 0x00, 0x6e,
  0x00, 0x97, 0x00, 0xb2, 0x6d, 0x00, 0x00, 0x2b, 0xb0, 0x4f, 0x33, 0xb1,
  0x06, 0x06, 0xe9, 0xb2, 0x48, 0x55, 0x66, 0x32, 0x32, 0x32, 0xb2, 0x11,
  0x02, 0x00, 0x2b, 0xb1, 0x32, 0x39, 0x33, 0x33, 0xb1, 0x0d, 0x03, 0xe9,
  0xb2, 0x1a, 0x2b, 0x3e, 0x32, 0x32, 0x32, 0xb4, 0x21, 0x5f, 0x6d, 0x11,
  0x0d, 0x2b, 0xb1, 0x21, 0x09, 0xe9, 0x01, 0xb0, 0x6f, 0x2f, 0xb0, 0x09,
  0xd6, 0xb1, 0x63, 0x0b, 0xe9, 0xb0, 0x1d, 0x32, 0xb2, 0x09, 0x63, 0x0a,
  0x2b, 0xb3, 0x40, 0x09, 0x02, 0x09, 0x2b, 0xb0, 0x63, 0x10, 0xb1, 0x59,
  0x01, 0x2b, 0xb0, 0x27, 0x32, 0xb1, 0x45, 0x0b, 0xe9, 0xb2, 0x45, 0x59,
  0x0a, 0x2b, 0xb3, 0x40, 0x45, 0x4c, 0x09, 0x2b, 0xb1, 0x70, 0x01, 0x2b,
  0xb1, 0x59, 0x63, 0x11, 0x12, 0xb6, 0x13, 0x17, 0x2e, 0x34, 0x53, 0x6a,
  0x6c, 0x24, 0x17, 0x39, 0x00, 0xb1, 0x5f, 0x06, 0x11, 0x12, 0xb0, 0x45,
  0x39, 0xb0, 0x21, 0x11, 0xb0, 0x43, 0x39, 0xb0, 0x0d, 0x12, 0xb0, 0x42,
  0x39, 0xb0, 0x11, 0x11, 0xb0, 0x2e, 0x39, 0x30, 0x31, 0x37, 0x26, 0x35,
  0x34, 0x37, 0x36, 0x33, 0x3e, 0x01, 0x35, 0x11, 0x34, 0x26, 0x27, 0x2e,
  0x01, 0x36, 0x33, 0x16, 0x32, 0x37, 0x32, 0x17, 0x16, 0x07, 0x06, 0x07,
  0x22, 0x06, 0x15, 0x11, 0x14, 0x16, 0x33, 0x16, 0x20, 0x37, 0x32, 0x36,
  0x35, 0x11, 0x34, 0x26, 0x2b, 0x01, 0x26, 0x35, 0x34, 0x37, 0x36, 0x33,
  0x36, 0x33, 0x32, 0x04, 0x33, 0x32, 0x37, 0x36, 0x16, 0x07, 0x06, 0x23,
  0x0e, 0x01, 0x07, 0x06, 0x10, 0x12, 0x15, 0x14, 0x16, 0x33, 0x16, 0x17,
  0x16, 0x14, 0x07, 0x06, 0x23, 0x21, 0x22, 0x27, 0x26, 0x36, 0x3b, 0x01,
  0x32, 0x36, 0x35, 0x11, 0x26, 0x23, 0x06, 0x20, 0x27, 0x22, 0x06, 0x15,
  0x11, 0x14, 0x16, 0x3b, 0x02, 0x36, 0x16, 0x06, 0x07, 0x21, 0x22, 0x35,
  0x05, 0x0f, 0x0a, 0x2a, 0x48, 0x35, 0x3c, 0x50, 0x08, 0x06, 0x08, 0x0a,
  0x83, 0xf7, 0x74, 0x08, 0x0c, 0x0a, 0x07, 0x02, 0x17, 0x58, 0x44, 0x13,
  0x12, 0x86, 0x01, 0x3d, 0xb6, 0x10, 0x2d, 0x43, 0x5a, 0x29, 0x14, 0x05,
  0x08, 0x1d, 0x16, 0x1f, 0x4d, 0x01, 0x0f, 0x45, 0x1c, 0x10, 0x14, 0x11,
  0x0a, 0x04, 0x19, 0x4c, 0x39, 0x02, 0x04, 0x04, 0x44, 0x58, 0x27, 0x06,
  0x04, 0x03, 0x07, 0x13, 0xfd, 0xbb, 0x19, 0x02, 0x06, 0x0e, 0x11, 0x31,
  0x54, 0x49, 0x04, 0x22, 0x90, 0xfe, 0xb7, 0xb7, 0x0a, 0x1b, 0x3c, 0x56,
  0x0a, 0x0a, 0x0e, 0x11, 0x0c, 0x13, 0xfd, 0xf8, 0x1b, 0x08, 0x0f, 0x0c,
  0x14, 0x0b, 0x02, 0x04, 0x39, 0x4a, 0x03, 0x99, 0x50, 0x3a, 0x04, 0x04,
  0x21, 0x1c, 0x06, 0x06, 0x08, 0x0a, 0x23, 0x0a, 0x02, 0x42, 0x4c, 0xfe,
  0x8a, 0x0a, 0x15, 0x03, 0x03, 0x14, 0x0d, 0x01, 0x74, 0x4c, 0x42, 0x04,
  0x16, 0x0b, 0x10, 0x12, 0x01, 0x08, 0x01, 0x02, 0x2b, 0x10, 0x0a, 0x06,
  0x3c, 0x4a, 0x8b, 0xfe, 0x9e, 0xfe, 0x89, 0x35, 0x4a, 0x3d, 0x01, 0x10,
  0x09, 0x12, 0x0a, 0x14, 0x12, 0x12, 0x24, 0x3d, 0x4c, 0x01, 0x7f, 0x25,
  0x06, 0x06, 0x1d, 0x17, 0xfe, 0x90, 0x50, 0x37, 0x02, 0x23, 0x27, 0x02,
  0x00, 0x01, 0x00, 0x6a, 0xff, 0xfa, 0x02, 0x90, 0x05, 0x35, 0x00, 0x35,
  0x00, 0x63, 0x00, 0xb2, 0x34, 0x00, 0x00, 0x2b, 0xb1, 0x02, 0x05, 0xe9,
  0xb0, 0x27, 0x32, 0xb2, 0x11, 0x02, 0x00, 0x2b, 0xb1, 0x0b, 0x03, 0xe9,
  0xb0, 0x1d, 0x32, 0x01, 0xb0, 0x36, 0x2f, 0xb0, 0x06, 0xd6, 0xb1, 0x24,
  0x0b, 0xe9, 0xb2, 0x24, 0x06, 0x0a, 0x2b, 0xb3, 0x40, 0x24, 0x2d, 0x09,
  0x2b, 0xb0, 0x1b, 0x32, 0xb2, 0x06, 0x24, 0x0a, 0x2b, 0xb3, 0x40, 0x06,
  0x00, 0x09, 0x2b, 0xb0, 0x0d, 0x32, 0xb1, 0x37, 0x01, 0x2b, 0xb1, 0x24,
  0x06, 0x11, 0x12, 0xb2, 0x13, 0x15, 0x33, 0x39, 0x39, 0x39, 0x00, 0xb1,
  0x02, 0x34, 0x11, 0x12, 0xb1, 0x00, 0x2d, 0x39, 0x39, 0xb0, 0x0b, 0x11,
  0xb0, 0x01, 0x39, 0x30, 0x31, 0x37, 0x34, 0x17, 0x3e, 0x01, 0x3f, 0x01,
  0x11, 0x27, 0x2e, 0x01, 0x27, 0x26, 0x35, 0x34, 0x37, 0x36, 0x33, 0x32,
  0x17, 0x16, 0x33, 0x32, 0x37, 0x32, 0x33, 0x32, 0x17, 0x16, 0x23, 0x22,
  0x06, 0x23, 0x0e, 0x01, 0x15, 0x11, 0x14, 0x16, 0x17, 0x32, 0x17, 0x16,
  0x17, 0x16, 0x15, 0x14, 0x07, 0x06, 0x23, 0x26, 0x23, 0x07, 0x22, 0x6a,
  0x13, 0x5e, 0x2d, 0x04, 0x02, 0x02, 0x02, 0x2d, 0x52, 0x1a, 0x04, 0x06,
  0x16, 0x08, 0xc5, 0x42, 0x33, 0x67, 0x2e, 0x01, 0x02, 0x1d, 0x01, 0x06,
  0x10, 0x04, 0x13, 0x06, 0x5e, 0x2f, 0x39, 0x54, 0x17, 0x08, 0x0c, 0x02,
  0x01, 0x04, 0x05, 0x08, 0x7f, 0x7f, 0xfe, 0x19, 0x19, 0x27, 0x01, 0x08,
  0x30, 0x54, 0x47, 0x03, 0x0b, 0x47, 0x52, 0x36, 0x08, 0x03, 0x18, 0x0a,
  0x0e, 0x0e, 0x05, 0x02, 0x07, 0x16, 0x2b, 0x04, 0x02, 0x44, 0x8d, 0xfc,
  0xae, 0x50, 0x35, 0x02, 0x02, 0x08, 0x12, 0x05, 0x04, 0x0d, 0x0a, 0x0e,
  0x04, 0x04, 0x00, 0x00, 0x00, 0x01, 0xff, 0x48, 0xfd, 0xb0, 0x02, 0x66,
  0x05, 0x33, 0x00, 0x38, 0x00, 0x4f, 0x00, 0xb2, 0x1f, 0x02, 0x00, 0x2b,
  0xb1, 0x1a, 0x03, 0xe9, 0xb0, 0x2a, 0x32, 0xb0, 0x36, 0x2f, 0xb4, 0x0b,
  0x0a, 0x00, 0x21, 0x04, 0x2b, 0xb2, 0x0b, 0x36, 0x0a, 0x2b, 0xb3, 0x00,
  0x0b, 0x03, 0x09, 0x2b, 0x01, 0xb0, 0x39, 0x2f, 0xb0, 0x12, 0xd6, 0xb1,
  0x30, 0x0b, 0xe9, 0xb2, 0x30, 0x12, 0x0a, 0x2b, 0xb3, 0x40, 0x30, 0x26,
  0x09, 0x2b, 0xb1, 0x3a, 0x01, 0x2b, 0xb1, 0x30, 0x12, 0x11, 0x12, 0xb0,
  0x21, 0x39, 0x00, 0xb1, 0x1a, 0x0b, 0x11, 0x12, 0xb0, 0x30, 0x39, 0x30,
  0x31, 0x03, 0x34, 0x36, 0x33, 0x32, 0x1e, 0x01, 0x17, 0x16, 0x17, 0x16,
  0x33, 0x32, 0x37, 0x36, 0x37, 0x3e, 0x01, 0x35, 0x10, 0x27, 0x2e, 0x01,
  0x23, 0x06, 0x26, 0x23, 0x2e, 0x01, 0x37, 0x36, 0x33, 0x16, 0x20, 0x37,
  0x32, 0x17, 0x16, 0x15, 0x14, 0x15, 0x06, 0x07, 0x06, 0x23, 0x0e, 0x01,
  0x15, 0x11, 0x14, 0x07, 0x06, 0x07, 0x06, 0x23, 0x22, 0x26, 0xb8, 0x35,
  0x25, 0x0e, 0x1d, 0x2b, 0x02, 0x2b, 0x08, 0x13, 0x15, 0x12, 0x13, 0x28,
  0x18, 0x21, 0x15, 0x02, 0x02, 0x42, 0x5a, 0x04, 0x13, 0x02, 0x10, 0x06,
  0x08, 0x06, 0x19, 0x59, 0x00, 0xff, 0xa6, 0x16, 0x06, 0x04, 0x02, 0x0a,
  0x04, 0x12, 0x56, 0x38, 0x1c, 0x25, 0x46, 0x77, 0xaa, 0x58, 0x6e, 0xfe,
  0x2f, 0x27, 0x39, 0x0e, 0x25, 0x02, 0x21, 0x04, 0x08, 0x07, 0x0e, 0x20,
  0x31, 0xa2, 0xd9, 0x04, 0x00, 0x56, 0x54, 0x38, 0x02, 0x04, 0x02, 0x29,
  0x0c, 0x0a, 0x05, 0x05, 0x0c, 0x09, 0x0d, 0x04, 0x05, 0x12, 0x02, 0x02,
  0x06, 0x38, 0x50, 0xfc, 0x32, 0x91, 0x80, 0xb4, 0x6b, 0xb6, 0x48, 0x00,
  0x00, 0x01, 0x00, 0x28, 0xff, 0xf8, 0x05, 0xb8, 0x05, 0x37, 0x00, 0x7b,
  0x00, 0x66, 0x00, 0xb2, 0x76, 0x00, 0x00, 0x2b, 0xb0, 0x4f, 0x33, 0xb1,
  0x02, 0x04, 0xe9, 0xb2, 0x47, 0x58, 0x6d, 0x32, 0x32, 0x32, 0xb2, 0x11,
  0x02, 0x00, 0x2b, 0xb1, 0x2c, 0x2f, 0x33, 0x33, 0xb1, 0x0c, 0x05, 0xe9,
  0xb2, 0x19, 0x28, 0x33, 0x32, 0x32, 0x32, 0x01, 0xb0, 0x7c, 0x2f, 0xb0,
  0x07, 0xd6, 0xb1, 0x6a, 0x0b, 0xe9, 0xb0, 0x1c, 0x32, 0xb2, 0x07, 0x6a,
  0x0a, 0x2b, 0xb3, 0x40, 0x07, 0x7a, 0x09, 0x2b, 0xb1, 0x7d, 0x01, 0x2b,
  0xb1, 0x6a, 0x07, 0x11, 0x12, 0xb0, 0x13, 0x39, 0x00, 0xb1, 0x0c, 0x02,
  0x11, 0x12, 0xb5, 0x1e, 0x24, 0x39, 0x43, 0x5b, 0x67, 0x24, 0x17, 0x39,
  0xb0, 0x11, 0x11, 0xb0, 0x2d, 0x39, 0x30, 0x31, 0x37, 0x36, 0x37, 0x36,
  0x17, 0x32, 0x36, 0x35, 0x11, 0x34, 0x26, 0x2b, 0x01, 0x2e, 0x01, 0x37,
  0x36, 0x33, 0x16, 0x33, 0x32, 0x37, 0x32, 0x07, 0x14, 0x27, 0x22, 0x06,
  0x15, 0x11, 0x16, 0x37, 0x36, 0x37, 0x36, 0x12, 0x35, 0x34, 0x26, 0x2f,
  0x01, 0x26, 0x37, 0x36, 0x17, 0x16, 0x20, 0x37, 0x36, 0x07, 0x06, 0x27,
  0x06, 0x07, 0x0e, 0x03, 0x07, 0x06, 0x07, 0x06, 0x07, 0x16, 0x17, 0x1e,
  0x02, 0x17, 0x1e, 0x01, 0x33, 0x16, 0x17, 0x16, 0x15, 0x14, 0x07, 0x06,
  0x07, 0x26, 0x23, 0x22, 0x05, 0x26, 0x27, 0x26, 0x36, 0x37, 0x32, 0x36,
  0x35, 0x34, 0x27, 0x2e, 0x05, 0x27, 0x26, 0x27, 0x26, 0x06, 0x15, 0x11,
  0x14, 0x16, 0x33, 0x32, 0x17, 0x16, 0x07, 0x06, 0x23, 0x26, 0x20, 0x07,
  0x22, 0x27, 0x26, 0x35, 0x34, 0x29, 0x04, 0x17, 0x0c, 0x1a, 0x5a, 0x44,
  0x41, 0x5d, 0x28, 0x0e, 0x0b, 0x08, 0x04, 0x19, 0xd1, 0x96, 0x71, 0x4f,
  0x1d, 0x01, 0x24, 0x5c, 0x42, 0x02, 0x21, 0x27, 0x22, 0x5e, 0xf2, 0x29,
  0x4b, 0x15, 0x19, 0x13, 0x04, 0x14, 0x94, 0x01, 0x02, 0x6d, 0x1d, 0x05,
  0x04, 0x14, 0x93, 0x3e, 0x12, 0x2a, 0x16, 0x2f, 0x04, 0x46, 0xa0, 0x19,
  0x0a, 0x27, 0x4e, 0x3b, 0x73, 0x94, 0x1e, 0x44, 0x62, 0x60, 0x17, 0x06,
  0x08, 0x01, 0x03, 0x14, 0x25, 0x71, 0x97, 0xfe, 0xe1, 0x17, 0x04, 0x06,
  0x06, 0x0f, 0x50, 0x33, 0x1b, 0x0e, 0x54, 0x25, 0x4c, 0x37, 0x4a, 0x25,
  0x23, 0x24, 0x14, 0x0d, 0x43, 0x5b, 0x21, 0x05, 0x0c, 0x0c, 0x04, 0x18,
  0x7f, 0xfe, 0xf0, 0x90, 0x21, 0x06, 0x09, 0x26, 0x1a, 0x08, 0x04, 0x04,
  0x3d, 0x46, 0x03, 0x99, 0x52, 0x3a, 0x02, 0x2b, 0x0c, 0x0e, 0x05, 0x03,
  0x21, 0x25, 0x01, 0x3a, 0x52, 0xfe, 0x52, 0x19, 0x0b, 0x0e, 0x21, 0x54,
  0x01, 0x44, 0x4f, 0x1b, 0x10, 0x09, 0x02, 0x12, 0x23, 0x0e, 0x04, 0x04,
  0x04, 0x02, 0x23, 0x1d, 0x01, 0x02, 0x2d, 0x0c, 0x30, 0x21, 0x47, 0x06,
  0x6d, 0xcd, 0x1d, 0x08, 0x10, 0x4c, 0x39, 0x83, 0xbf, 0x24, 0x50, 0x2f,
  0x01, 0x0c, 0x0b, 0x0f, 0x05, 0x04, 0x16, 0x04, 0x03, 0x05, 0x04, 0x08,
  0x0c, 0x29, 0x02, 0x19, 0x16, 0x19, 0x23, 0x12, 0x6b, 0x2f, 0x5a, 0x37,
  0x44, 0x1b, 0x19, 0x05, 0x02, 0x0e, 0x15, 0xfe, 0x8c, 0x4a, 0x3f, 0x0f,
  0x1b, 0x18, 0x08, 0x05, 0x05, 0x08, 0x09, 0x11, 0x06, 0x00, 0x00, 0x00,
  0x00, 0x01, 0x00, 0x2b, 0xff, 0xf8, 0x04, 0x96, 0x05, 0x37, 0x00, 0x3f,
  0x00, 0x5d, 0x00, 0xb2, 0x3a, 0x00, 0x00, 0x2b, 0xb1, 0x06, 0x04, 0xe9,
  0xb1, 0x27, 0x09, 0xe9, 0xb2, 0x14, 0x02, 0x00, 0x2b, 0xb1, 0x0f, 0x03,
  0xe9, 0xb1, 0x1e, 0x20, 0x32, 0x32, 0x01, 0xb0, 0x40, 0x2f, 0xb0, 0x0a,
  0xd6, 0xb1, 0x24, 0x0b, 0xe9, 0xb2, 0x24, 0x0a, 0x0a, 0x2b, 0xb3, 0x40,
  0x24, 0x1c, 0x09, 0x2b, 0xb1, 0x41, 0x01, 0x2b, 0xb1, 0x24, 0x0a, 0x11,
  0x12, 0xb1, 0x16, 0x38, 0x39, 0x39, 0x00, 0xb1, 0x06, 0x3a, 0x11, 0x12,
  0xb0, 0x3c, 0x39, 0xb1, 0x0f, 0x27, 0x11, 0x12, 0xb1, 0x2d, 0x30, 0x39,
  0x39, 0xb0, 0x14, 0x11, 0xb1, 0x10, 0x1c, 0x39, 0x39, 0x30, 0x31, 0x37,
  0x36, 0x37, 0x32, 0x36, 0x32, 0x33, 0x32, 0x37, 0x36, 0x35, 0x11, 0x34,
  0x26, 0x2b, 0x01, 0x2e, 0x01, 0x37, 0x36, 0x17, 0x16, 0x33, 0x32, 0x37,
  0x32, 0x17, 0x16, 0x15, 0x14, 0x07, 0x06, 0x07, 0x0e, 0x01, 0x15, 0x11,
  0x14, 0x16, 0x3b, 0x01, 0x32, 0x36, 0x3f, 0x01, 0x36, 0x17, 0x16, 0x15,
  0x14, 0x07, 0x06, 0x07, 0x06, 0x23, 0x24, 0x23, 0x22, 0x07, 0x06, 0x27,
  0x26, 0x35, 0x34, 0x2d, 0x04, 0x0c, 0x02, 0x0d, 0x04, 0x06, 0x96, 0x0e,
  0x04, 0x42, 0x5c, 0x18, 0x0e, 0x05, 0x08, 0x08, 0x17, 0x57, 0x6f, 0xa7,
  0xdd, 0x19, 0x04, 0x04, 0x1f, 0x29, 0x19, 0x75, 0x2c, 0x35, 0x3f, 0xc1,
  0x79, 0x5e, 0x48, 0x47, 0x1d, 0x0e, 0x0b, 0x03, 0x50, 0x33, 0x1b, 0x24,
  0xfe, 0x9b, 0xef, 0xbf, 0x72, 0x19, 0x04, 0x04, 0x2a, 0x14, 0x04, 0x04,
  0x43, 0x2d, 0x65, 0x03, 0x49, 0x52, 0x3c, 0x02, 0x2d, 0x0a, 0x10, 0x06,
  0x02, 0x04, 0x12, 0x0d, 0x0b, 0x1e, 0x01, 0x04, 0x01, 0x04, 0x1c, 0x50,
  0xfc, 0x56, 0x3f, 0x30, 0x29, 0x60, 0x5f, 0x0a, 0x0a, 0x06, 0x09, 0x05,
  0x05, 0xbe, 0x52, 0x27, 0x06, 0x04, 0x04, 0x16, 0x06, 0x09, 0x07, 0x00,
  0x00, 0x01, 0x00, 0x31, 0xff, 0xf4, 0x07, 0x4e, 0x05, 0x36, 0x00, 0x74,
  0x00, 0xec, 0x00, 0xb2, 0x5c, 0x00, 0x00, 0x2b, 0xb1, 0x47, 0x6e, 0x33,
  0x33, 0xb1, 0x02, 0x03, 0xe9, 0xb2, 0x3e, 0x4d, 0x68, 0x32, 0x32, 0x32,
  0xb2, 0x2e, 0x02, 0x00, 0x2b, 0xb0, 0x19, 0x33, 0xb1, 0x33, 0x03, 0xe9,
  0xb0, 0x13, 0x32, 0x01, 0xb0, 0x75, 0x2f, 0xb1, 0x76, 0x01, 0x2b, 0xb0,
  0x36, 0x1a, 0xba, 0x3f, 0xd0, 0xfb, 0x1d, 0x00, 0x15, 0x2b, 0x0a, 0x0e,
  0xb0, 0x0a, 0x10, 0xb0, 0x0f, 0xc0, 0xb1, 0x63, 0x09, 0xf9, 0xb0, 0x62,
  0xc0, 0xba, 0xc0, 0x26, 0xfb, 0xab, 0x00, 0x15, 0x2b, 0x0a, 0x0e, 0xb0,
  0x55, 0x10, 0xb0, 0x53, 0xc0, 0xb1, 0x3a, 0x15, 0xf9, 0xb0, 0x3b, 0xc0,
  0xba, 0x3f, 0xd8, 0xfb, 0x8e, 0x00, 0x15, 0x2b, 0x0b, 0xb0, 0x0a, 0x10,
  0xb3, 0x0c, 0x0a, 0x0f, 0x13, 0x2b, 0xb3, 0x0d, 0x0a, 0x0f, 0x13, 0x2b,
  0xb3, 0x0e, 0x0a, 0x0f, 0x13, 0x2b, 0xb2, 0x0c, 0x0a, 0x0f, 0x20, 0x8a,
  0x20, 0x8a, 0x23, 0x06, 0x0e, 0x11, 0x12, 0x39, 0xb0, 0x0d, 0x39, 0xb0,
  0x0e, 0x39, 0x00, 0x40, 0x0b, 0x0a, 0x0c, 0x3a, 0x3b, 0x53, 0x55, 0x62,
  0x63, 0x0d, 0x0e, 0x0f, 0x2e, 0x2e, 0x2e, 0x2e, 0x2e, 0x2e, 0x2e, 0x2e,
  0x2e, 0x2e, 0x2e, 0x01, 0x40, 0x0b, 0x0a, 0x0c, 0x3a, 0x3b, 0x53, 0x55,
  0x62, 0x63, 0x0d, 0x0e, 0x0f, 0x2e, 0x2e, 0x2e, 0x2e, 0x2e, 0x2e, 0x2e,
  0x2e, 0x2e, 0x2e, 0x2e, 0xb0, 0x40, 0x1a, 0x01, 0x00, 0xb1, 0x02, 0x5c,
  0x11, 0x12, 0xb2, 0x5a, 0x5d, 0x73, 0x39, 0x39, 0x39, 0xb0, 0x33, 0x11,
  0xb5, 0x22, 0x23, 0x25, 0x59, 0x5e, 0x5f, 0x24, 0x17, 0x39, 0xb0, 0x2e,
  0x12, 0xb2, 0x15, 0x21, 0x26, 0x39, 0x39, 0x39, 0x30, 0x31, 0x37, 0x36,
  0x17, 0x32, 0x33, 0x36, 0x37, 0x3e, 0x02, 0x37, 0x36, 0x35, 0x36, 0x1a,
  0x01, 0x35, 0x34, 0x26, 0x27, 0x26, 0x35, 0x34, 0x37, 0x36, 0x33, 0x32,
  0x17, 0x16, 0x33, 0x32, 0x37, 0x32, 0x17, 0x01, 0x16, 0x36, 0x37, 0x01,
  0x36, 0x17, 0x16, 0x32, 0x37, 0x3a, 0x02, 0x1e, 0x01, 0x17, 0x16, 0x0f,
  0x01, 0x0e, 0x01, 0x15, 0x14, 0x16, 0x15, 0x13, 0x1e, 0x01, 0x33, 0x32,
  0x17, 0x15, 0x06, 0x23, 0x06, 0x23, 0x22, 0x27, 0x22, 0x27, 0x26, 0x37,
  0x34, 0x37, 0x32, 0x37, 0x36, 0x35, 0x34, 0x27, 0x02, 0x03, 0x34, 0x07,
  0x06, 0x07, 0x01, 0x06, 0x22, 0x27, 0x01, 0x26, 0x07, 0x06, 0x07, 0x03,
  0x06, 0x15, 0x14, 0x16, 0x17, 0x32, 0x17, 0x16, 0x07, 0x06, 0x07, 0x06,
  0x22, 0x27, 0x26, 0x35, 0x34, 0x39, 0x08, 0x11, 0x0a, 0x09, 0x28, 0x1a,
  0x20, 0x1e, 0x09, 0x04, 0x02, 0x06, 0x1f, 0x10, 0x2d, 0x44, 0x1c, 0x02,
  0x05, 0x19, 0x04, 0x05, 0x47, 0x53, 0x37, 0x3b, 0x27, 0x0a, 0x01, 0xb6,
  0x06, 0x1b, 0x06, 0x01, 0xa4, 0x0e, 0x25, 0x48, 0x86, 0x3f, 0x02, 0x0e,
  0x02, 0x08, 0x02, 0x02, 0x06, 0x10, 0x16, 0x4a, 0x27, 0x06, 0x37, 0x0a,
  0x32, 0x60, 0x21, 0x04, 0x02, 0x1d, 0x46, 0x62, 0x94, 0xd6, 0x0e, 0x05,
  0x04, 0x04, 0x23, 0x6f, 0x1c, 0x14, 0x03, 0x1d, 0x14, 0x11, 0x06, 0x02,
  0xfe, 0x3d, 0x02, 0x3b, 0x04, 0xfe, 0x31, 0x06, 0x0c, 0x06, 0x01, 0x2f,
  0x04, 0x3c, 0x54, 0x17, 0x03, 0x08, 0x0c, 0x02, 0x16, 0x51, 0xd5, 0x84,
  0x13, 0x31, 0x10, 0x02, 0x01, 0x06, 0x08, 0x3d, 0x2f, 0x3e, 0x10, 0x0a,
  0x60, 0x01, 0x73, 0x01, 0x29, 0x85, 0x2f, 0x21, 0x06, 0x03, 0x1e, 0x08,
  0x09, 0x1b, 0x01, 0x04, 0x02, 0x14, 0xfc, 0x1a, 0x0c, 0x19, 0x0c, 0x03,
  0xc9, 0x19, 0x01, 0x02, 0x02, 0x04, 0x06, 0x06, 0x31, 0x02, 0x02, 0x06,
  0x25, 0x2b, 0x12, 0x3e, 0x06, 0xfc, 0xd5, 0x93, 0x40, 0x17, 0x23, 0x10,
  0x02, 0x04, 0x0e, 0x12, 0x15, 0x10, 0x01, 0x2b, 0x20, 0x46, 0x1a, 0x1f,
  0x01, 0xee, 0x01, 0x2d, 0x10, 0x12, 0x06, 0x08, 0xfb, 0xe7, 0x0a, 0x0a,
  0x04, 0x16, 0x0e, 0x01, 0x02, 0x06, 0xfd, 0x04, 0x52, 0x15, 0x3b, 0x33,
  0x09, 0x12, 0x1d, 0x0c, 0x02, 0x06, 0x02, 0x02, 0x04, 0x12, 0x0d, 0x00,
  0x00, 0x01, 0x00, 0x45, 0xff, 0xe8, 0x06, 0x71, 0x05, 0x37, 0x00, 0x56,
  0x00, 0x94, 0x00, 0xb2, 0x3a, 0x00, 0x00, 0x2b, 0xb2, 0x51, 0x00, 0x00,
  0x2b, 0xb1, 0x4d, 0x04, 0xe9, 0xb0, 0x06, 0x32, 0xb2, 0x10, 0x02, 0x00,
  0x2b, 0xb0, 0x28, 0x33, 0xb1, 0x0b, 0x03, 0xe9, 0xb1, 0x22, 0x30, 0x32,
  0x32, 0x01, 0xb0, 0x57, 0x2f, 0xb0, 0x08, 0xd6, 0xb1, 0x46, 0x0c, 0xe9,
  0xb2, 0x08, 0x46, 0x0a, 0x2b, 0xb3, 0x40, 0x08, 0x02, 0x09, 0x2b, 0xb0,
  0x46, 0x10, 0xb1, 0x1a, 0x01, 0x2b, 0xb1, 0x36, 0x0c, 0xe9, 0xb2, 0x36,
  0x1a, 0x0a, 0x2b, 0xb3, 0x40, 0x36, 0x2c, 0x09, 0x2b, 0xb1, 0x58, 0x01,
  0x2b, 0xb1, 0x46, 0x08, 0x11, 0x12, 0xb1, 0x12, 0x53, 0x39, 0x39, 0xb0,
  0x1a, 0x11, 0xb5, 0x13, 0x24, 0x28, 0x41, 0x4f, 0x51, 0x24, 0x17, 0x39,
  0xb0, 0x36, 0x12, 0xb0, 0x3c, 0x39, 0x00, 0xb1, 0x4d, 0x51, 0x11, 0x12,
  0xb1, 0x02, 0x36, 0x39, 0x39, 0xb0, 0x0b, 0x11, 0xb5, 0x09, 0x16, 0x17,
  0x35, 0x41, 0x42, 0x24, 0x17, 0x39, 0xb0, 0x10, 0x12, 0xb2, 0x0e, 0x15,
  0x2c, 0x39, 0x39, 0x39, 0x30, 0x31, 0x37, 0x26, 0x35, 0x34, 0x37, 0x36,
  0x37, 0x32, 0x35, 0x11, 0x26, 0x27, 0x06, 0x26, 0x35, 0x34, 0x33, 0x16,
  0x32, 0x37, 0x32, 0x17, 0x01, 0x16, 0x37, 0x36, 0x35, 0x11, 0x34, 0x26,
  0x27, 0x26, 0x27, 0x26, 0x27, 0x22, 0x26, 0x36, 0x33, 0x16, 0x33, 0x32,
  0x37, 0x32, 0x15, 0x14, 0x15, 0x06, 0x07, 0x06, 0x23, 0x0e, 0x01, 0x15,
  0x11, 0x14, 0x07, 0x06, 0x23, 0x22, 0x27, 0x2e, 0x01, 0x02, 0x27, 0x01,
  0x26, 0x0e, 0x01, 0x15, 0x11, 0x14, 0x17, 0x16, 0x17, 0x16, 0x36, 0x16,
  0x17, 0x16, 0x06, 0x23, 0x26, 0x23, 0x22, 0x07, 0x06, 0x46, 0x01, 0x07,
  0x0a, 0x14, 0x9e, 0x37, 0x6f, 0x08, 0x08, 0x21, 0x55, 0x92, 0x3e, 0x1d,
  0x14, 0x03, 0x45, 0x0c, 0x13, 0x04, 0x08, 0x12, 0x12, 0x28, 0x21, 0x4f,
  0x0c, 0x0d, 0x0a, 0x0f, 0x40, 0x66, 0x87, 0xca, 0x0d, 0x01, 0x04, 0x06,
  0x12, 0x77, 0x33, 0x24, 0x08, 0x06, 0x17, 0x05, 0x04, 0x89, 0xf8, 0x64,
  0xfe, 0x25, 0x06, 0x0b, 0x06, 0x0c, 0x14, 0x4f, 0x0e, 0x29, 0x2d, 0x04,
  0x0a, 0x0a, 0x19, 0x8f, 0x6e, 0x92, 0x56, 0x10, 0x12, 0x08, 0x06, 0x10,
  0x07, 0x0e, 0x01, 0x76, 0x04, 0x0b, 0x29, 0x02, 0x02, 0x16, 0x0e, 0x21,
  0x02, 0x02, 0x18, 0xfc, 0x41, 0x12, 0x1e, 0x08, 0x09, 0x02, 0xa4, 0x58,
  0x47, 0x11, 0x12, 0x06, 0x04, 0x05, 0x24, 0x21, 0x03, 0x05, 0x27, 0x05,
  0x04, 0x0d, 0x03, 0x05, 0x04, 0x36, 0x76, 0xfb, 0xc6, 0x1b, 0x04, 0x01,
  0x0c, 0x04, 0x9b, 0x01, 0x19, 0x73, 0x02, 0x1c, 0x04, 0x08, 0x16, 0x11,
  0xfd, 0x0d, 0x68, 0x24, 0x42, 0x05, 0x02, 0x04, 0x08, 0x09, 0x12, 0x2f,
  0x03, 0x05, 0x02, 0x00, 0x00, 0x02, 0x00, 0x6d, 0xff, 0xd9, 0x06, 0x27,
  0x05, 0x56, 0x00, 0x0b, 0x00, 0x19, 0x00, 0x44, 0x00, 0xb2, 0x09, 0x00,
  0x00, 0x2b, 0xb1, 0x0f, 0x04, 0xe9, 0xb2, 0x03, 0x02, 0x00, 0x2b, 0xb1,
  0x17, 0x06, 0xe9, 0x01, 0xb0, 0x1a, 0x2f, 0xb0, 0x00, 0xd6, 0xb1, 0x0c,
  0x0f, 0xe9, 0xb0, 0x0c, 0x10, 0xb1, 0x14, 0x01, 0x2b, 0xb1, 0x06, 0x0f,
  0xe9, 0xb1, 0x1b, 0x01, 0x2b, 0xb1, 0x14, 0x0c, 0x11, 0x12, 0xb1, 0x03,
  0x09, 0x39, 0x39, 0x00, 0xb1, 0x17, 0x0f, 0x11, 0x12, 0xb1, 0x06, 0x00,
  0x39, 0x39, 0x30, 0x31, 0x13, 0x10, 0x00, 0x21, 0x20, 0x00, 0x11, 0x10,
  0x00, 0x21, 0x20, 0x00, 0x13, 0x10, 0x00, 0x33, 0x32, 0x3e, 0x02, 0x35,
  0x10, 0x00, 0x23, 0x22, 0x02, 0x6d, 0x01, 0x9f, 0x01, 0x46, 0x01, 0x3f,
  0x01, 0x96, 0xfe, 0x60, 0xfe, 0xc7, 0xfe, 0xc1, 0xfe, 0x5e, 0xdd, 0x01,
  0x37, 0xf0, 0x83, 0xbc, 0x6b, 0x2f, 0xfe, 0xca, 0xfb, 0xd3, 0xfc, 0x02,
  0x7f, 0x01, 0x39, 0x01, 0x9e, 0xfe, 0x83, 0xfe, 0xdd, 0xfe, 0xc9, 0xfe,
  0x5a, 0x01, 0x85, 0x01, 0x56, 0xfe, 0xe7, 0xfe, 0x8a, 0x60, 0xac, 0xcd,
  0x7b, 0x01, 0x21, 0x01, 0x72, 0xfe, 0xb2, 0x00, 0x00, 0x02, 0x00, 0x33,
  0xff, 0xf6, 0x04, 0x4c, 0x05, 0x46, 0x00, 0x39, 0x00, 0x49, 0x00, 0x7a,
  0x00, 0xb2, 0x22, 0x00, 0x00, 0x2b, 0xb1, 0x17, 0x08, 0xe9, 0xb0, 0x2c,
  0x32, 0xb2, 0x04, 0x02, 0x00, 0x2b, 0xb1, 0x45, 0x07, 0xe9, 0xb2, 0x02,
  0x02, 0x00, 0x2b, 0xb1, 0x36, 0x07, 0xe9, 0xb4, 0x0c, 0x3e, 0x22, 0x04,
  0x0d, 0x2b, 0xb1, 0x0c, 0x03, 0xe9, 0x01, 0xb0, 0x4a, 0x2f, 0xb0, 0x2f,
  0xd6, 0xb1, 0x13, 0x0b, 0xe9, 0xb0, 0x3a, 0x32, 0xb2, 0x2f, 0x13, 0x0a,
  0x2b, 0xb3, 0x40, 0x2f, 0x00, 0x09, 0x2b, 0xb0, 0x13, 0x10, 0xb1, 0x41,
  0x01, 0x2b, 0xb1, 0x09, 0x0f, 0xe9, 0xb1, 0x4b, 0x01, 0x2b, 0xb1, 0x13,
  0x2f, 0x11, 0x12, 0xb0, 0x24, 0x39, 0xb0, 0x41, 0x11, 0xb3, 0x0c, 0x17,
  0x1d, 0x22, 0x24, 0x17, 0x39, 0x00, 0xb1, 0x0c, 0x17, 0x11, 0x12, 0xb0,
  0x11, 0x39, 0xb1, 0x36, 0x3e, 0x11, 0x12, 0xb1, 0x09, 0x41, 0x39, 0x39,
  0x30, 0x31, 0x13, 0x34, 0x33, 0x36, 0x25, 0x32, 0x17, 0x1e, 0x01, 0x15,
  0x14, 0x04, 0x23, 0x22, 0x27, 0x22, 0x0e, 0x01, 0x07, 0x11, 0x06, 0x17,
  0x16, 0x33, 0x32, 0x3b, 0x01, 0x16, 0x17, 0x16, 0x07, 0x06, 0x23, 0x22,
  0x23, 0x26, 0x23, 0x22, 0x07, 0x22, 0x27, 0x26, 0x35, 0x36, 0x33, 0x32,
  0x36, 0x35, 0x11, 0x34, 0x27, 0x26, 0x23, 0x22, 0x23, 0x07, 0x06, 0x26,
  0x01, 0x14, 0x17, 0x16, 0x17, 0x32, 0x36, 0x35, 0x34, 0x27, 0x26, 0x23,
  0x22, 0x07, 0x06, 0x15, 0x33, 0x11, 0x93, 0x01, 0x44, 0xa8, 0x68, 0x85,
  0x9c, 0xfe, 0xf1, 0xef, 0x25, 0x42, 0x06, 0x08, 0x04, 0x02, 0x01, 0x20,
  0x1d, 0x53, 0x07, 0x08, 0x47, 0x10, 0x06, 0x05, 0x07, 0x06, 0x0d, 0x01,
  0x02, 0x97, 0x9f, 0x7f, 0x84, 0x1d, 0x08, 0x06, 0x02, 0x3b, 0x4c, 0x31,
  0x14, 0x12, 0x36, 0x03, 0x03, 0x66, 0x06, 0x09, 0x01, 0x9e, 0x1d, 0x2b,
  0x24, 0x9a, 0x9a, 0x8c, 0x4b, 0x67, 0x25, 0x29, 0x14, 0x05, 0x10, 0x23,
  0x12, 0x01, 0x1b, 0x23, 0xc2, 0x7f, 0xc1, 0xdf, 0x0a, 0x0e, 0x15, 0x0a,
  0xfe, 0xc7, 0x51, 0x18, 0x16, 0x04, 0x16, 0x16, 0x14, 0x12, 0x06, 0x04,
  0x0c, 0x0c, 0x0f, 0x2d, 0x1c, 0x38, 0x03, 0xb0, 0x64, 0x22, 0x20, 0x02,
  0x02, 0x12, 0xfd, 0x8f, 0x1b, 0x07, 0x08, 0x01, 0xbf, 0xa6, 0xcb, 0x49,
  0x28, 0x05, 0x02, 0x2d, 0x00, 0x02, 0x00, 0x5c, 0xfe, 0x50, 0x06, 0x7b,
  0x05, 0x56, 0x00, 0x21, 0x00, 0x2e, 0x00, 0x5d, 0x00, 0xb2, 0x03, 0x02,
  0x00, 0x2b, 0xb1, 0x2c, 0x06, 0xe9, 0xb0, 0x19, 0x2f, 0xb1, 0x11, 0x04,
  0xe9, 0x01, 0xb0, 0x2f, 0x2f, 0xb0, 0x00, 0xd6, 0xb1, 0x22, 0x0f, 0xe9,
  0xb0, 0x22, 0x10, 0xb1, 0x29, 0x01, 0x2b, 0xb1, 0x06, 0x0f, 0xe9, 0xb2,
  0x06, 0x29, 0x0a, 0x2b, 0xb3, 0x40, 0x06, 0x13, 0x09, 0x2b, 0xb1, 0x30,
  0x01, 0x2b, 0xb1, 0x29, 0x22, 0x11, 0x12, 0xb5, 0x09, 0x03, 0x0e, 0x1b,
  0x1f, 0x0b, 0x24, 0x17, 0x39, 0xb0, 0x06, 0x11, 0xb1, 0x0f, 0x19, 0x39,
  0x39, 0x00, 0xb1, 0x2c, 0x11, 0x11, 0x12, 0xb3, 0x06, 0x00, 0x1b, 0x25,
  0x24, 0x17, 0x39, 0x30, 0x31, 0x13, 0x10, 0x00, 0x21, 0x20, 0x00, 0x11,
  0x14, 0x00, 0x07, 0x0e, 0x01, 0x17, 0x16, 0x17, 0x1e, 0x01, 0x17, 0x16,
  0x15, 0x14, 0x07, 0x06, 0x07, 0x06, 0x23, 0x22, 0x25, 0x26, 0x27, 0x26,
  0x27, 0x24, 0x00, 0x13, 0x10, 0x00, 0x33, 0x32, 0x36, 0x12, 0x35, 0x10,
  0x00, 0x23, 0x22, 0x00, 0x5c, 0x01, 0xaa, 0x01, 0x46, 0x01, 0x3f, 0x01,
  0x87, 0xfe, 0xea, 0xe5, 0x06, 0x05, 0x08, 0x73, 0xa6, 0x60, 0x86, 0x60,
  0x08, 0x19, 0x10, 0x0c, 0x3b, 0x2e, 0xdd, 0xfe, 0xf8, 0x83, 0x0d, 0x21,
  0x47, 0xfe, 0xcf, 0xfe, 0x8d, 0xdd, 0x01, 0x3c, 0xf3, 0x91, 0xda, 0x62,
  0xfe, 0xd7, 0xfa, 0xd5, 0xfe, 0xfc, 0x02, 0x83, 0x01, 0x35, 0x01, 0x9e,
  0xfe, 0x85, 0xfe, 0xdb, 0xf0, 0xfe, 0x86, 0x4c, 0x02, 0x0a, 0x06, 0x2d,
  0x8e, 0x52, 0x3d, 0x04, 0x02, 0x07, 0x0c, 0x1a, 0x10, 0x05, 0x0c, 0xe1,
  0x6d, 0x0a, 0x19, 0x1a, 0x1b, 0x01, 0x79, 0x01, 0x45, 0xfe, 0xe7, 0xfe,
  0x88, 0xbc, 0x01, 0x0b, 0x8f, 0x01, 0x25, 0x01, 0x6e, 0xfe, 0xb2, 0x00,
  0x00, 0x02, 0x00, 0x25, 0xff, 0xe1, 0x05, 0x76, 0x05, 0x46, 0x00, 0x58,
  0x00, 0x67, 0x00, 0xa1, 0x00, 0xb2, 0x55, 0x00, 0x00, 0x2b, 0xb1, 0x48,
  0x04, 0xe9, 0xb0, 0x05, 0x32, 0xb2, 0x2c, 0x00, 0x00, 0x2b, 0xb1, 0x27,
  0x07, 0xe9, 0xb2, 0x14, 0x02, 0x00, 0x2b, 0xb1, 0x65, 0x03, 0xe9, 0xb2,
  0x11, 0x02, 0x00, 0x2b, 0xb1, 0x0d, 0x03, 0xe9, 0xb4, 0x3c, 0x5d, 0x2c,
  0x14, 0x0d, 0x2b, 0xb1, 0x3c, 0x07, 0xe9, 0xb1, 0x3e, 0x40, 0x32, 0x32,
  0x01, 0xb0, 0x68, 0x2f, 0xb0, 0x09, 0xd6, 0xb1, 0x43, 0x0b, 0xe9, 0xb0,
  0x59, 0x32, 0xb2, 0x09, 0x43, 0x0a, 0x2b, 0xb3, 0x40, 0x09, 0x02, 0x09,
  0x2b, 0xb0, 0x43, 0x10, 0xb1, 0x62, 0x01, 0x2b, 0xb1, 0x19, 0x0f, 0xe9,
  0xb2, 0x19, 0x62, 0x0a, 0x2b, 0xb3, 0x40, 0x19, 0x29, 0x09, 0x2b, 0xb1,
  0x69, 0x01, 0x2b, 0xb1, 0x62, 0x43, 0x11, 0x12, 0xb3, 0x36, 0x1d, 0x4f,
  0x55, 0x24, 0x17, 0x39, 0xb0, 0x19, 0x11, 0xb0, 0x1c, 0x39, 0x00, 0xb1,
  0x48, 0x55, 0x11, 0x12, 0xb1, 0x01, 0x29, 0x39, 0x39, 0xb0, 0x3c, 0x11,
  0xb0, 0x36, 0x39, 0xb0, 0x5d, 0x12, 0xb0, 0x1d, 0x39, 0xb0, 0x0d, 0x11,
  0xb2, 0x19, 0x1c, 0x62, 0x39, 0x39, 0x39, 0x30, 0x31, 0x37, 0x26, 0x34,
  0x37, 0x36, 0x37, 0x32, 0x36, 0x3d, 0x01, 0x11, 0x34, 0x26, 0x27, 0x22,
  0x26, 0x36, 0x3f, 0x01, 0x36, 0x25, 0x32, 0x16, 0x17, 0x16, 0x15, 0x14,
  0x06, 0x07, 0x06, 0x17, 0x1e, 0x01, 0x1f, 0x01, 0x1e, 0x01, 0x17, 0x16,
  0x17, 0x16, 0x15, 0x14, 0x0f, 0x01, 0x22, 0x06, 0x23, 0x22, 0x26, 0x27,
  0x26, 0x27, 0x26, 0x27, 0x2e, 0x04, 0x23, 0x06, 0x23, 0x22, 0x27, 0x22,
  0x06, 0x15, 0x14, 0x17, 0x1e, 0x01, 0x33, 0x32, 0x36, 0x32, 0x1e, 0x01,
  0x17, 0x16, 0x07, 0x0e, 0x01, 0x23, 0x22, 0x23, 0x22, 0x05, 0x26, 0x01,
  0x14, 0x33, 0x16, 0x33, 0x32, 0x37, 0x3e, 0x01, 0x35, 0x34, 0x26, 0x23,
  0x22, 0x15, 0x29, 0x04, 0x04, 0x06, 0x37, 0x5c, 0x40, 0x35, 0x90, 0x08,
  0x0c, 0x06, 0x0e, 0x15, 0x85, 0x01, 0x62, 0xb2, 0xab, 0x51, 0x71, 0x71,
  0x5c, 0x12, 0x0e, 0x0e, 0x52, 0x19, 0x73, 0x21, 0x2d, 0x33, 0x2f, 0x3f,
  0x14, 0x07, 0x0d, 0x0a, 0x29, 0x0a, 0x79, 0x83, 0x33, 0x44, 0x6a, 0x27,
  0x2b, 0x02, 0x0d, 0x0a, 0x0c, 0x10, 0x09, 0x6a, 0x3e, 0x0f, 0x0d, 0x0e,
  0x1b, 0x02, 0x02, 0x3b, 0x5c, 0x04, 0x15, 0x0e, 0x11, 0x0c, 0x02, 0x06,
  0x04, 0x02, 0x16, 0x05, 0x12, 0x2d, 0x89, 0xfe, 0x7b, 0x14, 0x01, 0x9b,
  0x14, 0x33, 0x27, 0x4b, 0x24, 0x64, 0x6f, 0x96, 0xc0, 0x5a, 0x0a, 0x08,
  0x16, 0x0d, 0x10, 0x01, 0x33, 0x52, 0x47, 0x03, 0x0d, 0x96, 0x3b, 0x02,
  0x1a, 0x23, 0x06, 0x02, 0x0e, 0x01, 0x38, 0x49, 0x66, 0x9a, 0x71, 0xbe,
  0x30, 0x06, 0x14, 0x19, 0x89, 0x23, 0xac, 0x31, 0x2f, 0x29, 0x25, 0x0c,
  0x0e, 0x11, 0x0a, 0x0a, 0x09, 0x04, 0x42, 0x3b, 0x50, 0xa6, 0x3f, 0x50,
  0x04, 0x17, 0x0e, 0x13, 0x08, 0x0d, 0x01, 0x15, 0x0c, 0xc5, 0x6a, 0x52,
  0x33, 0x04, 0x02, 0x09, 0x08, 0x1b, 0x12, 0x06, 0x0a, 0x04, 0x06, 0x02,
  0x93, 0x29, 0x03, 0x0c, 0x23, 0xb3, 0x71, 0xa2, 0xae, 0x2f, 0x00, 0x00,
  0x00, 0x01, 0x00, 0x73, 0xff, 0xd9, 0x03, 0xac, 0x05, 0x56, 0x00, 0x43,
  0x00, 0x8c, 0x00, 0xb2, 0x3a, 0x00, 0x00, 0x2b, 0xb1, 0x09, 0x04, 0xe9,
  0xb2, 0x41, 0x00, 0x00, 0x2b, 0xb2, 0x1e, 0x02, 0x00, 0x2b, 0xb1, 0x2d,
  0x06, 0xe9, 0xb2, 0x24, 0x02, 0x00, 0x2b, 0x01, 0xb0, 0x44, 0x2f, 0xb0,
  0x1b, 0xd6, 0xb0, 0x00, 0x32, 0xb4, 0x30, 0x0d, 0x00, 0x2e, 0x04, 0x2b,
  0xb4, 0x04, 0x0c, 0x00, 0x1e, 0x04, 0x2b, 0xb0, 0x30, 0x10, 0xb1, 0x0c,
  0x01, 0x2b, 0xb1, 0x37, 0x0b, 0xe9, 0xb3, 0x2b, 0x37, 0x0c, 0x08, 0x2b,
  0xb4, 0x28, 0x0c, 0x00, 0x1e, 0x04, 0x2b, 0xb1, 0x45, 0x01, 0x2b, 0xb1,
  0x30, 0x04, 0x11, 0x12, 0xb1, 0x3c, 0x40, 0x39, 0x39, 0xb1, 0x2b, 0x1b,
  0x11, 0x12, 0xb2, 0x24, 0x34, 0x3a, 0x39, 0x39, 0x39, 0xb0, 0x28, 0x11,
  0xb0, 0x26, 0x39, 0x00, 0xb1, 0x09, 0x3a, 0x11, 0x12, 0xb1, 0x3e, 0x42,
  0x39, 0x39, 0xb0, 0x2d, 0x11, 0xb4, 0x02, 0x1b, 0x29, 0x2a, 0x37, 0x24,
  0x17, 0x39, 0xb0, 0x1e, 0x12, 0xb0, 0x22, 0x39, 0x30, 0x31, 0x13, 0x34,
  0x36, 0x16, 0x17, 0x1e, 0x01, 0x17, 0x16, 0x33, 0x32, 0x36, 0x35, 0x34,
  0x2e, 0x07, 0x27, 0x2e, 0x03, 0x35, 0x34, 0x36, 0x33, 0x32, 0x17, 0x16,
  0x33, 0x32, 0x37, 0x36, 0x17, 0x16, 0x17, 0x0e, 0x01, 0x27, 0x26, 0x23,
  0x22, 0x06, 0x15, 0x14, 0x17, 0x1e, 0x03, 0x15, 0x14, 0x06, 0x23, 0x22,
  0x27, 0x26, 0x23, 0x22, 0x07, 0x06, 0x27, 0x26, 0x73, 0x18, 0x1f, 0x04,
  0x1f, 0x41, 0x3a, 0x56, 0x56, 0x75, 0x8d, 0x0a, 0x1f, 0x17, 0x37, 0x19,
  0x47, 0x13, 0x4e, 0x04, 0x4a, 0x57, 0x6b, 0x31, 0xc9, 0xa3, 0x42, 0x68,
  0x39, 0x13, 0x0c, 0x15, 0x1b, 0x14, 0x0c, 0x1b, 0x02, 0x31, 0x04, 0x62,
  0xc1, 0x60, 0x6b, 0x75, 0x31, 0xd3, 0x8d, 0x75, 0xe9, 0xbd, 0x44, 0x91,
  0x33, 0x0a, 0x10, 0x0f, 0x17, 0x1e, 0x19, 0x01, 0x48, 0x0a, 0x08, 0x02,
  0x06, 0x5e, 0x67, 0x27, 0x3b, 0x83, 0x64, 0x1d, 0x33, 0x36, 0x24, 0x34,
  0x18, 0x31, 0x0f, 0x33, 0x02, 0x31, 0x44, 0x68, 0x77, 0x46, 0x8d, 0xb2,
  0x23, 0x12, 0x12, 0x08, 0x08, 0x1f, 0xf7, 0x14, 0x01, 0x0a, 0xfa, 0x66,
  0x54, 0x64, 0x67, 0x2d, 0x8f, 0x69, 0xb0, 0x62, 0xa4, 0xd3, 0x2b, 0x0e,
  0x16, 0x0a, 0x0a, 0x54, 0x00, 0x01, 0x00, 0x46, 0xff, 0xf8, 0x05, 0x37,
  0x05, 0x62, 0x00, 0x54, 0x00, 0x68, 0x00, 0xb2, 0x38, 0x00, 0x00, 0x2b,
  0xb1, 0x31, 0x04, 0xe9, 0xb0, 0x42, 0x32, 0xb2, 0x0a, 0x02, 0x00, 0x2b,
  0xb1, 0x4e, 0x09, 0xe9, 0xb0, 0x25, 0x32, 0xb2, 0x4e, 0x0a, 0x0a, 0x2b,
  0xb3, 0x40, 0x4e, 0x53, 0x09, 0x2b, 0xb0, 0x1d, 0x32, 0xb2, 0x04, 0x02,
  0x00, 0x2b, 0xb0, 0x14, 0x33, 0x01, 0xb0, 0x55, 0x2f, 0xb0, 0x00, 0xd6,
  0xb4, 0x51, 0x0c, 0x00, 0x1e, 0x04, 0x2b, 0xb0, 0x51, 0x10, 0xb1, 0x47,
  0x01, 0x2b, 0xb1, 0x2e, 0x0b, 0xe9, 0xb1, 0x56, 0x01, 0x2b, 0xb1, 0x51,
  0x00, 0x11, 0x12, 0xb0, 0x02, 0x39, 0xb0, 0x47, 0x11, 0xb3, 0x04, 0x0b,
  0x3c, 0x3f, 0x24, 0x17, 0x39, 0xb0, 0x2e, 0x12, 0xb0, 0x3a, 0x39, 0x00,
  0x30, 0x31, 0x13, 0x36, 0x37, 0x36, 0x33, 0x32, 0x33, 0x16, 0x17, 0x16,
  0x33, 0x36, 0x20, 0x05, 0x16, 0x33, 0x32, 0x37, 0x36, 0x37, 0x36, 0x16,
  0x17, 0x13, 0x14, 0x0e, 0x03, 0x23, 0x22, 0x2e, 0x02, 0x27, 0x2e, 0x01,
  0x23, 0x21, 0x22, 0x06, 0x15, 0x14, 0x18, 0x01, 0x1d, 0x01, 0x14, 0x16,
  0x3b, 0x01, 0x32, 0x17, 0x16, 0x07, 0x06, 0x23, 0x26, 0x23, 0x22, 0x07,
  0x22, 0x27, 0x26, 0x37, 0x36, 0x37, 0x32, 0x17, 0x32, 0x36, 0x3d, 0x01,
  0x11, 0x34, 0x26, 0x2b, 0x02, 0x22, 0x06, 0x07, 0x0e, 0x01, 0x26, 0x46,
  0x08, 0x18, 0x0e, 0x12, 0x03, 0x02, 0x15, 0x04, 0x10, 0x63, 0x94, 0x01,
  0xa6, 0x01, 0x11, 0x12, 0x0f, 0x2d, 0x0e, 0x12, 0x09, 0x06, 0x2d, 0x0b,
  0x20, 0x02, 0x06, 0x06, 0x08, 0x04, 0x0c, 0x0f, 0x08, 0x02, 0x02, 0x19,
  0x3b, 0x38, 0xfe, 0xd5, 0x0a, 0x12, 0x3f, 0x5c, 0x3c, 0x12, 0x0b, 0x06,
  0x06, 0x06, 0x1b, 0x66, 0x87, 0xa9, 0xdd, 0x14, 0x05, 0x08, 0x08, 0x08,
  0x13, 0x42, 0x0c, 0x4e, 0x39, 0x21, 0x0e, 0xec, 0x2b, 0x39, 0x3d, 0x1b,
  0x0a, 0x1d, 0x16, 0x03, 0xf6, 0xa8, 0xb8, 0x0c, 0x02, 0x0a, 0x23, 0x03,
  0x03, 0x01, 0x05, 0x06, 0x19, 0x0a, 0x04, 0x06, 0xfe, 0x9e, 0x04, 0x09,
  0x04, 0x02, 0x02, 0x02, 0x0d, 0x06, 0x0a, 0x7f, 0x54, 0x1b, 0x0a, 0x66,
  0xfe, 0xaa, 0xfe, 0x66, 0x44, 0x47, 0x50, 0x2f, 0x1b, 0x12, 0x15, 0x10,
  0x04, 0x06, 0x0e, 0x19, 0x18, 0x0e, 0x05, 0x02, 0x3f, 0x52, 0x39, 0x03,
  0x9e, 0x0a, 0x17, 0x5c, 0x8c, 0x06, 0x02, 0x0b, 0x00, 0x01, 0x00, 0x2f,
  0xff, 0xd9, 0x06, 0x58, 0x05, 0x37, 0x00, 0x42, 0x00, 0x60, 0x00, 0xb2,
  0x34, 0x00, 0x00, 0x2b, 0xb4, 0x14, 0x0a, 0x00, 0x1f, 0x04, 0x2b, 0xb2,
  0x02, 0x02, 0x00, 0x2b, 0xb0, 0x22, 0x33, 0xb1, 0x3d, 0x03, 0xe9, 0xb2,
  0x09, 0x1e, 0x28, 0x32, 0x32, 0x32, 0x01, 0xb0, 0x43, 0x2f, 0xb0, 0x39,
  0xd6, 0xb1, 0x11, 0x0b, 0xe9, 0xb0, 0x11, 0x10, 0xb1, 0x18, 0x01, 0x2b,
  0xb1, 0x2c, 0x0c, 0xe9, 0xb2, 0x2c, 0x18, 0x0a, 0x2b, 0xb3, 0x40, 0x2c,
  0x27, 0x09, 0x2b, 0xb1, 0x44, 0x01, 0x2b, 0xb1, 0x18, 0x11, 0x11, 0x12,
  0xb4, 0x04, 0x07, 0x21, 0x23, 0x34, 0x24, 0x17, 0x39, 0x00, 0xb1, 0x3d,
  0x14, 0x11, 0x12, 0xb1, 0x2c, 0x39, 0x39, 0x39, 0x30, 0x31, 0x13, 0x36,
  0x37, 0x36, 0x20, 0x17, 0x32, 0x16, 0x06, 0x27, 0x23, 0x22, 0x06, 0x07,
  0x14, 0x06, 0x15, 0x11, 0x14, 0x12, 0x33, 0x20, 0x37, 0x36, 0x35, 0x34,
  0x35, 0x11, 0x34, 0x26, 0x2f, 0x01, 0x22, 0x26, 0x33, 0x36, 0x32, 0x17,
  0x32, 0x14, 0x07, 0x0e, 0x01, 0x15, 0x11, 0x14, 0x0e, 0x02, 0x07, 0x0e,
  0x01, 0x23, 0x20, 0x03, 0x2e, 0x01, 0x35, 0x11, 0x34, 0x26, 0x27, 0x22,
  0x27, 0x26, 0x37, 0x34, 0x30, 0x03, 0x0f, 0x2b, 0x01, 0x7f, 0x7e, 0x0c,
  0x09, 0x0a, 0x0b, 0x14, 0x5a, 0x3e, 0x04, 0x02, 0xc1, 0xed, 0x01, 0x31,
  0x5b, 0x20, 0x41, 0x77, 0x0e, 0x10, 0x07, 0x17, 0x72, 0xfc, 0x8c, 0x12,
  0x12, 0x77, 0x46, 0x06, 0x1f, 0x49, 0x3e, 0x5c, 0xb8, 0x92, 0xfe, 0x77,
  0x8d, 0x1f, 0x10, 0x3c, 0x74, 0x0a, 0x06, 0x04, 0x01, 0x05, 0x22, 0x10,
  0x01, 0x04, 0x04, 0x23, 0x20, 0x02, 0x3a, 0x54, 0x0e, 0x3d, 0x0f, 0xfe,
  0x71, 0xfa, 0xfe, 0xdf, 0xf4, 0x53, 0xbd, 0x06, 0x05, 0x01, 0x72, 0xac,
  0x61, 0x02, 0x04, 0x3f, 0x02, 0x02, 0x3d, 0x02, 0x04, 0x61, 0xa6, 0xfe,
  0x88, 0x64, 0x69, 0x90, 0x6e, 0x35, 0x52, 0x46, 0x01, 0x33, 0x46, 0x75,
  0x95, 0x02, 0x17, 0x52, 0x2b, 0x02, 0x10, 0x0a, 0x0b, 0x05, 0x00, 0x00,
  0x00, 0x01, 0x00, 0x2e, 0xff, 0xcc, 0x05, 0xee, 0x05, 0x33, 0x00, 0x43,
  0x00, 0x34, 0x00, 0xb2, 0x3a, 0x00, 0x00, 0x2b, 0xb2, 0x26, 0x02, 0x00,
  0x2b, 0xb0, 0x06, 0x33, 0xb1, 0x21, 0x03, 0xe9, 0xb2, 0x0f, 0x31, 0x42,
  0x32, 0x32, 0x32, 0x01, 0xb0, 0x44, 0x2f, 0xb1, 0x45, 0x01, 0x2b, 0x00,
  0xb1, 0x21, 0x3a, 0x11, 0x12, 0xb1, 0x18, 0x32, 0x39, 0x39, 0xb0, 0x26,
  0x11, 0xb0, 0x02, 0x39, 0x30, 0x31, 0x13, 0x26, 0x35, 0x34, 0x37, 0x36,
  0x33, 0x16, 0x20, 0x37, 0x32, 0x17, 0x16, 0x07, 0x06, 0x07, 0x0e, 0x01,
  0x15, 0x14, 0x17, 0x01, 0x1e, 0x02, 0x36, 0x37, 0x01, 0x36, 0x35, 0x34,
  0x26, 0x2b, 0x01, 0x2e, 0x01, 0x37, 0x36, 0x33, 0x16, 0x32, 0x37, 0x32,
  0x17, 0x16, 0x15, 0x14, 0x07, 0x06, 0x07, 0x0e, 0x01, 0x07, 0x01, 0x0e,
  0x01, 0x23, 0x06, 0x23, 0x22, 0x27, 0x22, 0x27, 0x01, 0x2e, 0x01, 0x27,
  0x26, 0x31, 0x03, 0x05, 0x04, 0x1f, 0x8a, 0x01, 0x0c, 0x83, 0x29, 0x04,
  0x10, 0x0c, 0x02, 0x17, 0x6a, 0x58, 0x22, 0x01, 0x3e, 0x02, 0x0a, 0x11,
  0x10, 0x06, 0x01, 0x2b, 0x1d, 0x46, 0x60, 0x11, 0x0c, 0x08, 0x06, 0x04,
  0x19, 0x78, 0xee, 0x77, 0x0e, 0x04, 0x07, 0x01, 0x04, 0x0e, 0x58, 0x54,
  0x33, 0xfe, 0x64, 0x04, 0x1a, 0x09, 0x0e, 0x10, 0x15, 0x16, 0x12, 0x0d,
  0xfe, 0x48, 0x2f, 0x40, 0x60, 0x12, 0x04, 0xfa, 0x09, 0x08, 0x0c, 0x0c,
  0x10, 0x04, 0x04, 0x06, 0x14, 0x19, 0x0a, 0x0a, 0x04, 0x1d, 0x21, 0x14,
  0x5b, 0xfc, 0xec, 0x04, 0x0c, 0x0f, 0x08, 0x11, 0x03, 0x08, 0x4c, 0x2f,
  0x29, 0x27, 0x04, 0x27, 0x0c, 0x08, 0x04, 0x04, 0x06, 0x09, 0x0c, 0x06,
  0x06, 0x14, 0x02, 0x02, 0x52, 0x83, 0xfb, 0xd7, 0x0a, 0x1d, 0x03, 0x05,
  0x21, 0x04, 0x4b, 0x77, 0x33, 0x02, 0x04, 0x00, 0x00, 0x02, 0x00, 0x1d,
  0xff, 0xd7, 0x08, 0x89, 0x05, 0x3b, 0x00, 0x64, 0x00, 0x78, 0x00, 0x48,
  0x00, 0xb2, 0x58, 0x00, 0x00, 0x2b, 0xb0, 0x4c, 0x33, 0xb2, 0x20, 0x02,
  0x00, 0x2b, 0xb4, 0x02, 0x06, 0x3a, 0x3e, 0x40, 0x24, 0x17, 0x33, 0xb1,
  0x77, 0x05, 0xe9, 0xb6, 0x36, 0x1b, 0x24, 0x09, 0x44, 0x5f, 0x74, 0x24,
  0x17, 0x32, 0x01, 0xb0, 0x79, 0x2f, 0xb1, 0x7a, 0x01, 0x2b, 0x00, 0xb1,
  0x77, 0x58, 0x11, 0x12, 0xb5, 0x12, 0x2d, 0x47, 0x51, 0x6b, 0x75, 0x24,
  0x17, 0x39, 0xb0, 0x20, 0x11, 0xb1, 0x35, 0x63, 0x39, 0x39, 0x30, 0x31,
  0x13, 0x36, 0x33, 0x36, 0x33, 0x32, 0x17, 0x32, 0x06, 0x07, 0x23, 0x22,
  0x06, 0x15, 0x14, 0x17, 0x01, 0x1e, 0x01, 0x36, 0x37, 0x13, 0x36, 0x27,
  0x03, 0x2e, 0x01, 0x27, 0x2e, 0x01, 0x33, 0x36, 0x20, 0x05, 0x32, 0x06,
  0x07, 0x0e, 0x01, 0x0f, 0x01, 0x06, 0x17, 0x13, 0x1e, 0x01, 0x36, 0x37,
  0x01, 0x36, 0x35, 0x36, 0x27, 0x26, 0x27, 0x2e, 0x01, 0x36, 0x17, 0x16,
  0x33, 0x32, 0x37, 0x30, 0x33, 0x32, 0x17, 0x14, 0x23, 0x22, 0x06, 0x07,
  0x01, 0x06, 0x23, 0x22, 0x07, 0x22, 0x27, 0x03, 0x2e, 0x01, 0x06, 0x07,
  0x03, 0x06, 0x23, 0x22, 0x23, 0x26, 0x27, 0x01, 0x2e, 0x02, 0x27, 0x22,
  0x27, 0x26, 0x35, 0x34, 0x05, 0x14, 0x17, 0x16, 0x17, 0x16, 0x33, 0x32,
  0x37, 0x36, 0x3f, 0x01, 0x36, 0x35, 0x34, 0x23, 0x06, 0x22, 0x27, 0x22,
  0x23, 0x02, 0x25, 0x84, 0x8c, 0x78, 0x7e, 0x10, 0x06, 0x0a, 0x13, 0x44,
  0x22, 0x27, 0x01, 0x44, 0x02, 0x0e, 0x14, 0x0b, 0xb6, 0x08, 0x0a, 0x92,
  0x27, 0x43, 0x73, 0x0e, 0x04, 0x14, 0x53, 0x01, 0xb3, 0x01, 0x5f, 0x17,
  0x07, 0x0c, 0x71, 0x4a, 0x27, 0x66, 0x0a, 0x0a, 0xec, 0x04, 0x0e, 0x12,
  0x07, 0x01, 0x39, 0x20, 0x01, 0x04, 0x0e, 0x6d, 0x0c, 0x05, 0x0f, 0x0a,
  0x3f, 0x55, 0x72, 0x9a, 0x01, 0x11, 0x04, 0x18, 0x5a, 0x4e, 0x2d, 0xfe,
  0x5a, 0x06, 0x3c, 0x02, 0x02, 0x37, 0x08, 0xf4, 0x02, 0x0a, 0x0f, 0x08,
  0xe9, 0x07, 0x32, 0x06, 0x06, 0x3c, 0x09, 0xfe, 0x5f, 0x27, 0x38, 0x45,
  0x58, 0x14, 0x0b, 0x0e, 0x04, 0x10, 0x0e, 0x04, 0x4a, 0x02, 0x02, 0x03,
  0x06, 0x08, 0x04, 0x35, 0x1b, 0x38, 0x18, 0x2c, 0x12, 0x37, 0x05, 0x25,
  0x0e, 0x08, 0x06, 0x3f, 0x04, 0x17, 0x23, 0x21, 0x60, 0xfc, 0xd3, 0x08,
  0x0e, 0x08, 0x18, 0x01, 0xc1, 0x12, 0x1d, 0x01, 0x5e, 0x60, 0x2e, 0x04,
  0x04, 0x3d, 0x02, 0x02, 0x3f, 0x04, 0x02, 0x2f, 0x61, 0xfa, 0x21, 0x18,
  0xfd, 0xcd, 0x08, 0x04, 0x12, 0x10, 0x03, 0x3a, 0x5a, 0x25, 0x0d, 0x06,
  0x18, 0x04, 0x02, 0x21, 0x1c, 0x02, 0x03, 0x05, 0x20, 0x21, 0x42, 0x77,
  0xfb, 0xaf, 0x10, 0x01, 0x0c, 0x02, 0x48, 0x08, 0x08, 0x08, 0x12, 0xfd,
  0xc2, 0x10, 0x02, 0x15, 0x04, 0x31, 0x66, 0x4e, 0x16, 0x03, 0x06, 0x07,
  0x11, 0x0c, 0x3f, 0x0c, 0x2b, 0x08, 0xaa, 0x04, 0x06, 0x0a, 0x0a, 0x81,
  0x40, 0x10, 0x1d, 0x03, 0x03, 0x00, 0x00, 0x00, 0x00, 0x01, 0x00, 0x35,
  0xff, 0xfa, 0x06, 0x25, 0x05, 0x37, 0x00, 0x70, 0x00, 0x47, 0x00, 0xb2,
  0x59, 0x00, 0x00, 0x2b, 0xb0, 0x3f, 0x33, 0xb1, 0x54, 0x03, 0xe9, 0xb2,
  0x39, 0x46, 0x60, 0x32, 0x32, 0x32, 0xb2, 0x0a, 0x02, 0x00, 0x2b, 0xb3,
  0x06, 0x26, 0x28, 0x2a, 0x24, 0x17, 0x33, 0xb1, 0x0f, 0x05, 0xe9, 0xb2,
  0x20, 0x2e, 0x6f, 0x32, 0x32, 0x32, 0x01, 0xb0, 0x71, 0x2f, 0xb1, 0x72,
  0x01, 0x2b, 0x00, 0xb1, 0x0f, 0x54, 0x11, 0x12, 0xb1, 0x19, 0x4d, 0x39,
  0x39, 0xb0, 0x0a, 0x11, 0xb0, 0x08, 0x39, 0x30, 0x31, 0x13, 0x26, 0x35,
  0x36, 0x37, 0x36, 0x17, 0x16, 0x33, 0x32, 0x37, 0x32, 0x17, 0x16, 0x06,
  0x23, 0x0e, 0x01, 0x15, 0x14, 0x1e, 0x02, 0x17, 0x13, 0x16, 0x37, 0x12,
  0x37, 0x36, 0x35, 0x34, 0x27, 0x23, 0x22, 0x26, 0x37, 0x36, 0x33, 0x16,
  0x33, 0x32, 0x37, 0x1e, 0x01, 0x06, 0x23, 0x0e, 0x01, 0x07, 0x03, 0x06,
  0x17, 0x01, 0x16, 0x17, 0x16, 0x17, 0x16, 0x15, 0x14, 0x23, 0x26, 0x23,
  0x22, 0x07, 0x22, 0x27, 0x26, 0x36, 0x3b, 0x01, 0x32, 0x27, 0x26, 0x27,
  0x01, 0x26, 0x06, 0x07, 0x01, 0x06, 0x15, 0x14, 0x3b, 0x01, 0x32, 0x16,
  0x06, 0x23, 0x26, 0x23, 0x22, 0x07, 0x22, 0x26, 0x33, 0x3e, 0x01, 0x37,
  0x3e, 0x02, 0x37, 0x01, 0x3e, 0x01, 0x27, 0x01, 0x2e, 0x01, 0x27, 0x22,
  0x37, 0x02, 0x01, 0x04, 0x08, 0x18, 0x89, 0x85, 0x9b, 0x97, 0x1d, 0x05,
  0x08, 0x12, 0x16, 0x56, 0x36, 0x11, 0x12, 0x1b, 0x04, 0xd3, 0x10, 0x19,
  0xcf, 0x1e, 0x17, 0x46, 0x31, 0x1f, 0x0e, 0x0c, 0x08, 0x1b, 0x70, 0x6a,
  0x85, 0x7c, 0x10, 0x0d, 0x0c, 0x0f, 0x7b, 0x99, 0x5e, 0xc7, 0x06, 0x08,
  0x01, 0x69, 0x58, 0x1c, 0x35, 0x7d, 0x13, 0x15, 0x45, 0x6e, 0x93, 0xdc,
  0x1d, 0x06, 0x06, 0x06, 0x0c, 0x15, 0x6d, 0x01, 0x02, 0x3f, 0xfe, 0xfb,
  0x06, 0x1a, 0x09, 0xfe, 0xe2, 0x31, 0x7d, 0x12, 0x0e, 0x0d, 0x09, 0x0e,
  0xdd, 0x82, 0x56, 0x2e, 0x12, 0x01, 0x15, 0x58, 0x66, 0x2d, 0x06, 0x1d,
  0x1f, 0x10, 0x01, 0x29, 0x04, 0x04, 0x04, 0xfe, 0xd5, 0x60, 0x5c, 0x79,
  0x1b, 0x04, 0xfa, 0x08, 0x09, 0x0b, 0x0c, 0x14, 0x01, 0x06, 0x08, 0x10,
  0x12, 0x23, 0x02, 0x11, 0x14, 0x0a, 0x1f, 0x19, 0x23, 0x04, 0xfe, 0xe6,
  0x17, 0x23, 0x01, 0x12, 0x2d, 0x22, 0x16, 0x26, 0x01, 0x29, 0x0c, 0x0c,
  0x04, 0x06, 0x02, 0x23, 0x1e, 0x06, 0x7b, 0x7d, 0xfe, 0xf8, 0x0a, 0x13,
  0xfe, 0x29, 0x73, 0x14, 0x27, 0x0f, 0x01, 0x21, 0x1d, 0x03, 0x05, 0x0a,
  0x0e, 0x29, 0x2b, 0x1b, 0x56, 0x01, 0x62, 0x04, 0x08, 0x0a, 0xfe, 0x9a,
  0x42, 0x1d, 0x2b, 0x20, 0x21, 0x04, 0x02, 0x46, 0x06, 0x2b, 0x3b, 0x08,
  0x27, 0x27, 0x15, 0x01, 0x78, 0x04, 0x17, 0x04, 0x01, 0x81, 0x7d, 0x37,
  0x02, 0x00, 0x00, 0x00, 0x00, 0x01, 0x00, 0x1f, 0xff, 0xf8, 0x05, 0xd7,
  0x05, 0x33, 0x00, 0x56, 0x00, 0x80, 0x00, 0xb2, 0x3f, 0x00, 0x00, 0x2b,
  0xb1, 0x39, 0x04, 0xe9, 0xb1, 0x48, 0x4b, 0x32, 0x32, 0xb2, 0x24, 0x02,
  0x00, 0x2b, 0xb0, 0x08, 0x33, 0xb1, 0x20, 0x03, 0xe9, 0xb2, 0x11, 0x2d,
  0x55, 0x32, 0x32, 0x32, 0x01, 0xb0, 0x57, 0x2f, 0xb0, 0x4f, 0xd6, 0xb1,
  0x36, 0x0b, 0xe9, 0xb2, 0x36, 0x4f, 0x0a, 0x2b, 0xb3, 0x40, 0x36, 0x3e,
  0x09, 0x2b, 0xb2, 0x4f, 0x36, 0x0a, 0x2b, 0xb3, 0x40, 0x4f, 0x02, 0x09,
  0x2b, 0xb0, 0x36, 0x10, 0xb1, 0x1c, 0x01, 0x2b, 0xb4, 0x2b, 0x0f, 0x00,
  0x0c, 0x04, 0x2b, 0xb1, 0x58, 0x01, 0x2b, 0xb1, 0x1c, 0x36, 0x11, 0x12,
  0xb2, 0x21, 0x27, 0x3f, 0x39, 0x39, 0x39, 0xb0, 0x2b, 0x11, 0xb1, 0x28,
  0x2d, 0x39, 0x39, 0x00, 0xb1, 0x20, 0x39, 0x11, 0x12, 0xb2, 0x13, 0x17,
  0x49, 0x39, 0x39, 0x39, 0xb0, 0x24, 0x11, 0xb1, 0x02, 0x2b, 0x39, 0x39,
  0x30, 0x31, 0x13, 0x26, 0x35, 0x34, 0x37, 0x36, 0x37, 0x36, 0x33, 0x32,
  0x33, 0x16, 0x20, 0x37, 0x32, 0x16, 0x06, 0x23, 0x22, 0x15, 0x14, 0x17,
  0x01, 0x16, 0x36, 0x37, 0x13, 0x36, 0x35, 0x34, 0x26, 0x2b, 0x01, 0x26,
  0x37, 0x36, 0x33, 0x32, 0x33, 0x16, 0x32, 0x37, 0x32, 0x15, 0x14, 0x27,
  0x06, 0x07, 0x06, 0x07, 0x01, 0x1c, 0x02, 0x15, 0x14, 0x16, 0x17, 0x32,
  0x36, 0x17, 0x16, 0x14, 0x23, 0x26, 0x23, 0x22, 0x07, 0x22, 0x26, 0x37,
  0x36, 0x37, 0x36, 0x16, 0x33, 0x36, 0x37, 0x36, 0x35, 0x34, 0x27, 0x01,
  0x2e, 0x01, 0x27, 0x22, 0x20, 0x01, 0x02, 0x02, 0x06, 0x05, 0x06, 0x01,
  0x02, 0xc5, 0x01, 0x14, 0x4e, 0x08, 0x13, 0x0a, 0x17, 0x7f, 0x40, 0x01,
  0x12, 0x08, 0x25, 0x0a, 0xdb, 0x42, 0x2f, 0x46, 0x14, 0x12, 0x02, 0x01,
  0x12, 0x02, 0x01, 0x59, 0xe5, 0x8b, 0x12, 0x12, 0x68, 0x42, 0x1f, 0x4c,
  0xfe, 0xd1, 0x33, 0x40, 0x08, 0x31, 0x0a, 0x19, 0x19, 0xf4, 0x9d, 0x69,
  0x43, 0x10, 0x0d, 0x06, 0x08, 0x23, 0x0a, 0x2a, 0x04, 0x6d, 0x05, 0x06,
  0x04, 0xfe, 0x8a, 0x48, 0x60, 0x5f, 0x19, 0x04, 0xfe, 0x07, 0x06, 0x08,
  0x08, 0x0c, 0x07, 0x05, 0x03, 0x03, 0x21, 0x1e, 0x29, 0x1d, 0x62, 0xfe,
  0x5a, 0x0a, 0x12, 0x13, 0x01, 0x72, 0x6d, 0x1c, 0x1f, 0x17, 0x08, 0x1e,
  0x1b, 0x03, 0x03, 0x1f, 0x23, 0x01, 0x06, 0x44, 0x21, 0x7f, 0xfd, 0xfe,
  0x2d, 0x7d, 0x83, 0x0e, 0x3b, 0x42, 0x08, 0x02, 0x04, 0x06, 0x46, 0x04,
  0x02, 0x2b, 0x10, 0x14, 0x01, 0x02, 0x04, 0x06, 0x7d, 0x56, 0x50, 0x40,
  0x3d, 0x02, 0x49, 0x71, 0x44, 0x04, 0x00, 0x00, 0x00, 0x01, 0x00, 0x4a,
  0xff, 0xfa, 0x05, 0x17, 0x05, 0x33, 0x00, 0x35, 0x00, 0x40, 0x00, 0xb2,
  0x12, 0x02, 0x00, 0x2b, 0xb1, 0x07, 0x09, 0xe9, 0xb0, 0x2a, 0x2f, 0xb1,
  0x1c, 0x0a, 0xe9, 0x01, 0xb0, 0x36, 0x2f, 0xb0, 0x0e, 0xd6, 0xb4, 0x0a,
  0x0c, 0x00, 0x1e, 0x04, 0x2b, 0xb1, 0x37, 0x01, 0x2b, 0x00, 0xb1, 0x1c,
  0x2a, 0x11, 0x12, 0xb0, 0x02, 0x39, 0xb0, 0x07, 0x11, 0xb4, 0x03, 0x0c,
  0x0e, 0x17, 0x22, 0x24, 0x17, 0x39, 0xb0, 0x12, 0x12, 0xb0, 0x16, 0x39,
  0x30, 0x31, 0x37, 0x34, 0x37, 0x01, 0x36, 0x26, 0x23, 0x21, 0x22, 0x06,
  0x07, 0x14, 0x06, 0x26, 0x27, 0x34, 0x37, 0x36, 0x37, 0x21, 0x32, 0x16,
  0x07, 0x01, 0x0e, 0x01, 0x16, 0x33, 0x21, 0x32, 0x36, 0x3f, 0x01, 0x3e,
  0x01, 0x16, 0x15, 0x06, 0x07, 0x06, 0x23, 0x22, 0x23, 0x22, 0x04, 0x23,
  0x20, 0x27, 0x22, 0x26, 0x27, 0x26, 0x35, 0x34, 0x4a, 0x0a, 0x03, 0x6d,
  0x0a, 0x1d, 0x0c, 0xfe, 0x4a, 0x9c, 0x52, 0x12, 0x19, 0x1d, 0x04, 0x0a,
  0x04, 0x29, 0x03, 0xcf, 0x21, 0x1b, 0x11, 0xfc, 0x9c, 0x08, 0x06, 0x1a,
  0x25, 0x02, 0x08, 0x9c, 0x71, 0x10, 0x02, 0x04, 0x21, 0x1b, 0x08, 0x13,
  0x04, 0x36, 0x02, 0x02, 0x3f, 0xfe, 0x33, 0x7f, 0xfe, 0x4a, 0x0a, 0x0a,
  0x13, 0x07, 0x05, 0x1f, 0x0e, 0x10, 0x04, 0x77, 0x0e, 0x0f, 0x44, 0x97,
  0x06, 0x04, 0x0a, 0x0a, 0xc9, 0x56, 0x0e, 0x06, 0x1f, 0x20, 0xfb, 0x9d,
  0x08, 0x12, 0x15, 0x75, 0xa0, 0x14, 0x06, 0x09, 0x05, 0x06, 0xd3, 0xa8,
  0x18, 0x02, 0x02, 0x04, 0x09, 0x07, 0x09, 0x03, 0x00, 0x01, 0x00, 0xd5,
  0xfe, 0x2b, 0x02, 0x2d, 0x05, 0x85, 0x00, 0x1f, 0x00, 0x4d, 0x00, 0xb2,
  0x0c, 0x02, 0x00, 0x2b, 0xb1, 0x07, 0x07, 0xe9, 0xb0, 0x1c, 0x2f, 0xb1,
  0x16, 0x03, 0xe9, 0x01, 0xb0, 0x20, 0x2f, 0xb0, 0x00, 0xd6, 0xb0, 0x02,
  0x32, 0xb4, 0x19, 0x0f, 0x00, 0x0c, 0x04, 0x2b, 0xb0, 0x0a, 0x32, 0xb1,
  0x12, 0x0d, 0xe9, 0xb0, 0x10, 0x32, 0xb4, 0x0a, 0x0f, 0x00, 0x0c, 0x04,
  0x2b, 0xb0, 0x1a, 0x32, 0xb1, 0x21, 0x01, 0x2b, 0xb1, 0x12, 0x00, 0x11,
  0x12, 0xb0, 0x11, 0x39, 0xb0, 0x19, 0x11, 0xb1, 0x0c, 0x1c, 0x39, 0x39,
  0x00, 0x30, 0x31, 0x13, 0x02, 0x13, 0x34, 0x36, 0x37, 0x36, 0x17, 0x32,
  0x1d, 0x01, 0x14, 0x23, 0x06, 0x07, 0x06, 0x17, 0x02, 0x13, 0x14, 0x16,
  0x1f, 0x01, 0x1e, 0x01, 0x1d, 0x01, 0x14, 0x23, 0x06, 0x27, 0x26, 0xd5,
  0x0c, 0x0c, 0x12, 0x1b, 0x3f, 0xc7, 0x25, 0x10, 0x7b, 0x11, 0x19, 0x01,
  0x08, 0x08, 0x21, 0x4b, 0x32, 0x0e, 0x08, 0x27, 0x56, 0xac, 0x2f, 0xfe,
  0x54, 0x03, 0x7f, 0x03, 0x7d, 0x1d, 0x16, 0x02, 0x06, 0x06, 0x0e, 0x1f,
  0x10, 0x0a, 0x09, 0x0e, 0x2f, 0xfc, 0xbe, 0xfc, 0xfe, 0x29, 0x16, 0x06,
  0x05, 0x02, 0x06, 0x0e, 0x17, 0x12, 0x06, 0x06, 0x04, 0x00, 0x00, 0x00,
  0x00, 0x01, 0x00, 0x52, 0xff, 0xd9, 0x03, 0x7d, 0x05, 0x64, 0x00, 0x13,
  0x00, 0x00, 0x13, 0x26, 0x17, 0x33, 0x3a, 0x02, 0x1e, 0x03, 0x17, 0x01,
  0x16, 0x0f, 0x01, 0x06, 0x27, 0x26, 0x27, 0x52, 0x10, 0x4b, 0x2b, 0x04,
  0x11, 0x04, 0x0a, 0x04, 0x06, 0x07, 0x04, 0x02, 0x8d, 0x14, 0x24, 0x56,
  0x1b, 0x0e, 0x02, 0x03, 0x05, 0x46, 0x1f, 0x01, 0x02, 0x02, 0x08, 0x0a,
  0x08, 0xfa, 0xcc, 0x2b, 0x04, 0x0a, 0x04, 0x1f, 0x04, 0x02, 0x00, 0x00,
  0x00, 0x01, 0x00, 0x42, 0xfe, 0x2b, 0x01, 0x9a, 0x05, 0x85, 0x00, 0x20,
  0x00, 0x4e, 0x00, 0xb2, 0x0e, 0x02, 0x00, 0x2b, 0xb1, 0x13, 0x07, 0xe9,
  0xb0, 0x1e, 0x2f, 0xb1, 0x03, 0x05, 0xe9, 0x01, 0xb0, 0x21, 0x2f, 0xb0,
  0x20, 0xd6, 0xb0, 0x10, 0x32, 0xb4, 0x1a, 0x0f, 0x00, 0x0c, 0x04, 0x2b,
  0xb0, 0x18, 0x32, 0xb0, 0x1a, 0x10, 0xb1, 0x07, 0x0d, 0xe9, 0xb0, 0x07,
  0x2f, 0xb0, 0x09, 0x33, 0xb0, 0x1a, 0x10, 0xb4, 0x10, 0x0f, 0x00, 0x0c,
  0x04, 0x2b, 0xb0, 0x10, 0x2f, 0xb1, 0x22, 0x01, 0x2b, 0xb1, 0x1a, 0x07,
  0x11, 0x12, 0xb0, 0x08, 0x39, 0x00, 0x30, 0x31, 0x13, 0x34, 0x36, 0x17,
  0x33, 0x3e, 0x01, 0x35, 0x12, 0x03, 0x34, 0x27, 0x26, 0x2f, 0x01, 0x22,
  0x3d, 0x01, 0x34, 0x3b, 0x01, 0x21, 0x1e, 0x01, 0x15, 0x12, 0x03, 0x14,
  0x07, 0x06, 0x27, 0x22, 0x37, 0x42, 0x14, 0x19, 0x1a, 0x4a, 0x23, 0x08,
  0x08, 0x19, 0x0c, 0x48, 0x37, 0x10, 0x18, 0x0c, 0x01, 0x07, 0x1b, 0x12,
  0x0e, 0x0e, 0x30, 0xac, 0x56, 0x27, 0x01, 0xfe, 0x54, 0x10, 0x0d, 0x02,
  0x06, 0x16, 0x2b, 0x03, 0x04, 0x03, 0x42, 0x2f, 0x0c, 0x06, 0x07, 0x04,
  0x10, 0x1f, 0x0e, 0x02, 0x14, 0x1f, 0xfc, 0x02, 0xfd, 0x02, 0x25, 0x04,
  0x06, 0x06, 0x12, 0x00, 0x00, 0x01, 0x00, 0x2e, 0x02, 0xac, 0x03, 0xbe,
  0x05, 0xb0, 0x00, 0x17, 0x00, 0x00, 0x12, 0x36, 0x37, 0x12, 0x13, 0x33,
  0x00, 0x13, 0x16, 0x0f, 0x01, 0x06, 0x27, 0x02, 0x03, 0x26, 0x07, 0x06,
  0x03, 0x06, 0x23, 0x22, 0x2e, 0x01, 0x2d, 0x02, 0x0a, 0xe3, 0xc9, 0x2d,
  0x01, 0x00, 0xac, 0x17, 0x2b, 0x29, 0x23, 0x14, 0x98, 0xa2, 0x17, 0x12,
  0x71, 0xd0, 0x0e, 0x27, 0x04, 0x23, 0x0d, 0x02, 0xbc, 0x15, 0x10, 0x01,
  0x98, 0x01, 0x37, 0xfe, 0x5e, 0xfe, 0xcb, 0x25, 0x04, 0x04, 0x04, 0x27,
  0x01, 0x0e, 0x01, 0x02, 0x25, 0x1f, 0xae, 0xfe, 0x90, 0x1b, 0x02, 0x04,
  0x00, 0x01, 0xff, 0xec, 0xfe, 0x25, 0x04, 0x4a, 0xfe, 0x92, 0x00, 0x14,
  0x00, 0x1d, 0x00, 0xb0, 0x10, 0x2f, 0xb1, 0x0b, 0x0a, 0xe9, 0xb0, 0x03,
  0x32, 0xb1, 0x06, 0x0a, 0xe9, 0xb0, 0x02, 0x32, 0x01, 0xb0, 0x15, 0x2f,
  0xb1, 0x16, 0x01, 0x2b, 0x00, 0x30, 0x31, 0x03, 0x34, 0x3e, 0x01, 0x1e,
  0x01, 0x33, 0x21, 0x32, 0x36, 0x32, 0x33, 0x32, 0x1d, 0x01, 0x14, 0x07,
  0x23, 0x21, 0x22, 0x37, 0x14, 0x0c, 0x1f, 0x1e, 0x33, 0x15, 0x03, 0x25,
  0x04, 0x3d, 0x2d, 0x11, 0x29, 0x15, 0x2b, 0xfc, 0x2f, 0x4e, 0x01, 0xfe,
  0x81, 0x08, 0x08, 0x02, 0x02, 0x02, 0x02, 0x18, 0x3c, 0x14, 0x04, 0x25,
  0x00, 0x01, 0x00, 0x8f, 0x03, 0xcf, 0x01, 0xd5, 0x05, 0x44, 0x00, 0x0c,
  0x00, 0x2a, 0x00, 0xb2, 0x04, 0x02, 0x00, 0x2b, 0xb4, 0x09, 0x0a, 0x00,
  0x0b, 0x04, 0x2b, 0x01, 0xb0, 0x0d, 0x2f, 0xb0, 0x0b, 0xd6, 0xb4, 0x08,
  0x0c, 0x00, 0x1e, 0x04, 0x2b, 0xb1, 0x0e, 0x01, 0x2b, 0x00, 0xb1, 0x04,
  0x09, 0x11, 0x12, 0xb0, 0x0b, 0x39, 0x30, 0x31, 0x13, 0x26, 0x36, 0x33,
  0x37, 0x32, 0x17, 0x16, 0x17, 0x16, 0x06, 0x27, 0x26, 0x8f, 0x0a, 0x15,
  0x12, 0x9e, 0x1d, 0x0a, 0x3b, 0x29, 0x02, 0x29, 0x0c, 0x6d, 0x05, 0x1b,
  0x0a, 0x1d, 0x02, 0x11, 0x9c, 0xb2, 0x12, 0x08, 0x0c, 0x8d, 0x00, 0x00,
  0x00, 0x02, 0x00, 0x33, 0xff, 0xe7, 0x03, 0x33, 0x03, 0x73, 0x00, 0x38,
  0x00, 0x4a, 0x00, 0x8c, 0x00, 0xb2, 0x18, 0x01, 0x00, 0x2b, 0xb1, 0x09,
  0x08, 0xe9, 0xb2, 0x36, 0x00, 0x00, 0x2b, 0xb0, 0x2d, 0x33, 0xb1, 0x3b,
  0x09, 0xe9, 0xb2, 0x36, 0x00, 0x00, 0x2b, 0xb4, 0x22, 0x0a, 0x00, 0x21,
  0x04, 0x2b, 0xb2, 0x3b, 0x36, 0x0a, 0x2b, 0xb3, 0x40, 0x3b, 0x27, 0x09,
  0x2b, 0x01, 0xb0, 0x4b, 0x2f, 0xb0, 0x00, 0xd6, 0xb0, 0x14, 0x32, 0xb1,
  0x4a, 0x0d, 0xe9, 0xb1, 0x0c, 0x0d, 0xe9, 0xb0, 0x4a, 0x10, 0xb1, 0x3e,
  0x01, 0x2b, 0xb0, 0x06, 0x32, 0xb1, 0x1f, 0x0d, 0xe9, 0xb1, 0x4c, 0x01,
  0x2b, 0xb1, 0x3e, 0x0c, 0x11, 0x12, 0xb6, 0x03, 0x02, 0x18, 0x30, 0x36,
  0x3b, 0x48, 0x24, 0x17, 0x39, 0xb0, 0x1f, 0x11, 0xb0, 0x2d, 0x39, 0x00,
  0xb1, 0x3b, 0x36, 0x11, 0x12, 0xb0, 0x33, 0x39, 0xb0, 0x22, 0x11, 0xb3,
  0x2b, 0x2f, 0x30, 0x32, 0x24, 0x17, 0x39, 0xb0, 0x09, 0x12, 0xb7, 0x00,
  0x12, 0x14, 0x1e, 0x29, 0x3e, 0x44, 0x4a, 0x24, 0x17, 0x39, 0x30, 0x31,
  0x37, 0x34, 0x37, 0x36, 0x37, 0x36, 0x2f, 0x01, 0x26, 0x27, 0x22, 0x06,
  0x15, 0x14, 0x17, 0x0e, 0x01, 0x07, 0x06, 0x26, 0x35, 0x34, 0x37, 0x36,
  0x33, 0x32, 0x16, 0x17, 0x1e, 0x01, 0x15, 0x11, 0x14, 0x16, 0x32, 0x37,
  0x36, 0x37, 0x36, 0x33, 0x16, 0x15, 0x14, 0x07, 0x06, 0x23, 0x22, 0x27,
  0x26, 0x22, 0x0f, 0x01, 0x0e, 0x01, 0x23, 0x22, 0x26, 0x36, 0x16, 0x33,
  0x32, 0x36, 0x37, 0x35, 0x3c, 0x01, 0x26, 0x27, 0x26, 0x22, 0x07, 0x06,
  0x07, 0x06, 0x15, 0x33, 0xd9, 0x52, 0x71, 0x17, 0x01, 0x02, 0x04, 0x87,
  0x23, 0x52, 0x06, 0x0a, 0x60, 0x10, 0x1b, 0x15, 0x82, 0x68, 0x58, 0x42,
  0x81, 0x22, 0x19, 0x0a, 0x15, 0x31, 0x0c, 0x19, 0x18, 0x0a, 0x09, 0x14,
  0x06, 0x87, 0x52, 0x58, 0x13, 0x06, 0x04, 0x0a, 0x0a, 0x42, 0x56, 0x39,
  0x58, 0x6f, 0x9e, 0x41, 0x30, 0x21, 0x74, 0x0c, 0x04, 0x04, 0x02, 0x05,
  0x03, 0x2f, 0x63, 0x6e, 0xa0, 0x98, 0x39, 0x17, 0x34, 0x0e, 0x17, 0x83,
  0xb8, 0x01, 0x3c, 0x20, 0x23, 0x0f, 0x0a, 0x2f, 0x04, 0x0a, 0x0c, 0x1d,
  0x4c, 0x62, 0x54, 0x42, 0x33, 0x21, 0x3b, 0x63, 0xfe, 0x8c, 0x3d, 0x28,
  0x07, 0x08, 0x16, 0x06, 0x04, 0x14, 0x0b, 0x10, 0x77, 0x6b, 0x06, 0x08,
  0x08, 0x39, 0x28, 0x67, 0x3d, 0x41, 0x4b, 0x21, 0x98, 0x06, 0x0a, 0x15,
  0x04, 0x02, 0x02, 0x17, 0x29, 0x2d, 0x4f, 0x00, 0x00, 0x02, 0x00, 0x10,
  0xff, 0xe1, 0x03, 0xa4, 0x05, 0xcf, 0x00, 0x2d, 0x00, 0x3c, 0x00, 0x7c,
  0x00, 0xb2, 0x19, 0x01, 0x00, 0x2b, 0xb4, 0x38, 0x0a, 0x00, 0x24, 0x04,
  0x2b, 0xb2, 0x19, 0x38, 0x0a, 0x2b, 0xb3, 0x40, 0x19, 0x05, 0x09, 0x2b,
  0xb2, 0x25, 0x01, 0x00, 0x2b, 0xb2, 0x1f, 0x00, 0x00, 0x2b, 0xb1, 0x33,
  0x08, 0xe9, 0x01, 0xb0, 0x3d, 0x2f, 0xb0, 0x23, 0xd6, 0xb1, 0x2e, 0x0d,
  0xe9, 0xb0, 0x08, 0x32, 0xb2, 0x23, 0x2e, 0x0a, 0x2b, 0xb3, 0x40, 0x23,
  0x01, 0x09, 0x2b, 0xb0, 0x2e, 0x10, 0xb1, 0x36, 0x01, 0x2b, 0xb1, 0x1c,
  0x0d, 0xe9, 0xb1, 0x3e, 0x01, 0x2b, 0xb1, 0x2e, 0x23, 0x11, 0x12, 0xb1,
  0x05, 0x04, 0x39, 0x39, 0xb0, 0x36, 0x11, 0xb1, 0x19, 0x1f, 0x39, 0x39,
  0x00, 0xb1, 0x33, 0x1f, 0x11, 0x12, 0xb0, 0x23, 0x39, 0xb0, 0x38, 0x11,
  0xb3, 0x10, 0x0d, 0x24, 0x1c, 0x24, 0x17, 0x39, 0xb0, 0x19, 0x12, 0xb0,
  0x11, 0x39, 0x30, 0x31, 0x12, 0x34, 0x3f, 0x01, 0x36, 0x32, 0x17, 0x16,
  0x07, 0x06, 0x10, 0x17, 0x16, 0x17, 0x32, 0x37, 0x3e, 0x08, 0x33, 0x32,
  0x16, 0x15, 0x14, 0x00, 0x23, 0x22, 0x27, 0x26, 0x27, 0x36, 0x10, 0x03,
  0x34, 0x26, 0x35, 0x26, 0x27, 0x2e, 0x01, 0x01, 0x14, 0x17, 0x1e, 0x01,
  0x33, 0x32, 0x36, 0x10, 0x26, 0x23, 0x22, 0x07, 0x14, 0x06, 0x10, 0x0f,
  0xfa, 0x0c, 0x11, 0x04, 0x08, 0x03, 0x03, 0x03, 0x06, 0x0b, 0x02, 0x02,
  0x04, 0x27, 0x10, 0x27, 0x17, 0x25, 0x1c, 0x21, 0x1f, 0x0e, 0x89, 0xbf,
  0xfe, 0xfc, 0xcd, 0x68, 0xb1, 0x10, 0x04, 0x03, 0x03, 0x02, 0x02, 0x2b,
  0x0e, 0x3c, 0x01, 0x10, 0x11, 0x10, 0x63, 0x47, 0x73, 0x8f, 0x8f, 0x6d,
  0x42, 0x8d, 0x02, 0x05, 0x44, 0x2f, 0x04, 0x54, 0x04, 0x04, 0x08, 0x1b,
  0x6a, 0xfe, 0xb6, 0xe0, 0x2f, 0x02, 0x02, 0x04, 0x1b, 0x0c, 0x1b, 0x0c,
  0x15, 0x0c, 0x0a, 0x06, 0xf1, 0xa8, 0xd5, 0xfe, 0xe7, 0x27, 0x06, 0x1f,
  0xfe, 0x02, 0x49, 0x01, 0x4a, 0x14, 0x32, 0x04, 0x21, 0x06, 0x02, 0x0a,
  0xfc, 0x81, 0xb4, 0x43, 0x3f, 0x4f, 0xc1, 0x01, 0x37, 0xc5, 0x67, 0x04,
  0x95, 0x00, 0x00, 0x00, 0x00, 0x01, 0x00, 0x33, 0xff, 0xe7, 0x03, 0x1e,
  0x03, 0x75, 0x00, 0x23, 0x00, 0x3c, 0x00, 0xb2, 0x03, 0x01, 0x00, 0x2b,
  0xb1, 0x0d, 0x04, 0xe9, 0xb2, 0x0d, 0x03, 0x0a, 0x2b, 0xb3, 0x00, 0x0d,
  0x09, 0x09, 0x2b, 0xb2, 0x21, 0x00, 0x00, 0x2b, 0xb1, 0x13, 0x0a, 0xe9,
  0x01, 0xb0, 0x24, 0x2f, 0xb0, 0x00, 0xd6, 0xb1, 0x10, 0x0d, 0xe9, 0xb1,
  0x25, 0x01, 0x2b, 0x00, 0xb1, 0x0d, 0x13, 0x11, 0x12, 0xb2, 0x00, 0x16,
  0x1d, 0x39, 0x39, 0x39, 0x30, 0x31, 0x13, 0x34, 0x00, 0x33, 0x32, 0x16,
  0x15, 0x14, 0x06, 0x23, 0x22, 0x27, 0x26, 0x23, 0x22, 0x06, 0x15, 0x14,
  0x16, 0x33, 0x32, 0x37, 0x36, 0x17, 0x1e, 0x02, 0x17, 0x16, 0x15, 0x14,
  0x07, 0x06, 0x23, 0x22, 0x26, 0x33, 0x01, 0x21, 0xcf, 0x64, 0x90, 0x2b,
  0x1f, 0x35, 0x4a, 0x39, 0x3c, 0x66, 0x9c, 0xa0, 0x7b, 0x93, 0x5e, 0x0a,
  0x19, 0x06, 0x04, 0x05, 0x02, 0x07, 0x0a, 0x89, 0xe1, 0xa2, 0xd5, 0x01,
  0x8b, 0xcd, 0x01, 0x1d, 0x4a, 0x39, 0x21, 0x2b, 0x48, 0x39, 0xd9, 0x94,
  0x9e, 0xc6, 0x89, 0x1f, 0x06, 0x02, 0x04, 0x09, 0x04, 0x05, 0x09, 0x0a,
  0x0f, 0xd7, 0xee, 0x00, 0x00, 0x02, 0x00, 0x2f, 0xff, 0xe1, 0x04, 0x01,
  0x05, 0xe2, 0x00, 0x3e, 0x00, 0x4b, 0x00, 0x9f, 0x00, 0xb2, 0x03, 0x01,
  0x00, 0x2b, 0xb1, 0x49, 0x04, 0xe9, 0xb2, 0x3c, 0x00, 0x00, 0x2b, 0xb4,
  0x42, 0x0a, 0x00, 0x23, 0x04, 0x2b, 0xb3, 0x2f, 0x42, 0x3c, 0x08, 0x2b,
  0xb1, 0x29, 0x03, 0xe9, 0xb2, 0x32, 0x00, 0x00, 0x2b, 0xb2, 0x11, 0x02,
  0x00, 0x2b, 0xb1, 0x17, 0x07, 0xe9, 0xb2, 0x17, 0x11, 0x0a, 0x2b, 0xb3,
  0x40, 0x17, 0x1b, 0x09, 0x2b, 0x01, 0xb0, 0x4c, 0x2f, 0xb0, 0x00, 0xd6,
  0xb1, 0x3f, 0x0d, 0xe9, 0xb0, 0x3f, 0x10, 0xb1, 0x46, 0x01, 0x2b, 0xb1,
  0x08, 0x36, 0x32, 0x32, 0xb1, 0x20, 0x0d, 0xe9, 0xb2, 0x20, 0x46, 0x0a,
  0x2b, 0xb3, 0x40, 0x20, 0x2d, 0x09, 0x2b, 0xb1, 0x4d, 0x01, 0x2b, 0xb1,
  0x46, 0x3f, 0x11, 0x12, 0xb6, 0x06, 0x10, 0x03, 0x17, 0x14, 0x3a, 0x3c,
  0x24, 0x17, 0x39, 0xb0, 0x20, 0x11, 0xb0, 0x18, 0x39, 0x00, 0xb1, 0x29,
  0x2f, 0x11, 0x12, 0xb2, 0x23, 0x39, 0x3a, 0x39, 0x39, 0x39, 0xb0, 0x49,
  0x11, 0xb3, 0x20, 0x00, 0x3f, 0x47, 0x24, 0x17, 0x39, 0xb0, 0x03, 0x12,
  0xb0, 0x06, 0x39, 0xb0, 0x11, 0x11, 0xb0, 0x09, 0x39, 0x30, 0x31, 0x13,
  0x34, 0x00, 0x33, 0x32, 0x17, 0x16, 0x36, 0x35, 0x36, 0x34, 0x27, 0x26,
  0x27, 0x2e, 0x02, 0x27, 0x26, 0x27, 0x26, 0x37, 0x36, 0x37, 0x36, 0x37,
  0x36, 0x33, 0x32, 0x17, 0x16, 0x15, 0x11, 0x14, 0x16, 0x33, 0x32, 0x37,
  0x32, 0x3e, 0x01, 0x32, 0x16, 0x17, 0x16, 0x15, 0x14, 0x07, 0x06, 0x07,
  0x06, 0x2e, 0x01, 0x34, 0x37, 0x35, 0x34, 0x26, 0x07, 0x06, 0x23, 0x22,
  0x26, 0x37, 0x14, 0x16, 0x33, 0x32, 0x37, 0x36, 0x37, 0x11, 0x26, 0x23,
  0x22, 0x06, 0x2f, 0x01, 0x08, 0xc5, 0x48, 0x62, 0x08, 0x0e, 0x03, 0x03,
  0x0a, 0x06, 0x0c, 0x25, 0x33, 0x0b, 0x14, 0x02, 0x04, 0x02, 0x04, 0x10,
  0x8f, 0x73, 0x08, 0x05, 0x08, 0x06, 0x08, 0x15, 0x23, 0x08, 0x25, 0x02,
  0x12, 0x0a, 0x0f, 0x0a, 0x02, 0x05, 0x0b, 0x89, 0x8c, 0x0e, 0x12, 0x07,
  0x02, 0x0c, 0x0a, 0xb8, 0x69, 0x8f, 0xc7, 0xa4, 0x91, 0x6d, 0x58, 0x7d,
  0x10, 0x04, 0x6d, 0x7e, 0x71, 0x8b, 0x01, 0x87, 0xcd, 0x01, 0x16, 0x20,
  0x02, 0x20, 0x15, 0x44, 0xcd, 0x8b, 0x1d, 0x03, 0x08, 0x05, 0x02, 0x02,
  0x04, 0x0a, 0x14, 0x09, 0x10, 0x02, 0x2d, 0x2b, 0x03, 0x06, 0x0b, 0x17,
  0xfb, 0x36, 0x52, 0x23, 0x0c, 0x06, 0x02, 0x08, 0x08, 0x10, 0x0a, 0x10,
  0x05, 0x44, 0x23, 0x06, 0x0d, 0x1a, 0x19, 0x0e, 0x11, 0x0e, 0x16, 0x06,
  0x7f, 0xf8, 0xee, 0x9e, 0xd3, 0x54, 0x08, 0x27, 0x01, 0xa4, 0x9c, 0xbb,
  0x00, 0x02, 0x00, 0x35, 0xff, 0xe1, 0x03, 0x3c, 0x03, 0x6f, 0x00, 0x25,
  0x00, 0x32, 0x00, 0x56, 0x00, 0xb2, 0x03, 0x01, 0x00, 0x2b, 0xb1, 0x31,
  0x03, 0xe9, 0xb2, 0x23, 0x00, 0x00, 0x2b, 0xb4, 0x18, 0x0a, 0x00, 0x20,
  0x04, 0x2b, 0xb4, 0x2a, 0x11, 0x23, 0x03, 0x0d, 0x2b, 0xb1, 0x2a, 0x03,
  0xe9, 0x01, 0xb0, 0x33, 0x2f, 0xb0, 0x00, 0xd6, 0xb1, 0x15, 0x0d, 0xe9,
  0xb2, 0x15, 0x00, 0x0a, 0x2b, 0xb3, 0x00, 0x15, 0x0a, 0x09, 0x2b, 0xb1,
  0x34, 0x01, 0x2b, 0x00, 0xb1, 0x11, 0x18, 0x11, 0x12, 0xb1, 0x00, 0x1b,
  0x39, 0x39, 0xb0, 0x2a, 0x11, 0xb0, 0x08, 0x39, 0xb0, 0x31, 0x12, 0xb1,
  0x07, 0x05, 0x39, 0x39, 0x30, 0x31, 0x13, 0x34, 0x12, 0x33, 0x32, 0x1f,
  0x01, 0x16, 0x17, 0x16, 0x15, 0x14, 0x07, 0x06, 0x07, 0x06, 0x20, 0x27,
  0x22, 0x07, 0x06, 0x15, 0x14, 0x16, 0x33, 0x32, 0x37, 0x36, 0x17, 0x1e,
  0x01, 0x07, 0x06, 0x07, 0x06, 0x23, 0x22, 0x02, 0x13, 0x06, 0x17, 0x16,
  0x33, 0x21, 0x32, 0x36, 0x27, 0x2e, 0x01, 0x23, 0x22, 0x35, 0xf0, 0xb4,
  0xcf, 0x58, 0x10, 0x0c, 0x1d, 0x03, 0x01, 0x02, 0x1a, 0x4f, 0xfe, 0xee,
  0xc4, 0x25, 0x02, 0x04, 0xb0, 0x83, 0x8f, 0x6f, 0x0a, 0x15, 0x0c, 0x0e,
  0x06, 0x44, 0x4d, 0x73, 0x7f, 0xa2, 0xd9, 0xb0, 0x01, 0x0c, 0x0e, 0x08,
  0x01, 0x33, 0x10, 0x23, 0x02, 0x17, 0x65, 0x42, 0xc7, 0x01, 0x9e, 0xc9,
  0x01, 0x08, 0xb5, 0x22, 0x1f, 0x23, 0x09, 0x0c, 0x05, 0x06, 0x12, 0x01,
  0x03, 0x03, 0x15, 0x17, 0x26, 0x9e, 0xcf, 0x83, 0x0e, 0x03, 0x04, 0x1d,
  0x0a, 0x50, 0x3e, 0x58, 0x01, 0x02, 0x01, 0x90, 0x05, 0x04, 0x06, 0x0d,
  0x0c, 0x54, 0x5e, 0x00, 0x00, 0x01, 0x00, 0x23, 0xff, 0xfa, 0x03, 0x83,
  0x05, 0xd1, 0x00, 0x48, 0x00, 0x7b, 0x00, 0xb2, 0x38, 0x00, 0x00, 0x2b,
  0xb1, 0x31, 0x06, 0xe9, 0xb0, 0x41, 0x32, 0xb2, 0x18, 0x02, 0x00, 0x2b,
  0xb4, 0x0b, 0x0a, 0x00, 0x23, 0x04, 0x2b, 0xb2, 0x11, 0x02, 0x00, 0x2b,
  0xb4, 0x22, 0x29, 0x38, 0x18, 0x0d, 0x2b, 0xb0, 0x47, 0x33, 0xb4, 0x22,
  0x0a, 0x00, 0x21, 0x04, 0x2b, 0xb1, 0x02, 0x03, 0xe9, 0x01, 0xb0, 0x49,
  0x2f, 0xb0, 0x44, 0xd6, 0xb0, 0x04, 0x32, 0xb1, 0x2d, 0x0d, 0xe9, 0xb0,
  0x1d, 0x32, 0xb2, 0x2d, 0x44, 0x0a, 0x2b, 0xb3, 0x40, 0x2d, 0x36, 0x09,
  0x2b, 0xb2, 0x44, 0x2d, 0x0a, 0x2b, 0xb3, 0x40, 0x44, 0x3d, 0x09, 0x2b,
  0xb1, 0x4a, 0x01, 0x2b, 0xb1, 0x2d, 0x44, 0x11, 0x12, 0xb0, 0x07, 0x39,
  0x00, 0xb1, 0x22, 0x29, 0x11, 0x12, 0xb1, 0x04, 0x26, 0x39, 0x39, 0xb1,
  0x18, 0x02, 0x11, 0x12, 0xb0, 0x14, 0x39, 0x30, 0x31, 0x12, 0x34, 0x37,
  0x36, 0x37, 0x34, 0x37, 0x3e, 0x01, 0x37, 0x36, 0x33, 0x32, 0x16, 0x17,
  0x16, 0x15, 0x14, 0x07, 0x0e, 0x01, 0x26, 0x27, 0x26, 0x23, 0x22, 0x06,
  0x07, 0x06, 0x15, 0x14, 0x15, 0x17, 0x14, 0x3b, 0x01, 0x32, 0x1f, 0x01,
  0x06, 0x23, 0x27, 0x22, 0x06, 0x15, 0x11, 0x14, 0x17, 0x16, 0x33, 0x32,
  0x3b, 0x01, 0x16, 0x17, 0x14, 0x23, 0x26, 0x20, 0x07, 0x22, 0x27, 0x34,
  0x37, 0x36, 0x33, 0x32, 0x36, 0x35, 0x11, 0x26, 0x27, 0x23, 0x23, 0x0a,
  0x5e, 0x3c, 0x04, 0x06, 0x3b, 0x50, 0x96, 0xac, 0x39, 0x89, 0x1d, 0x06,
  0x29, 0x0e, 0x1f, 0x12, 0x15, 0x62, 0x62, 0x3f, 0x69, 0x15, 0x1d, 0x02,
  0x1f, 0x98, 0x19, 0x03, 0x0f, 0x04, 0x15, 0xae, 0x0a, 0x11, 0x14, 0x12,
  0x59, 0x08, 0x07, 0x45, 0x17, 0x04, 0x12, 0x9c, 0xfe, 0xfe, 0x66, 0x10,
  0x01, 0x04, 0x06, 0x1f, 0x48, 0x25, 0x06, 0x13, 0x81, 0x02, 0xd9, 0x37,
  0x07, 0x14, 0x23, 0x08, 0x66, 0x7d, 0x9e, 0x56, 0xa4, 0x31, 0x2b, 0x09,
  0x0e, 0x14, 0x42, 0x14, 0x04, 0x0a, 0x10, 0x50, 0x4a, 0x3d, 0x4f, 0x6e,
  0x07, 0x07, 0x8d, 0x29, 0x13, 0x5c, 0x10, 0x02, 0x12, 0x09, 0xfe, 0x4c,
  0x8f, 0x19, 0x18, 0x02, 0x29, 0x21, 0x05, 0x05, 0x21, 0x10, 0x06, 0x0e,
  0x4c, 0x83, 0x01, 0xaa, 0x1d, 0x04, 0x00, 0x00, 0x00, 0x03, 0x00, 0x37,
  0xfe, 0x00, 0x03, 0x9c, 0x03, 0x6f, 0x00, 0x45, 0x00, 0x55, 0x00, 0x61,
  0x00, 0xe4, 0x00, 0xb2, 0x1a, 0x01, 0x00, 0x2b, 0xb1, 0x5f, 0x05, 0xe9,
  0xb2, 0x52, 0x00, 0x00, 0x2b, 0xb4, 0x3c, 0x0a, 0x00, 0x1f, 0x04, 0x2b,
  0xb2, 0x0a, 0x00, 0x00, 0x2b, 0xb0, 0x43, 0x2f, 0xb1, 0x49, 0x0a, 0xe9,
  0xb4, 0x32, 0x59, 0x52, 0x1a, 0x0d, 0x2b, 0xb1, 0x32, 0x05, 0xe9, 0xb4,
  0x1d, 0x2a, 0x52, 0x1a, 0x0d, 0x2b, 0xb4, 0x1d, 0x0a, 0x00, 0x23, 0x04,
  0x2b, 0x01, 0xb0, 0x62, 0x2f, 0xb0, 0x17, 0xd6, 0xb0, 0x0c, 0x32, 0xb1,
  0x56, 0x0d, 0xe9, 0xb0, 0x00, 0x20, 0xd6, 0x11, 0xb1, 0x46, 0x0d, 0xe9,
  0xb0, 0x17, 0x10, 0xb1, 0x38, 0x0d, 0xe9, 0xb0, 0x56, 0x10, 0xb1, 0x5c,
  0x01, 0x2b, 0xb1, 0x2f, 0x0d, 0xe9, 0xb0, 0x2f, 0x10, 0xb1, 0x4c, 0x01,
  0x2b, 0xb1, 0x40, 0x0c, 0xe9, 0xb0, 0x24, 0x32, 0xb1, 0x63, 0x01, 0x2b,
  0xb1, 0x38, 0x17, 0x11, 0x12, 0xb2, 0x05, 0x0a, 0x0f, 0x39, 0x39, 0x39,
  0xb0, 0x56, 0x11, 0xb0, 0x09, 0x39, 0xb0, 0x5c, 0x12, 0x40, 0x0a, 0x15,
  0x1a, 0x32, 0x36, 0x3c, 0x43, 0x49, 0x50, 0x54, 0x14, 0x24, 0x17, 0x39,
  0xb0, 0x2f, 0x11, 0xb2, 0x1c, 0x2c, 0x3d, 0x39, 0x39, 0x39, 0xb0, 0x4c,
  0x12, 0xb0, 0x2a, 0x39, 0x00, 0xb1, 0x52, 0x49, 0x11, 0x12, 0xb2, 0x05,
  0x40, 0x00, 0x39, 0x39, 0x39, 0xb0, 0x3c, 0x11, 0xb0, 0x0b, 0x39, 0xb0,
  0x32, 0x12, 0xb2, 0x0f, 0x0e, 0x36, 0x39, 0x39, 0x39, 0xb0, 0x59, 0x11,
  0xb1, 0x15, 0x34, 0x39, 0x39, 0xb0, 0x2a, 0x12, 0xb5, 0x17, 0x28, 0x2d,
  0x2f, 0x56, 0x5c, 0x24, 0x17, 0x39, 0xb0, 0x1d, 0x11, 0xb0, 0x24, 0x39,
  0x30, 0x31, 0x13, 0x34, 0x36, 0x37, 0x3e, 0x02, 0x37, 0x3e, 0x01, 0x27,
  0x26, 0x27, 0x34, 0x37, 0x3e, 0x01, 0x3f, 0x01, 0x3e, 0x01, 0x27, 0x26,
  0x35, 0x34, 0x36, 0x33, 0x32, 0x17, 0x33, 0x32, 0x37, 0x36, 0x16, 0x17,
  0x16, 0x15, 0x14, 0x15, 0x06, 0x23, 0x22, 0x27, 0x26, 0x06, 0x17, 0x16,
  0x15, 0x14, 0x06, 0x23, 0x22, 0x27, 0x06, 0x07, 0x06, 0x15, 0x14, 0x1e,
  0x01, 0x33, 0x16, 0x17, 0x16, 0x15, 0x14, 0x04, 0x23, 0x22, 0x26, 0x37,
  0x06, 0x16, 0x33, 0x32, 0x36, 0x35, 0x34, 0x26, 0x27, 0x26, 0x22, 0x27,
  0x06, 0x07, 0x06, 0x13, 0x14, 0x16, 0x33, 0x32, 0x36, 0x35, 0x34, 0x26,
  0x23, 0x22, 0x06, 0x37, 0x3e, 0x3f, 0x08, 0x11, 0x12, 0x06, 0x0a, 0x09,
  0x08, 0x8f, 0x01, 0x56, 0x0e, 0x28, 0x0a, 0x08, 0x0a, 0x0a, 0x04, 0xa1,
  0xc6, 0x92, 0x89, 0x50, 0x10, 0x29, 0x91, 0x17, 0x0e, 0x02, 0x07, 0x04,
  0x11, 0x1b, 0x64, 0x04, 0x12, 0x02, 0x12, 0xc5, 0x95, 0x29, 0x2b, 0x04,
  0x35, 0x27, 0x10, 0x79, 0x75, 0xe5, 0x5e, 0x69, 0xfe, 0xc2, 0xdd, 0x73,
  0xd7, 0x96, 0x02, 0xb2, 0x75, 0x66, 0xcb, 0x65, 0x7f, 0x31, 0x95, 0x27,
  0x04, 0x17, 0x6a, 0x37, 0x69, 0x4f, 0x4e, 0x5e, 0x6c, 0x50, 0x48, 0x60,
  0xfe, 0xe1, 0x46, 0x5a, 0x29, 0x06, 0x0a, 0x0b, 0x04, 0x08, 0x16, 0x05,
  0x33, 0x64, 0x29, 0x2f, 0x08, 0x17, 0x06, 0x06, 0x06, 0x0d, 0x02, 0x51,
  0xab, 0x93, 0xc5, 0x56, 0x16, 0x04, 0x0a, 0x17, 0x3c, 0x20, 0x04, 0x04,
  0x1b, 0x0f, 0x02, 0x0e, 0x05, 0x2d, 0x39, 0x89, 0xae, 0x0c, 0x06, 0x2f,
  0x21, 0x14, 0x0e, 0x15, 0x17, 0x04, 0x2b, 0x2f, 0x8d, 0x9c, 0xd5, 0x7f,
  0x9a, 0x4e, 0x63, 0x85, 0x4c, 0x48, 0x44, 0x0a, 0x04, 0x02, 0x08, 0x17,
  0x6a, 0x02, 0xfa, 0x7b, 0x90, 0x7a, 0x6a, 0x75, 0x97, 0x83, 0x00, 0x00,
  0x00, 0x01, 0x00, 0x22, 0xff, 0xf9, 0x04, 0x20, 0x05, 0xd5, 0x00, 0x65,
  0x00, 0xa4, 0x00, 0xb2, 0x1e, 0x01, 0x00, 0x2b, 0xb1, 0x46, 0x0a, 0xe9,
  0xb2, 0x1e, 0x46, 0x0a, 0x2b, 0xb3, 0x40, 0x1e, 0x13, 0x09, 0x2b, 0xb2,
  0x5a, 0x00, 0x00, 0x2b, 0xb0, 0x31, 0x33, 0xb1, 0x50, 0x05, 0xe9, 0xb2,
  0x00, 0x2a, 0x3b, 0x32, 0x32, 0x32, 0x01, 0xb0, 0x66, 0x2f, 0xb0, 0x05,
  0xd6, 0xb1, 0x4d, 0x0d, 0xe9, 0xb0, 0x17, 0x32, 0xb2, 0x4d, 0x05, 0x0a,
  0x2b, 0xb3, 0x40, 0x4d, 0x54, 0x09, 0x2b, 0xb2, 0x05, 0x4d, 0x0a, 0x2b,
  0xb3, 0x40, 0x05, 0x64, 0x09, 0x2b, 0xb0, 0x4d, 0x10, 0xb1, 0x41, 0x01,
  0x2b, 0xb1, 0x22, 0x0d, 0xe9, 0xb1, 0x25, 0x27, 0x32, 0x32, 0xb2, 0x22,
  0x41, 0x0a, 0x2b, 0xb3, 0x40, 0x22, 0x2f, 0x09, 0x2b, 0xb1, 0x67, 0x01,
  0x2b, 0xb1, 0x4d, 0x05, 0x11, 0x12, 0xb1, 0x13, 0x5c, 0x39, 0x39, 0xb0,
  0x41, 0x11, 0xb3, 0x1e, 0x37, 0x3a, 0x5b, 0x24, 0x17, 0x39, 0xb0, 0x22,
  0x12, 0xb1, 0x33, 0x35, 0x39, 0x39, 0x00, 0xb1, 0x50, 0x5a, 0x11, 0x12,
  0xb0, 0x2f, 0x39, 0xb0, 0x46, 0x11, 0xb3, 0x03, 0x1a, 0x27, 0x02, 0x24,
  0x17, 0x39, 0xb0, 0x1e, 0x12, 0xb0, 0x18, 0x39, 0x30, 0x31, 0x37, 0x36,
  0x37, 0x3e, 0x01, 0x35, 0x11, 0x27, 0x34, 0x27, 0x2e, 0x01, 0x27, 0x2e,
  0x01, 0x37, 0x36, 0x37, 0x36, 0x33, 0x32, 0x17, 0x16, 0x15, 0x11, 0x14,
  0x16, 0x37, 0x3e, 0x01, 0x33, 0x32, 0x17, 0x16, 0x17, 0x14, 0x06, 0x15,
  0x06, 0x15, 0x14, 0x16, 0x33, 0x32, 0x16, 0x17, 0x16, 0x15, 0x14, 0x23,
  0x06, 0x23, 0x22, 0x23, 0x26, 0x23, 0x22, 0x35, 0x26, 0x17, 0x33, 0x32,
  0x36, 0x37, 0x36, 0x35, 0x34, 0x26, 0x27, 0x26, 0x23, 0x22, 0x0e, 0x01,
  0x07, 0x06, 0x15, 0x11, 0x14, 0x16, 0x33, 0x32, 0x17, 0x14, 0x17, 0x14,
  0x07, 0x06, 0x23, 0x22, 0x23, 0x26, 0x22, 0x06, 0x22, 0x27, 0x22, 0x23,
  0x22, 0x26, 0x35, 0x34, 0x29, 0x02, 0x29, 0x46, 0x24, 0x02, 0x33, 0x0e,
  0x37, 0x0f, 0x0c, 0x04, 0x10, 0x5c, 0xaa, 0x06, 0x05, 0x0a, 0x06, 0x0a,
  0x0f, 0x0a, 0x52, 0x7b, 0x52, 0xac, 0x2d, 0x17, 0x03, 0x08, 0x04, 0x2f,
  0x52, 0x14, 0x09, 0x02, 0x01, 0x0e, 0x4b, 0x58, 0x2c, 0x2f, 0x8d, 0x29,
  0x21, 0x04, 0x15, 0x0c, 0x48, 0x31, 0x06, 0x0e, 0x16, 0x1f, 0x31, 0x4e,
  0x27, 0x4e, 0x22, 0x32, 0x0a, 0x2b, 0x44, 0x1d, 0x02, 0x02, 0x08, 0x06,
  0x07, 0x02, 0x02, 0x1a, 0x67, 0x99, 0x6a, 0x1e, 0x01, 0x01, 0x07, 0x0a,
  0x39, 0x02, 0x09, 0x04, 0x45, 0x81, 0x03, 0xa8, 0x4e, 0x2d, 0x08, 0x02,
  0x07, 0x02, 0x02, 0x31, 0x06, 0x25, 0x31, 0x02, 0x06, 0x0a, 0x1f, 0xfd,
  0x89, 0x0e, 0x1f, 0x06, 0x33, 0x2f, 0x91, 0x44, 0x9f, 0x31, 0xb5, 0x06,
  0x5a, 0x2d, 0x27, 0x16, 0x10, 0x19, 0x06, 0x05, 0x16, 0x01, 0x01, 0x23,
  0x21, 0x01, 0x27, 0x3a, 0x7b, 0x9d, 0x87, 0x6b, 0x23, 0x35, 0x1b, 0x12,
  0x1f, 0x06, 0x10, 0xfe, 0x16, 0x4e, 0x29, 0x10, 0x12, 0x09, 0x0c, 0x08,
  0x06, 0x01, 0x02, 0x01, 0x14, 0x0e, 0x13, 0x00, 0x00, 0x02, 0x00, 0x29,
  0xff, 0xfa, 0x01, 0xfa, 0x05, 0x52, 0x00, 0x32, 0x00, 0x3c, 0x00, 0x5b,
  0x00, 0xb2, 0x2d, 0x00, 0x00, 0x2b, 0xb1, 0x25, 0x04, 0xe9, 0xb2, 0x36,
  0x02, 0x00, 0x2b, 0xb4, 0x3c, 0x0a, 0x00, 0x14, 0x04, 0x2b, 0x01, 0xb0,
  0x3d, 0x2f, 0xb0, 0x0e, 0xd6, 0xb1, 0x20, 0x0d, 0xe9, 0xb0, 0x39, 0x32,
  0xb0, 0x20, 0x10, 0xb1, 0x34, 0x0f, 0xe9, 0xb0, 0x34, 0x2f, 0xb1, 0x3e,
  0x01, 0x2b, 0xb1, 0x0e, 0x34, 0x11, 0x12, 0xb0, 0x19, 0x39, 0xb0, 0x20,
  0x11, 0xb2, 0x2e, 0x36, 0x3c, 0x39, 0x39, 0x39, 0x00, 0xb1, 0x25, 0x2d,
  0x11, 0x12, 0xb2, 0x09, 0x0a, 0x2b, 0x39, 0x39, 0x39, 0xb0, 0x3c, 0x11,
  0xb1, 0x12, 0x1c, 0x39, 0x39, 0x30, 0x31, 0x37, 0x3c, 0x01, 0x3d, 0x01,
  0x34, 0x37, 0x36, 0x37, 0x36, 0x16, 0x37, 0x3e, 0x01, 0x35, 0x11, 0x34,
  0x26, 0x27, 0x26, 0x27, 0x2e, 0x01, 0x37, 0x3e, 0x02, 0x37, 0x36, 0x1e,
  0x01, 0x15, 0x11, 0x14, 0x17, 0x1e, 0x01, 0x33, 0x36, 0x16, 0x17, 0x14,
  0x06, 0x15, 0x14, 0x23, 0x26, 0x22, 0x07, 0x22, 0x27, 0x12, 0x34, 0x36,
  0x33, 0x32, 0x16, 0x15, 0x14, 0x06, 0x22, 0x29, 0x08, 0x0a, 0x0d, 0x0a,
  0x16, 0x0b, 0x3f, 0x1b, 0x11, 0x26, 0x2f, 0x25, 0x0a, 0x03, 0x0a, 0x10,
  0x74, 0x5c, 0x1a, 0x17, 0x16, 0x07, 0x02, 0x02, 0x22, 0x42, 0x0a, 0x19,
  0x02, 0x02, 0x1d, 0x88, 0xcd, 0x44, 0x12, 0x05, 0x6d, 0x3d, 0x2d, 0x31,
  0x3e, 0x42, 0x5e, 0x0c, 0x04, 0x0b, 0x03, 0x0b, 0x0b, 0x06, 0x08, 0x02,
  0x02, 0x04, 0x02, 0x08, 0x39, 0x7b, 0x01, 0x6f, 0x4c, 0x1c, 0x08, 0x0a,
  0x0d, 0x02, 0x2b, 0x06, 0x06, 0x2d, 0x21, 0x06, 0x0a, 0x14, 0x17, 0x14,
  0xfd, 0xb2, 0x4e, 0x1c, 0x37, 0x19, 0x04, 0x11, 0x0a, 0x02, 0x0e, 0x04,
  0x21, 0x03, 0x03, 0x10, 0x04, 0xb0, 0x5a, 0x3e, 0x3c, 0x2f, 0x2d, 0x3b,
  0x00, 0x02, 0xff, 0x25, 0xfe, 0x0c, 0x01, 0x5e, 0x05, 0x3b, 0x00, 0x28,
  0x00, 0x32, 0x00, 0x5b, 0x00, 0xb2, 0x2c, 0x02, 0x00, 0x2b, 0xb4, 0x31,
  0x0a, 0x00, 0x14, 0x04, 0x2b, 0xb0, 0x26, 0x2f, 0xb1, 0x07, 0x09, 0xe9,
  0xb2, 0x07, 0x26, 0x0a, 0x2b, 0xb3, 0x00, 0x07, 0x03, 0x09, 0x2b, 0x01,
  0xb0, 0x33, 0x2f, 0xb0, 0x0c, 0xd6, 0xb1, 0x1f, 0x0d, 0xe9, 0xb0, 0x2e,
  0x32, 0xb2, 0x0c, 0x1f, 0x0a, 0x2b, 0xb3, 0x40, 0x0c, 0x18, 0x09, 0x2b,
  0xb0, 0x1f, 0x10, 0xb1, 0x2a, 0x0f, 0xe9, 0xb0, 0x2a, 0x2f, 0xb1, 0x34,
  0x01, 0x2b, 0xb1, 0x1f, 0x0c, 0x11, 0x12, 0xb1, 0x2c, 0x31, 0x39, 0x39,
  0x00, 0xb1, 0x31, 0x07, 0x11, 0x12, 0xb0, 0x1c, 0x39, 0x30, 0x31, 0x03,
  0x34, 0x36, 0x33, 0x32, 0x17, 0x16, 0x33, 0x32, 0x33, 0x32, 0x36, 0x3d,
  0x01, 0x11, 0x34, 0x26, 0x27, 0x26, 0x27, 0x2e, 0x01, 0x27, 0x26, 0x34,
  0x37, 0x36, 0x37, 0x36, 0x16, 0x15, 0x11, 0x14, 0x06, 0x07, 0x06, 0x07,
  0x06, 0x07, 0x22, 0x26, 0x00, 0x34, 0x36, 0x33, 0x32, 0x16, 0x14, 0x06,
  0x23, 0x22, 0xdb, 0x2b, 0x1f, 0x21, 0x33, 0x38, 0x3e, 0x01, 0x01, 0x44,
  0x3f, 0x06, 0x0e, 0x12, 0x27, 0x0c, 0x2e, 0x06, 0x08, 0x08, 0x73, 0x8b,
  0x17, 0x16, 0x0e, 0x1b, 0x1f, 0x35, 0x5a, 0x97, 0x58, 0x71, 0x01, 0x5a,
  0x42, 0x2f, 0x31, 0x3d, 0x3f, 0x2f, 0x31, 0xfe, 0x83, 0x2b, 0x42, 0x3e,
  0x41, 0x72, 0x83, 0x7f, 0x02, 0x92, 0x42, 0x1e, 0x08, 0x0a, 0x07, 0x04,
  0x08, 0x02, 0x04, 0x2b, 0x04, 0x31, 0x2d, 0x08, 0x1c, 0x15, 0xfc, 0xcd,
  0x87, 0x7d, 0x3f, 0x48, 0x39, 0x62, 0x01, 0x44, 0x06, 0x56, 0x5a, 0x3b,
  0x3b, 0x5a, 0x3e, 0x00, 0x00, 0x01, 0x00, 0x1f, 0xff, 0xfa, 0x04, 0x06,
  0x05, 0xc9, 0x00, 0x68, 0x00, 0x7a, 0x00, 0xb2, 0x16, 0x01, 0x00, 0x2b,
  0xb1, 0x11, 0x03, 0xe9, 0xb0, 0x1e, 0x32, 0xb2, 0x50, 0x00, 0x00, 0x2b,
  0xb0, 0x32, 0x33, 0xb1, 0x47, 0x03, 0xe9, 0xb2, 0x29, 0x3a, 0x58, 0x32,
  0x32, 0x32, 0xb2, 0x68, 0x02, 0x00, 0x2b, 0xb1, 0x02, 0x07, 0xe9, 0xb2,
  0x02, 0x68, 0x0a, 0x2b, 0xb3, 0x40, 0x02, 0x07, 0x09, 0x2b, 0x01, 0xb0,
  0x69, 0x2f, 0xb0, 0x5b, 0xd6, 0xb1, 0x44, 0x0d, 0xe9, 0xb0, 0x09, 0x32,
  0xb2, 0x44, 0x5b, 0x0a, 0x2b, 0xb3, 0x40, 0x44, 0x4a, 0x09, 0x2b, 0xb2,
  0x5b, 0x44, 0x0a, 0x2b, 0xb3, 0x00, 0x5b, 0x01, 0x09, 0x2b, 0xb1, 0x6a,
  0x01, 0x2b, 0x00, 0xb1, 0x47, 0x50, 0x11, 0x12, 0xb0, 0x4a, 0x39, 0xb0,
  0x11, 0x11, 0xb5, 0x0a, 0x0b, 0x1d, 0x23, 0x3c, 0x40, 0x24, 0x17, 0x39,
  0xb0, 0x16, 0x12, 0xb0, 0x1c, 0x39, 0x30, 0x31, 0x12, 0x34, 0x37, 0x3e,
  0x01, 0x37, 0x36, 0x33, 0x32, 0x15, 0x13, 0x14, 0x3f, 0x01, 0x36, 0x35,
  0x34, 0x23, 0x26, 0x37, 0x3e, 0x01, 0x33, 0x16, 0x33, 0x32, 0x37, 0x32,
  0x15, 0x14, 0x27, 0x06, 0x07, 0x06, 0x07, 0x06, 0x17, 0x16, 0x17, 0x1e,
  0x01, 0x3b, 0x01, 0x16, 0x17, 0x16, 0x15, 0x14, 0x07, 0x06, 0x23, 0x26,
  0x22, 0x07, 0x22, 0x35, 0x34, 0x36, 0x33, 0x32, 0x35, 0x34, 0x27, 0x01,
  0x26, 0x07, 0x06, 0x1d, 0x01, 0x14, 0x16, 0x3b, 0x01, 0x32, 0x15, 0x14,
  0x07, 0x06, 0x27, 0x22, 0x23, 0x26, 0x22, 0x07, 0x22, 0x35, 0x26, 0x36,
  0x33, 0x32, 0x36, 0x35, 0x11, 0x34, 0x27, 0x26, 0x27, 0x2e, 0x05, 0x2b,
  0x01, 0x1f, 0x0c, 0x3b, 0x90, 0x25, 0x09, 0x07, 0x1d, 0x02, 0x29, 0xd9,
  0x35, 0x5c, 0x19, 0x02, 0x02, 0x0b, 0x10, 0x36, 0x3c, 0x79, 0x92, 0x14,
  0x0c, 0x85, 0x77, 0x8f, 0x4a, 0x0e, 0x16, 0xf6, 0x7d, 0x29, 0x33, 0x31,
  0x15, 0x0a, 0x03, 0x01, 0x02, 0x04, 0x08, 0x5c, 0xde, 0x83, 0x10, 0x0a,
  0x15, 0x47, 0x2f, 0xfe, 0xf8, 0x0c, 0x02, 0x02, 0x1c, 0x52, 0x19, 0x10,
  0x04, 0x03, 0x07, 0x01, 0x01, 0x6e, 0xd1, 0x63, 0x0e, 0x02, 0x0a, 0x16,
  0x4a, 0x1f, 0x02, 0x02, 0x44, 0x06, 0x0a, 0x0a, 0x0b, 0x06, 0x06, 0x02,
  0x02, 0x05, 0x3f, 0x30, 0x04, 0x0e, 0x3b, 0x0b, 0x02, 0x25, 0xfc, 0x97,
  0x1f, 0x19, 0x9e, 0x27, 0x0a, 0x19, 0x0c, 0x19, 0x10, 0x0c, 0x01, 0x03,
  0x21, 0x23, 0x01, 0x02, 0x5d, 0x6a, 0x33, 0x0e, 0x17, 0xfe, 0x7d, 0x29,
  0x1d, 0x04, 0x10, 0x07, 0x06, 0x0a, 0x08, 0x0e, 0x05, 0x05, 0x23, 0x14,
  0x0a, 0x1c, 0x0d, 0x34, 0x01, 0x18, 0x08, 0x14, 0x08, 0x0d, 0x91, 0x8f,
  0x32, 0x22, 0x0f, 0x0a, 0x09, 0x01, 0x02, 0x02, 0x21, 0x17, 0x0d, 0x40,
  0x8f, 0x03, 0x88, 0x46, 0x26, 0x1f, 0x0e, 0x02, 0x02, 0x02, 0x02, 0x02,
  0x02, 0x00, 0x00, 0x00, 0x00, 0x01, 0x00, 0x21, 0xff, 0xf8, 0x01, 0xfa,
  0x05, 0xc3, 0x00, 0x2f, 0x00, 0x50, 0x00, 0xb2, 0x27, 0x00, 0x00, 0x2b,
  0xb1, 0x05, 0x03, 0xe9, 0xb0, 0x1d, 0x32, 0xb2, 0x0e, 0x02, 0x00, 0x2b,
  0xb1, 0x11, 0x07, 0xe9, 0x01, 0xb0, 0x30, 0x2f, 0xb0, 0x08, 0xd6, 0xb1,
  0x1a, 0x0d, 0xe9, 0xb2, 0x1a, 0x08, 0x0a, 0x2b, 0xb3, 0x40, 0x1a, 0x22,
  0x09, 0x2b, 0xb2, 0x08, 0x1a, 0x0a, 0x2b, 0xb3, 0x40, 0x08, 0x02, 0x09,
  0x2b, 0xb1, 0x31, 0x01, 0x2b, 0xb1, 0x1a, 0x08, 0x11, 0x12, 0xb1, 0x12,
  0x29, 0x39, 0x39, 0x00, 0xb1, 0x0e, 0x05, 0x11, 0x12, 0xb0, 0x1a, 0x39,
  0x30, 0x31, 0x37, 0x26, 0x35, 0x34, 0x37, 0x33, 0x32, 0x36, 0x35, 0x11,
  0x34, 0x27, 0x2e, 0x01, 0x27, 0x2e, 0x01, 0x37, 0x36, 0x37, 0x32, 0x33,
  0x36, 0x17, 0x16, 0x15, 0x11, 0x14, 0x16, 0x33, 0x32, 0x17, 0x1c, 0x02,
  0x15, 0x14, 0x23, 0x06, 0x23, 0x22, 0x27, 0x26, 0x23, 0x22, 0x07, 0x22,
  0x26, 0x25, 0x04, 0x10, 0x17, 0x50, 0x2d, 0x21, 0x12, 0x44, 0x11, 0x0c,
  0x04, 0x10, 0x89, 0x86, 0x01, 0x02, 0x0a, 0x07, 0x08, 0x21, 0x4a, 0x25,
  0x02, 0x19, 0x38, 0x3b, 0x3c, 0x3c, 0x51, 0x37, 0x1c, 0x15, 0x04, 0x12,
  0x0c, 0x0d, 0x0a, 0x14, 0x08, 0x34, 0x54, 0x04, 0x35, 0x1f, 0x06, 0x04,
  0x0c, 0x02, 0x04, 0x2f, 0x07, 0x23, 0x33, 0x01, 0x0e, 0x10, 0x0e, 0xfb,
  0x31, 0x5c, 0x2e, 0x0c, 0x02, 0x0a, 0x0a, 0x02, 0x21, 0x02, 0x02, 0x03,
  0x01, 0x0a, 0x00, 0x00, 0x00, 0x01, 0x00, 0x20, 0xff, 0xfa, 0x06, 0x6b,
  0x03, 0x84, 0x00, 0x82, 0x00, 0xd7, 0x00, 0xb2, 0x1f, 0x01, 0x00, 0x2b,
  0xb0, 0x28, 0x33, 0xb1, 0x6e, 0x0a, 0xe9, 0xb0, 0x52, 0x32, 0xb2, 0x16,
  0x01, 0x00, 0x2b, 0xb2, 0x7e, 0x00, 0x00, 0x2b, 0xb1, 0x3f, 0x60, 0x33,
  0x33, 0xb1, 0x74, 0x03, 0xe9, 0xb5, 0x06, 0x34, 0x49, 0x58, 0x65, 0x67,
  0x24, 0x17, 0x32, 0x01, 0xb0, 0x83, 0x2f, 0xb0, 0x09, 0xd6, 0xb1, 0x71,
  0x0d, 0xe9, 0xb0, 0x1a, 0x32, 0xb2, 0x71, 0x09, 0x0a, 0x2b, 0xb3, 0x40,
  0x71, 0x78, 0x09, 0x2b, 0xb2, 0x09, 0x71, 0x0a, 0x2b, 0xb3, 0x40, 0x09,
  0x02, 0x09, 0x2b, 0xb0, 0x71, 0x10, 0xb1, 0x6a, 0x01, 0x2b, 0xb1, 0x55,
  0x0d, 0xe9, 0xb2, 0x55, 0x6a, 0x0a, 0x2b, 0xb3, 0x40, 0x55, 0x5b, 0x09,
  0x2b, 0xb0, 0x55, 0x10, 0xb1, 0x4f, 0x01, 0x2b, 0xb1, 0x2e, 0x0d, 0xe9,
  0xb2, 0x2e, 0x4f, 0x0a, 0x2b, 0xb3, 0x40, 0x2e, 0x39, 0x09, 0x2b, 0xb1,
  0x84, 0x01, 0x2b, 0xb1, 0x71, 0x09, 0x11, 0x12, 0xb0, 0x16, 0x39, 0xb0,
  0x6a, 0x11, 0xb3, 0x1e, 0x62, 0x64, 0x7f, 0x24, 0x17, 0x39, 0xb0, 0x55,
  0x12, 0xb2, 0x23, 0x22, 0x60, 0x39, 0x39, 0x39, 0xb0, 0x4f, 0x11, 0xb4,
  0x24, 0x28, 0x44, 0x47, 0x5e, 0x24, 0x17, 0x39, 0xb0, 0x2e, 0x12, 0xb1,
  0x31, 0x43, 0x39, 0x39, 0x00, 0xb1, 0x74, 0x7e, 0x11, 0x12, 0xb1, 0x39,
  0x02, 0x39, 0x39, 0xb0, 0x6e, 0x11, 0x40, 0x0a, 0x10, 0x1b, 0x1c, 0x1d,
  0x22, 0x23, 0x24, 0x2c, 0x35, 0x37, 0x24, 0x17, 0x39, 0xb0, 0x1f, 0x12,
  0xb0, 0x25, 0x39, 0x30, 0x31, 0x37, 0x26, 0x35, 0x34, 0x37, 0x36, 0x33,
  0x3e, 0x01, 0x35, 0x11, 0x34, 0x27, 0x26, 0x2f, 0x01, 0x26, 0x36, 0x37,
  0x36, 0x37, 0x36, 0x33, 0x32, 0x17, 0x16, 0x1d, 0x01, 0x16, 0x37, 0x36,
  0x37, 0x32, 0x16, 0x17, 0x16, 0x37, 0x3e, 0x02, 0x33, 0x32, 0x17, 0x16,
  0x15, 0x14, 0x15, 0x14, 0x06, 0x15, 0x14, 0x16, 0x33, 0x36, 0x16, 0x17,
  0x16, 0x15, 0x14, 0x07, 0x14, 0x07, 0x06, 0x27, 0x22, 0x23, 0x26, 0x22,
  0x07, 0x22, 0x27, 0x26, 0x36, 0x3b, 0x01, 0x32, 0x36, 0x37, 0x36, 0x37,
  0x34, 0x26, 0x23, 0x22, 0x07, 0x11, 0x14, 0x16, 0x33, 0x32, 0x16, 0x17,
  0x14, 0x06, 0x23, 0x26, 0x23, 0x22, 0x07, 0x22, 0x26, 0x37, 0x36, 0x33,
  0x32, 0x36, 0x35, 0x11, 0x34, 0x26, 0x23, 0x22, 0x07, 0x11, 0x14, 0x16,
  0x33, 0x36, 0x17, 0x16, 0x15, 0x06, 0x07, 0x06, 0x27, 0x22, 0x23, 0x26,
  0x22, 0x07, 0x22, 0x23, 0x03, 0x05, 0x06, 0x27, 0x44, 0x28, 0x06, 0x0a,
  0x4a, 0x2f, 0x0c, 0x04, 0x08, 0x58, 0xb5, 0x05, 0x04, 0x0a, 0x05, 0x06,
  0x02, 0x19, 0xc7, 0x7a, 0x46, 0x68, 0x17, 0x04, 0x13, 0x48, 0x43, 0x85,
  0x37, 0x87, 0x36, 0x1e, 0x08, 0x31, 0x58, 0x06, 0x1b, 0x06, 0x09, 0x01,
  0x06, 0x05, 0x06, 0x01, 0x02, 0x3a, 0xe3, 0xaa, 0x14, 0x06, 0x06, 0x04,
  0x10, 0x15, 0x42, 0x2c, 0x06, 0x0a, 0x01, 0x3e, 0x54, 0x4c, 0xae, 0x2d,
  0x44, 0x10, 0x0b, 0x02, 0x0d, 0x08, 0x9a, 0x7a, 0x52, 0x44, 0x12, 0x04,
  0x12, 0x04, 0x17, 0x50, 0x2b, 0x4a, 0x40, 0x52, 0xb0, 0x2d, 0x4e, 0x0e,
  0x05, 0x0e, 0x02, 0x06, 0x05, 0x06, 0x01, 0x01, 0x64, 0xd9, 0x75, 0x0e,
  0x08, 0x08, 0x08, 0x0c, 0x0d, 0x0e, 0x04, 0x48, 0x83, 0x01, 0x25, 0x91,
  0x09, 0x17, 0x0a, 0x06, 0x02, 0x31, 0x04, 0x29, 0x2f, 0x01, 0x07, 0x0a,
  0x15, 0x79, 0x14, 0x12, 0x8b, 0x01, 0x50, 0x46, 0x0e, 0x0e, 0x33, 0x2b,
  0x38, 0x7b, 0x46, 0xcc, 0x07, 0x06, 0x37, 0xd5, 0x38, 0x31, 0x1c, 0x02,
  0x02, 0x05, 0x04, 0x13, 0x06, 0x09, 0x0d, 0x0a, 0x09, 0x01, 0x02, 0x02,
  0x0c, 0x0a, 0x2b, 0x29, 0x42, 0x8b, 0x94, 0xbe, 0x83, 0x77, 0xfe, 0x27,
  0x4c, 0x2f, 0x0c, 0x12, 0x0c, 0x17, 0x04, 0x02, 0x37, 0x08, 0x02, 0x46,
  0x8b, 0x01, 0x4e, 0x50, 0x5a, 0x77, 0xfe, 0x27, 0x4e, 0x2d, 0x04, 0x04,
  0x04, 0x20, 0x0b, 0x0a, 0x09, 0x01, 0x04, 0x04, 0x00, 0x01, 0x00, 0x1f,
  0xff, 0xf9, 0x04, 0x04, 0x03, 0x89, 0x00, 0x5a, 0x00, 0xb3, 0x00, 0xb2,
  0x1e, 0x01, 0x00, 0x2b, 0xb1, 0x44, 0x0a, 0xe9, 0xb0, 0x0c, 0x32, 0xb0,
  0x44, 0x10, 0xb1, 0x0f, 0x07, 0xe9, 0xb2, 0x14, 0x01, 0x00, 0x2b, 0xb0,
  0x37, 0x2f, 0xb0, 0x4e, 0x33, 0xb1, 0x3c, 0x03, 0xe9, 0xb2, 0x02, 0x26,
  0x4a, 0x32, 0x32, 0x32, 0x01, 0xb0, 0x5b, 0x2f, 0xb0, 0x06, 0xd6, 0xb1,
  0x47, 0x0d, 0xe9, 0xb0, 0x16, 0x32, 0xb2, 0x47, 0x06, 0x0a, 0x2b, 0xb3,
  0x40, 0x47, 0x4c, 0x09, 0x2b, 0xb2, 0x06, 0x47, 0x0a, 0x2b, 0xb3, 0x40,
  0x06, 0x59, 0x09, 0x2b, 0xb0, 0x47, 0x10, 0xb1, 0x42, 0x01, 0x2b, 0xb1,
  0x20, 0x0d, 0xe9, 0xb2, 0x20, 0x42, 0x0a, 0x2b, 0xb3, 0x40, 0x20, 0x2a,
  0x09, 0x2b, 0xb2, 0x42, 0x20, 0x0a, 0x2b, 0xb3, 0x40, 0x42, 0x3a, 0x09,
  0x2b, 0xb1, 0x5c, 0x01, 0x2b, 0xb1, 0x47, 0x06, 0x11, 0x12, 0xb2, 0x11,
  0x50, 0x51, 0x39, 0x39, 0x39, 0xb0, 0x42, 0x11, 0xb2, 0x1e, 0x35, 0x4f,
  0x39, 0x39, 0x39, 0xb0, 0x20, 0x12, 0xb1, 0x23, 0x33, 0x39, 0x39, 0x00,
  0xb1, 0x3c, 0x37, 0x11, 0x12, 0xb0, 0x2a, 0x39, 0xb0, 0x44, 0x11, 0x40,
  0x09, 0x0b, 0x17, 0x19, 0x1a, 0x20, 0x27, 0x3b, 0x42, 0x46, 0x24, 0x17,
  0x39, 0xb0, 0x0f, 0x12, 0xb0, 0x1b, 0x39, 0x30, 0x31, 0x37, 0x36, 0x17,
  0x33, 0x32, 0x36, 0x35, 0x11, 0x34, 0x27, 0x26, 0x2f, 0x01, 0x26, 0x34,
  0x37, 0x3e, 0x01, 0x37, 0x36, 0x33, 0x32, 0x1d, 0x01, 0x14, 0x16, 0x37,
  0x36, 0x37, 0x36, 0x33, 0x32, 0x11, 0x14, 0x06, 0x15, 0x14, 0x16, 0x33,
  0x36, 0x17, 0x16, 0x15, 0x14, 0x07, 0x0e, 0x01, 0x23, 0x22, 0x23, 0x22,
  0x27, 0x22, 0x23, 0x22, 0x07, 0x22, 0x26, 0x27, 0x34, 0x17, 0x33, 0x3e,
  0x01, 0x37, 0x36, 0x35, 0x34, 0x23, 0x22, 0x07, 0x11, 0x14, 0x16, 0x33,
  0x32, 0x17, 0x14, 0x07, 0x26, 0x22, 0x07, 0x06, 0x23, 0x22, 0x27, 0x22,
  0x27, 0x26, 0x35, 0x34, 0x21, 0x04, 0x0e, 0x0c, 0x48, 0x2d, 0x08, 0x08,
  0x48, 0x29, 0x0a, 0x0a, 0x21, 0xac, 0x25, 0x0a, 0x07, 0x1e, 0x0e, 0x08,
  0x60, 0x4a, 0x56, 0x3a, 0xe3, 0x10, 0x21, 0x45, 0x12, 0x0f, 0x06, 0x02,
  0x02, 0x08, 0x0f, 0x04, 0x02, 0x2b, 0x96, 0x32, 0x27, 0x4d, 0x1e, 0x14,
  0x0b, 0x02, 0x11, 0x0e, 0x44, 0x33, 0x06, 0x0c, 0x95, 0x60, 0x9c, 0x2d,
  0x50, 0x0e, 0x04, 0x1c, 0x18, 0x61, 0x4a, 0x31, 0x26, 0x4d, 0x21, 0x19,
  0x03, 0x04, 0x28, 0x14, 0x01, 0x4e, 0x87, 0x01, 0x19, 0x96, 0x10, 0x12,
  0x0f, 0x08, 0x02, 0x31, 0x04, 0x06, 0x4a, 0x08, 0x02, 0x25, 0x70, 0x06,
  0x19, 0x06, 0x44, 0x25, 0x29, 0xfe, 0x8f, 0x3d, 0xf6, 0x40, 0x2f, 0x1b,
  0x0c, 0x12, 0x0b, 0x0e, 0x08, 0x0a, 0x0c, 0x06, 0x01, 0x01, 0x0c, 0x15,
  0x23, 0x01, 0x06, 0x2e, 0x3f, 0x77, 0xf2, 0xe3, 0x79, 0xfe, 0x31, 0x4e,
  0x29, 0x22, 0x21, 0x02, 0x01, 0x01, 0x01, 0x03, 0x0a, 0x08, 0x0b, 0x07,
  0x00, 0x02, 0x00, 0x33, 0xff, 0xe1, 0x03, 0xd3, 0x03, 0x71, 0x00, 0x0e,
  0x00, 0x1a, 0x00, 0x46, 0x00, 0xb2, 0x03, 0x01, 0x00, 0x2b, 0xb1, 0x18,
  0x06, 0xe9, 0xb2, 0x0c, 0x00, 0x00, 0x2b, 0xb1, 0x12, 0x04, 0xe9, 0x01,
  0xb0, 0x1b, 0x2f, 0xb0, 0x00, 0xd6, 0xb1, 0x0f, 0x0d, 0xe9, 0xb0, 0x0f,
  0x10, 0xb1, 0x15, 0x01, 0x2b, 0xb1, 0x09, 0x0b, 0xe9, 0xb1, 0x1c, 0x01,
  0x2b, 0xb1, 0x15, 0x0f, 0x11, 0x12, 0xb1, 0x0c, 0x03, 0x39, 0x39, 0x00,
  0xb1, 0x18, 0x12, 0x11, 0x12, 0xb2, 0x07, 0x09, 0x00, 0x39, 0x39, 0x39,
  0x30, 0x31, 0x13, 0x34, 0x00, 0x33, 0x32, 0x17, 0x16, 0x15, 0x14, 0x15,
  0x14, 0x00, 0x23, 0x22, 0x00, 0x13, 0x14, 0x12, 0x33, 0x32, 0x36, 0x35,
  0x34, 0x02, 0x23, 0x22, 0x06, 0x33, 0x01, 0x08, 0xc5, 0xc7, 0x87, 0x85,
  0xfe, 0xf6, 0xc3, 0xc7, 0xfe, 0xf4, 0xb2, 0xb9, 0x81, 0x6d, 0x91, 0xbb,
  0x7f, 0x6d, 0x91, 0x01, 0xa8, 0xc5, 0x01, 0x04, 0x84, 0x82, 0xbf, 0x03,
  0x03, 0xbe, 0xfe, 0xf9, 0x01, 0x04, 0x01, 0x04, 0xba, 0xfe, 0xfe, 0xb9,
  0x8f, 0xb2, 0x01, 0x00, 0xb4, 0x00, 0x00, 0x00, 0x00, 0x02, 0x00, 0x0c,
  0xfd, 0xc6, 0x03, 0xcd, 0x03, 0xa4, 0x00, 0x40, 0x00, 0x4d, 0x00, 0x72,
  0x00, 0xb2, 0x1e, 0x01, 0x00, 0x2b, 0xb4, 0x49, 0x0a, 0x00, 0x22, 0x04,
  0x2b, 0xb2, 0x15, 0x01, 0x00, 0x2b, 0xb2, 0x24, 0x00, 0x00, 0x2b, 0xb1,
  0x43, 0x08, 0xe9, 0xb0, 0x3c, 0x2f, 0xb1, 0x02, 0x05, 0xe9, 0xb0, 0x2d,
  0x32, 0x01, 0xb0, 0x4e, 0x2f, 0xb0, 0x06, 0xd6, 0xb1, 0x2a, 0x0d, 0xe9,
  0xb1, 0x17, 0x41, 0x32, 0x32, 0xb0, 0x2a, 0x10, 0xb1, 0x46, 0x01, 0x2b,
  0xb1, 0x21, 0x0d, 0xe9, 0xb1, 0x4f, 0x01, 0x2b, 0xb1, 0x2a, 0x06, 0x11,
  0x12, 0xb1, 0x15, 0x38, 0x39, 0x39, 0xb0, 0x46, 0x11, 0xb3, 0x1e, 0x24,
  0x31, 0x36, 0x24, 0x17, 0x39, 0x00, 0xb1, 0x49, 0x3c, 0x11, 0x12, 0xb4,
  0x0e, 0x19, 0x1c, 0x21, 0x27, 0x24, 0x17, 0x39, 0xb0, 0x1e, 0x11, 0xb1,
  0x10, 0x18, 0x39, 0x39, 0x30, 0x31, 0x13, 0x36, 0x3b, 0x01, 0x32, 0x36,
  0x35, 0x11, 0x35, 0x34, 0x26, 0x27, 0x2e, 0x03, 0x37, 0x36, 0x3f, 0x01,
  0x36, 0x33, 0x32, 0x1d, 0x01, 0x14, 0x37, 0x32, 0x37, 0x36, 0x33, 0x32,
  0x16, 0x15, 0x14, 0x00, 0x23, 0x22, 0x27, 0x26, 0x06, 0x1d, 0x01, 0x14,
  0x16, 0x3b, 0x01, 0x32, 0x17, 0x16, 0x07, 0x06, 0x23, 0x26, 0x23, 0x22,
  0x07, 0x06, 0x23, 0x22, 0x27, 0x22, 0x26, 0x35, 0x34, 0x01, 0x16, 0x33,
  0x32, 0x36, 0x35, 0x34, 0x26, 0x23, 0x22, 0x07, 0x06, 0x15, 0x0d, 0x03,
  0x11, 0x12, 0x56, 0x2d, 0x12, 0x23, 0x0c, 0x2f, 0x19, 0x02, 0x06, 0x02,
  0x0a, 0xe2, 0x16, 0x0d, 0x14, 0x10, 0x02, 0x02, 0xb8, 0x6b, 0x81, 0xbf,
  0xfe, 0xf1, 0xb6, 0x3d, 0x5c, 0x0c, 0x0d, 0x2f, 0x56, 0x1d, 0x1f, 0x06,
  0x08, 0x0a, 0x06, 0x15, 0x2e, 0x4b, 0x39, 0x4a, 0x67, 0x37, 0x24, 0x0f,
  0x1b, 0x0c, 0x01, 0x4a, 0x75, 0x77, 0x66, 0x85, 0x97, 0x6f, 0x56, 0x6f,
  0x0c, 0xfd, 0xf6, 0x16, 0x50, 0x96, 0x03, 0x50, 0x31, 0x27, 0x14, 0x0a,
  0x04, 0x11, 0x04, 0x23, 0x06, 0x04, 0x0a, 0x8e, 0x0e, 0x1f, 0x7f, 0x29,
  0x02, 0x02, 0x83, 0xf5, 0xa2, 0xc3, 0xfe, 0xdf, 0x1d, 0x04, 0x0a, 0x1b,
  0xf3, 0x93, 0x4d, 0x10, 0x1d, 0x12, 0x0c, 0x02, 0x01, 0x02, 0x01, 0x14,
  0x0f, 0x05, 0x02, 0xbf, 0x6f, 0xb5, 0x89, 0x9c, 0xd0, 0x58, 0x0c, 0x18,
  0x00, 0x02, 0x00, 0x3f, 0xfd, 0xc9, 0x03, 0xf8, 0x03, 0x6e, 0x00, 0x37,
  0x00, 0x47, 0x00, 0x94, 0x00, 0xb2, 0x03, 0x01, 0x00, 0x2b, 0xb0, 0x0d,
  0x33, 0xb1, 0x45, 0x03, 0xe9, 0xb2, 0x35, 0x00, 0x00, 0x2b, 0xb1, 0x3b,
  0x0a, 0xe9, 0xb0, 0x20, 0x2f, 0xb1, 0x16, 0x03, 0xe9, 0xb0, 0x27, 0x32,
  0x01, 0xb0, 0x48, 0x2f, 0xb0, 0x00, 0xd6, 0xb1, 0x38, 0x0d, 0xe9, 0xb0,
  0x38, 0x10, 0xb1, 0x2c, 0x01, 0x2b, 0xb0, 0x3f, 0x32, 0xb1, 0x13, 0x0d,
  0xe9, 0xb2, 0x13, 0x2c, 0x0a, 0x2b, 0xb3, 0x40, 0x13, 0x1b, 0x09, 0x2b,
  0xb2, 0x2c, 0x13, 0x0a, 0x2b, 0xb3, 0x40, 0x2c, 0x25, 0x09, 0x2b, 0xb1,
  0x49, 0x01, 0x2b, 0xb1, 0x2c, 0x38, 0x11, 0x12, 0xb3, 0x22, 0x03, 0x33,
  0x35, 0x24, 0x17, 0x39, 0xb0, 0x13, 0x11, 0xb2, 0x05, 0x0d, 0x21, 0x39,
  0x39, 0x39, 0x00, 0xb1, 0x16, 0x20, 0x11, 0x12, 0xb0, 0x25, 0x39, 0xb1,
  0x3b, 0x35, 0x11, 0x12, 0xb1, 0x2e, 0x2d, 0x39, 0x39, 0xb0, 0x45, 0x11,
  0xb3, 0x00, 0x32, 0x33, 0x06, 0x24, 0x17, 0x39, 0xb0, 0x03, 0x12, 0xb2,
  0x05, 0x07, 0x08, 0x39, 0x39, 0x39, 0x30, 0x31, 0x13, 0x34, 0x00, 0x33,
  0x32, 0x17, 0x16, 0x37, 0x36, 0x37, 0x36, 0x37, 0x32, 0x33, 0x32, 0x17,
  0x06, 0x07, 0x15, 0x11, 0x14, 0x16, 0x3b, 0x01, 0x32, 0x17, 0x16, 0x15,
  0x14, 0x07, 0x06, 0x07, 0x23, 0x26, 0x22, 0x07, 0x22, 0x35, 0x34, 0x37,
  0x36, 0x33, 0x32, 0x36, 0x35, 0x11, 0x33, 0x34, 0x2e, 0x02, 0x07, 0x06,
  0x23, 0x22, 0x26, 0x37, 0x14, 0x16, 0x33, 0x32, 0x37, 0x36, 0x37, 0x27,
  0x26, 0x27, 0x2e, 0x01, 0x23, 0x22, 0x06, 0x3f, 0x01, 0x03, 0xbc, 0x75,
  0x74, 0x17, 0x08, 0x1d, 0x1a, 0x0a, 0x11, 0x01, 0x02, 0x0e, 0x08, 0x0e,
  0x01, 0x2b, 0x44, 0x14, 0x0e, 0x03, 0x02, 0x06, 0x04, 0x07, 0x12, 0x73,
  0xe5, 0x71, 0x27, 0x11, 0x0e, 0x42, 0x54, 0x2d, 0x02, 0x02, 0x04, 0x09,
  0x04, 0x93, 0x8b, 0x96, 0xc3, 0x9e, 0xa0, 0x75, 0x5c, 0x6c, 0x09, 0x06,
  0x02, 0x02, 0x11, 0x17, 0x70, 0x46, 0x7b, 0x8f, 0x01, 0x8f, 0xc7, 0x01,
  0x12, 0x3b, 0x0c, 0x10, 0x21, 0x14, 0x06, 0x02, 0x0a, 0x37, 0x62, 0x5a,
  0xfc, 0x85, 0x8f, 0x5b, 0x14, 0x07, 0x05, 0x0d, 0x0a, 0x0a, 0x02, 0x04,
  0x04, 0x1e, 0x21, 0x08, 0x02, 0x4e, 0x96, 0x01, 0x47, 0x02, 0x0b, 0x12,
  0x08, 0x04, 0x7b, 0xf4, 0xee, 0xa0, 0xd5, 0x5c, 0x08, 0x1d, 0xeb, 0xa6,
  0x34, 0x3d, 0x50, 0xbb, 0x00, 0x01, 0x00, 0x29, 0xff, 0xfa, 0x02, 0xb7,
  0x03, 0x7f, 0x00, 0x4b, 0x00, 0x62, 0x00, 0xb2, 0x27, 0x01, 0x00, 0x2b,
  0xb4, 0x36, 0x0a, 0x00, 0x1c, 0x04, 0x2b, 0xb2, 0x19, 0x01, 0x00, 0x2b,
  0xb2, 0x43, 0x00, 0x00, 0x2b, 0xb1, 0x3d, 0x05, 0xe9, 0xb0, 0x05, 0x32,
  0x01, 0xb0, 0x4c, 0x2f, 0xb0, 0x08, 0xd6, 0xb1, 0x3a, 0x0d, 0xe9, 0xb0,
  0x1c, 0x32, 0xb2, 0x08, 0x3a, 0x0a, 0x2b, 0xb3, 0x40, 0x08, 0x11, 0x09,
  0x2b, 0xb0, 0x00, 0x32, 0xb1, 0x4d, 0x01, 0x2b, 0xb1, 0x3a, 0x08, 0x11,
  0x12, 0xb1, 0x16, 0x44, 0x39, 0x39, 0x00, 0xb1, 0x36, 0x3d, 0x11, 0x12,
  0xb3, 0x0b, 0x23, 0x21, 0x32, 0x24, 0x17, 0x39, 0xb0, 0x27, 0x11, 0xb2,
  0x0c, 0x1e, 0x2e, 0x39, 0x39, 0x39, 0x30, 0x31, 0x37, 0x3c, 0x01, 0x36,
  0x32, 0x33, 0x32, 0x36, 0x35, 0x11, 0x26, 0x2f, 0x01, 0x26, 0x27, 0x34,
  0x3d, 0x01, 0x34, 0x37, 0x36, 0x37, 0x36, 0x37, 0x36, 0x32, 0x17, 0x16,
  0x15, 0x1c, 0x01, 0x17, 0x14, 0x16, 0x36, 0x33, 0x36, 0x37, 0x36, 0x33,
  0x32, 0x17, 0x1e, 0x01, 0x17, 0x16, 0x15, 0x14, 0x07, 0x06, 0x07, 0x26,
  0x27, 0x26, 0x23, 0x22, 0x07, 0x10, 0x17, 0x1e, 0x01, 0x3b, 0x01, 0x32,
  0x16, 0x07, 0x06, 0x23, 0x26, 0x22, 0x07, 0x22, 0x23, 0x22, 0x27, 0x26,
  0x29, 0x06, 0x0a, 0x0b, 0x4a, 0x2e, 0x06, 0x0e, 0x56, 0x1f, 0x04, 0x10,
  0x19, 0x60, 0x4a, 0x31, 0x09, 0x0e, 0x04, 0x0a, 0x02, 0x06, 0x04, 0x02,
  0x3d, 0x20, 0x1a, 0x22, 0x36, 0x4c, 0x06, 0x19, 0x04, 0x13, 0x01, 0x10,
  0x2b, 0x1b, 0x31, 0x2d, 0x1d, 0x44, 0x45, 0x02, 0x02, 0x2b, 0x4e, 0x2d,
  0x0e, 0x0d, 0x0f, 0x02, 0x1a, 0xa4, 0xda, 0x36, 0x03, 0x02, 0x0b, 0x04,
  0x04, 0x1d, 0x0e, 0x06, 0x0c, 0x4c, 0x85, 0x01, 0x8a, 0x1b, 0x03, 0x21,
  0x0c, 0x0d, 0x02, 0x04, 0x10, 0x12, 0x05, 0x0c, 0x21, 0x19, 0x18, 0x04,
  0x03, 0x07, 0x13, 0x19, 0x60, 0x16, 0x08, 0x08, 0x02, 0x85, 0x10, 0x0e,
  0x22, 0x02, 0x08, 0x01, 0x03, 0x0e, 0x03, 0x04, 0x31, 0x50, 0x02, 0x18,
  0x17, 0x83, 0xfe, 0x9c, 0x36, 0x4e, 0x29, 0x37, 0x0c, 0x02, 0x03, 0x03,
  0x07, 0x09, 0x00, 0x00, 0x00, 0x01, 0x00, 0x46, 0xff, 0xe7, 0x02, 0x48,
  0x03, 0x7b, 0x00, 0x45, 0x00, 0x82, 0x00, 0xb2, 0x03, 0x01, 0x00, 0x2b,
  0xb1, 0x11, 0x04, 0xe9, 0xb2, 0x11, 0x03, 0x0a, 0x2b, 0xb3, 0x00, 0x11,
  0x0b, 0x09, 0x2b, 0xb2, 0x2a, 0x00, 0x00, 0x2b, 0xb0, 0x26, 0x33, 0xb2,
  0x1f, 0x00, 0x00, 0x2b, 0xb1, 0x37, 0x07, 0xe9, 0x01, 0xb0, 0x46, 0x2f,
  0xb0, 0x00, 0xd6, 0xb0, 0x2e, 0x32, 0xb1, 0x14, 0x0c, 0xe9, 0xb4, 0x35,
  0x0c, 0x00, 0x1e, 0x04, 0x2b, 0xb0, 0x14, 0x10, 0xb1, 0x3a, 0x01, 0x2b,
  0xb4, 0x1c, 0x0d, 0x00, 0x1a, 0x04, 0x2b, 0xb3, 0x0e, 0x1c, 0x3a, 0x08,
  0x2b, 0xb4, 0x09, 0x0c, 0x00, 0x1e, 0x04, 0x2b, 0xb1, 0x47, 0x01, 0x2b,
  0xb1, 0x0e, 0x00, 0x11, 0x12, 0xb2, 0x03, 0x18, 0x1f, 0x39, 0x39, 0x39,
  0xb0, 0x09, 0x11, 0xb0, 0x0b, 0x39, 0x00, 0xb1, 0x37, 0x1f, 0x11, 0x12,
  0xb0, 0x24, 0x39, 0xb0, 0x11, 0x11, 0xb3, 0x00, 0x1c, 0x2e, 0x32, 0x24,
  0x17, 0x39, 0x30, 0x31, 0x13, 0x34, 0x36, 0x33, 0x32, 0x17, 0x16, 0x15,
  0x14, 0x07, 0x14, 0x23, 0x22, 0x26, 0x37, 0x2e, 0x01, 0x23, 0x22, 0x06,
  0x15, 0x14, 0x17, 0x1e, 0x02, 0x17, 0x16, 0x15, 0x14, 0x06, 0x23, 0x22,
  0x27, 0x22, 0x26, 0x27, 0x22, 0x07, 0x06, 0x23, 0x30, 0x23, 0x26, 0x27,
  0x26, 0x35, 0x34, 0x35, 0x26, 0x36, 0x17, 0x16, 0x17, 0x16, 0x33, 0x32,
  0x36, 0x35, 0x34, 0x2e, 0x05, 0x27, 0x2e, 0x02, 0x46, 0x9b, 0x79, 0x4e,
  0x5e, 0x06, 0x02, 0x1c, 0x0c, 0x11, 0x02, 0x0e, 0x52, 0x3a, 0x31, 0x3f,
  0x7b, 0x14, 0x54, 0x3d, 0x19, 0x46, 0x9e, 0x6f, 0x35, 0x31, 0x02, 0x1f,
  0x08, 0x10, 0x0b, 0x18, 0x07, 0x01, 0x12, 0x03, 0x12, 0x02, 0x18, 0x13,
  0x0a, 0x04, 0x2b, 0x89, 0x37, 0x4e, 0x0a, 0x1d, 0x12, 0x31, 0x11, 0x39,
  0x04, 0x39, 0x46, 0x3d, 0x02, 0x81, 0x6f, 0x8b, 0x27, 0x52, 0x3d, 0x25,
  0x1d, 0x0a, 0x06, 0x04, 0x52, 0x5a, 0x3d, 0x2f, 0x48, 0x5a, 0x0e, 0x38,
  0x2f, 0x1b, 0x4c, 0x5e, 0x6a, 0x91, 0x0e, 0x0c, 0x02, 0x1a, 0x07, 0x02,
  0x13, 0x90, 0x4b, 0x08, 0x06, 0x0c, 0x07, 0x02, 0x04, 0x11, 0xb8, 0x4e,
  0x35, 0x14, 0x27, 0x27, 0x19, 0x25, 0x0e, 0x27, 0x02, 0x27, 0x39, 0x65,
  0x00, 0x01, 0x00, 0x28, 0xff, 0xe9, 0x02, 0x5e, 0x04, 0x42, 0x00, 0x39,
  0x00, 0x68, 0x00, 0xb2, 0x13, 0x01, 0x00, 0x2b, 0xb4, 0x19, 0x0a, 0x00,
  0x24, 0x04, 0x2b, 0xb0, 0x33, 0x32, 0xb2, 0x13, 0x19, 0x0a, 0x2b, 0xb3,
  0x40, 0x13, 0x08, 0x09, 0x2b, 0xb2, 0x03, 0x01, 0x00, 0x2b, 0xb2, 0x2c,
  0x00, 0x00, 0x2b, 0xb4, 0x21, 0x0a, 0x00, 0x23, 0x04, 0x2b, 0x01, 0xb0,
  0x3a, 0x2f, 0xb0, 0x2f, 0xd6, 0xb1, 0x1e, 0x0d, 0xe9, 0xb0, 0x0c, 0x32,
  0xb0, 0x1e, 0x10, 0xb4, 0x04, 0x0c, 0x00, 0x1e, 0x04, 0x2b, 0xb0, 0x04,
  0x2f, 0xb1, 0x3b, 0x01, 0x2b, 0xb1, 0x04, 0x2f, 0x11, 0x12, 0xb0, 0x03,
  0x39, 0x00, 0xb1, 0x19, 0x21, 0x11, 0x12, 0xb2, 0x24, 0x28, 0x2f, 0x39,
  0x39, 0x39, 0xb0, 0x13, 0x11, 0xb0, 0x02, 0x39, 0x30, 0x31, 0x13, 0x36,
  0x37, 0x36, 0x37, 0x34, 0x37, 0x36, 0x37, 0x32, 0x17, 0x16, 0x17, 0x06,
  0x14, 0x17, 0x1e, 0x01, 0x3b, 0x01, 0x32, 0x07, 0x06, 0x07, 0x06, 0x23,
  0x27, 0x22, 0x06, 0x07, 0x11, 0x14, 0x16, 0x33, 0x32, 0x37, 0x36, 0x16,
  0x17, 0x16, 0x15, 0x14, 0x07, 0x06, 0x07, 0x22, 0x26, 0x3d, 0x01, 0x11,
  0x34, 0x27, 0x23, 0x22, 0x27, 0x26, 0x35, 0x34, 0x2b, 0x04, 0x0c, 0x75,
  0x48, 0x0d, 0x08, 0x08, 0x05, 0x04, 0x0c, 0x01, 0x03, 0x03, 0x02, 0x10,
  0x07, 0xe3, 0x23, 0x0b, 0x04, 0x0e, 0x0a, 0x17, 0xc2, 0x08, 0x15, 0x02,
  0x39, 0x4a, 0x42, 0x39, 0x02, 0x25, 0x08, 0x06, 0x04, 0x54, 0x9c, 0x60,
  0x7b, 0x0c, 0x29, 0x10, 0x19, 0x09, 0x03, 0x1f, 0x08, 0x06, 0x3b, 0xc9,
  0x07, 0x06, 0x03, 0x01, 0x02, 0x04, 0x0b, 0x3c, 0x5b, 0x1d, 0x08, 0x13,
  0x20, 0x21, 0x23, 0x10, 0x04, 0x11, 0x08, 0xfe, 0x96, 0x9e, 0x71, 0x6d,
  0x0a, 0x02, 0x0a, 0x07, 0x0b, 0x09, 0x0c, 0xba, 0x01, 0x90, 0x70, 0x54,
  0x01, 0x9a, 0x12, 0x05, 0x06, 0x0f, 0x0d, 0x08, 0x00, 0x01, 0x00, 0x28,
  0xff, 0xec, 0x04, 0x2d, 0x03, 0x8d, 0x00, 0x50, 0x00, 0x80, 0x00, 0xb2,
  0x23, 0x01, 0x00, 0x2b, 0xb0, 0x07, 0x33, 0xb2, 0x46, 0x00, 0x00, 0x2b,
  0xb4, 0x0e, 0x0a, 0x00, 0x22, 0x04, 0x2b, 0xb2, 0x3c, 0x00, 0x00, 0x2b,
  0x01, 0xb0, 0x51, 0x2f, 0xb0, 0x48, 0xd6, 0xb1, 0x0b, 0x0d, 0xe9, 0xb2,
  0x48, 0x0b, 0x0a, 0x2b, 0xb3, 0x40, 0x48, 0x00, 0x09, 0x2b, 0xb0, 0x0b,
  0x10, 0xb1, 0x14, 0x01, 0x2b, 0xb0, 0x3e, 0x32, 0xb1, 0x28, 0x0d, 0xe9,
  0xb2, 0x28, 0x14, 0x0a, 0x2b, 0xb3, 0x40, 0x28, 0x35, 0x09, 0x2b, 0xb1,
  0x52, 0x01, 0x2b, 0xb1, 0x0b, 0x48, 0x11, 0x12, 0xb0, 0x06, 0x39, 0xb0,
  0x14, 0x11, 0xb2, 0x1f, 0x20, 0x46, 0x39, 0x39, 0x39, 0xb0, 0x28, 0x12,
  0xb0, 0x25, 0x39, 0x00, 0xb1, 0x0e, 0x46, 0x11, 0x12, 0xb2, 0x35, 0x3f,
  0x43, 0x39, 0x39, 0x39, 0xb0, 0x23, 0x11, 0xb4, 0x2b, 0x32, 0x41, 0x42,
  0x48, 0x24, 0x17, 0x39, 0x30, 0x31, 0x13, 0x34, 0x35, 0x34, 0x37, 0x3e,
  0x01, 0x37, 0x36, 0x16, 0x15, 0x11, 0x14, 0x16, 0x33, 0x32, 0x3f, 0x01,
  0x3e, 0x01, 0x35, 0x11, 0x34, 0x27, 0x26, 0x27, 0x2e, 0x01, 0x27, 0x22,
  0x27, 0x26, 0x36, 0x37, 0x36, 0x37, 0x32, 0x33, 0x32, 0x15, 0x11, 0x15,
  0x14, 0x33, 0x32, 0x37, 0x3e, 0x02, 0x37, 0x36, 0x17, 0x16, 0x15, 0x14,
  0x07, 0x06, 0x07, 0x06, 0x07, 0x06, 0x26, 0x2f, 0x01, 0x34, 0x26, 0x07,
  0x0e, 0x02, 0x23, 0x22, 0x03, 0x11, 0x34, 0x26, 0x27, 0x2e, 0x01, 0x27,
  0x26, 0x28, 0x0d, 0x14, 0xc3, 0x29, 0x10, 0x11, 0x4c, 0x68, 0x64, 0x82,
  0x02, 0x02, 0x04, 0x06, 0x0e, 0x30, 0x0e, 0x19, 0x06, 0x02, 0x41, 0x0c,
  0x03, 0x0d, 0xd1, 0x54, 0x04, 0x04, 0x21, 0x31, 0x11, 0x16, 0x04, 0x12,
  0x0e, 0x07, 0x0c, 0x05, 0x03, 0x02, 0x04, 0x0c, 0x71, 0x79, 0x17, 0x20,
  0x02, 0x04, 0x08, 0x07, 0x44, 0x49, 0x81, 0x3b, 0xe7, 0x01, 0x10, 0x1d,
  0x0e, 0x35, 0x0f, 0x0a, 0x03, 0x34, 0x04, 0x02, 0x10, 0x04, 0x04, 0x31,
  0x08, 0x02, 0x18, 0x11, 0xfe, 0x15, 0xa4, 0x71, 0x67, 0x06, 0x06, 0x12,
  0x09, 0x01, 0x62, 0x5c, 0x1d, 0x39, 0x08, 0x04, 0x02, 0x03, 0x0a, 0x08,
  0x29, 0x04, 0x2f, 0x08, 0x20, 0xfd, 0x74, 0x3f, 0x33, 0x06, 0x02, 0x04,
  0x04, 0x02, 0x03, 0x10, 0x09, 0x09, 0x08, 0x08, 0x12, 0x01, 0x31, 0x18,
  0x08, 0x0a, 0x1a, 0x50, 0x08, 0x1d, 0x06, 0x31, 0x31, 0x33, 0x01, 0x1a,
  0x01, 0xb2, 0x23, 0x21, 0x08, 0x04, 0x0f, 0x04, 0x03, 0x00, 0x00, 0x00,
  0x00, 0x01, 0x00, 0x08, 0xff, 0xe9, 0x03, 0xf6, 0x03, 0x5b, 0x00, 0x47,
  0x00, 0x32, 0x00, 0xb2, 0x02, 0x01, 0x00, 0x2b, 0xb0, 0x28, 0x33, 0xb1,
  0x44, 0x03, 0xe9, 0xb2, 0x0e, 0x25, 0x33, 0x32, 0x32, 0x32, 0xb2, 0x3b,
  0x00, 0x00, 0x2b, 0x01, 0xb0, 0x48, 0x2f, 0xb1, 0x49, 0x01, 0x2b, 0x00,
  0xb1, 0x44, 0x3b, 0x11, 0x12, 0xb0, 0x1b, 0x39, 0xb0, 0x02, 0x11, 0xb0,
  0x0c, 0x39, 0x30, 0x31, 0x13, 0x36, 0x37, 0x36, 0x33, 0x32, 0x17, 0x16,
  0x33, 0x32, 0x37, 0x32, 0x15, 0x14, 0x27, 0x23, 0x22, 0x0e, 0x01, 0x15,
  0x14, 0x16, 0x12, 0x15, 0x1e, 0x03, 0x36, 0x37, 0x12, 0x37, 0x36, 0x35,
  0x36, 0x27, 0x26, 0x27, 0x2e, 0x01, 0x33, 0x16, 0x32, 0x37, 0x32, 0x17,
  0x16, 0x15, 0x14, 0x07, 0x06, 0x23, 0x0e, 0x01, 0x07, 0x03, 0x06, 0x07,
  0x06, 0x23, 0x22, 0x27, 0x26, 0x27, 0x01, 0x26, 0x27, 0x26, 0x27, 0x26,
  0x35, 0x34, 0x08, 0x02, 0x12, 0x07, 0x20, 0x2e, 0x62, 0x46, 0x38, 0x4a,
  0x30, 0x0c, 0x10, 0x13, 0x2f, 0x33, 0x08, 0x56, 0x7b, 0x02, 0x08, 0x06,
  0x08, 0x08, 0x04, 0x85, 0x40, 0x09, 0x01, 0x24, 0x36, 0x41, 0x08, 0x01,
  0x11, 0x53, 0xb6, 0x63, 0x09, 0x04, 0x02, 0x01, 0x03, 0x06, 0x42, 0x3d,
  0x3a, 0xfa, 0x0c, 0x10, 0x0c, 0x0c, 0x10, 0x10, 0x0a, 0x0a, 0xfe, 0xf6,
  0x2d, 0x11, 0x1b, 0x5a, 0x0c, 0x03, 0x3a, 0x1e, 0x02, 0x01, 0x02, 0x01,
  0x02, 0x21, 0x1f, 0x01, 0x0f, 0x0e, 0x0c, 0x0e, 0xd6, 0xfe, 0xe2, 0x02,
  0x02, 0x11, 0x06, 0x06, 0x08, 0x0a, 0x01, 0x44, 0x87, 0x13, 0x10, 0x1f,
  0x11, 0x1a, 0x02, 0x06, 0x39, 0x02, 0x02, 0x10, 0x08, 0x08, 0x07, 0x07,
  0x0f, 0x08, 0x4c, 0x83, 0xfd, 0xbe, 0x17, 0x01, 0x03, 0x05, 0x04, 0x1a,
  0x02, 0x65, 0x6a, 0x15, 0x1d, 0x0e, 0x02, 0x17, 0x02, 0x00, 0x00, 0x00,
  0x00, 0x01, 0x00, 0x03, 0xff, 0xe4, 0x05, 0xf8, 0x03, 0x56, 0x00, 0x75,
  0x00, 0x3d, 0x00, 0xb2, 0x6b, 0x00, 0x00, 0x2b, 0xb0, 0x5d, 0x33, 0xb0,
  0x74, 0x2f, 0xb4, 0x11, 0x20, 0x30, 0x40, 0x52, 0x24, 0x17, 0x33, 0xb1,
  0x06, 0x07, 0xe9, 0xb1, 0x29, 0x45, 0x32, 0x32, 0x01, 0xb0, 0x76, 0x2f,
  0xb1, 0x77, 0x01, 0x2b, 0x00, 0xb1, 0x74, 0x6b, 0x11, 0x12, 0xb2, 0x19,
  0x36, 0x64, 0x39, 0x39, 0x39, 0xb0, 0x06, 0x11, 0xb1, 0x04, 0x4e, 0x39,
  0x39, 0x30, 0x31, 0x13, 0x26, 0x35, 0x34, 0x37, 0x36, 0x17, 0x32, 0x16,
  0x32, 0x37, 0x32, 0x33, 0x36, 0x17, 0x16, 0x06, 0x23, 0x06, 0x15, 0x14,
  0x17, 0x16, 0x17, 0x1e, 0x01, 0x37, 0x13, 0x15, 0x26, 0x27, 0x26, 0x27,
  0x22, 0x26, 0x23, 0x22, 0x27, 0x26, 0x33, 0x16, 0x33, 0x32, 0x37, 0x36,
  0x17, 0x16, 0x06, 0x07, 0x06, 0x15, 0x14, 0x17, 0x13, 0x16, 0x36, 0x37,
  0x12, 0x37, 0x36, 0x35, 0x26, 0x27, 0x26, 0x27, 0x22, 0x27, 0x2e, 0x01,
  0x33, 0x16, 0x32, 0x37, 0x32, 0x33, 0x32, 0x17, 0x16, 0x15, 0x14, 0x07,
  0x06, 0x07, 0x06, 0x07, 0x06, 0x07, 0x06, 0x03, 0x0e, 0x01, 0x07, 0x06,
  0x23, 0x22, 0x27, 0x26, 0x2f, 0x01, 0x03, 0x26, 0x07, 0x03, 0x06, 0x07,
  0x06, 0x2b, 0x01, 0x22, 0x27, 0x26, 0x2f, 0x01, 0x03, 0x2e, 0x01, 0x27,
  0x26, 0x04, 0x01, 0x03, 0x04, 0x19, 0x14, 0x71, 0x8f, 0x5f, 0x04, 0x06,
  0x14, 0x04, 0x06, 0x06, 0x0c, 0x68, 0x58, 0x2d, 0x41, 0x04, 0x13, 0x08,
  0xb8, 0x2d, 0x14, 0x21, 0x39, 0x06, 0x19, 0x08, 0x0e, 0x01, 0x04, 0x0f,
  0xc6, 0x6b, 0x50, 0x1e, 0x21, 0x06, 0x04, 0x04, 0x04, 0x6c, 0x1e, 0xac,
  0x06, 0x15, 0x04, 0xa6, 0x0c, 0x03, 0x01, 0x10, 0x18, 0x32, 0x27, 0x14,
  0x0a, 0x05, 0x13, 0x4b, 0xb2, 0x67, 0x02, 0x01, 0x0c, 0x04, 0x04, 0x01,
  0x03, 0x08, 0x52, 0x17, 0x0a, 0x21, 0x2d, 0xd9, 0x06, 0x08, 0x15, 0x19,
  0x09, 0x03, 0x02, 0x0e, 0x06, 0x04, 0xde, 0x06, 0x0e, 0xdb, 0x06, 0x15,
  0x04, 0x08, 0x17, 0x0e, 0x04, 0x0c, 0x06, 0x05, 0xf9, 0x2d, 0x38, 0x4e,
  0x0a, 0x03, 0x2e, 0x07, 0x05, 0x0b, 0x05, 0x0e, 0x04, 0x04, 0x04, 0x02,
  0x12, 0x0c, 0x1f, 0x04, 0x2c, 0x19, 0xde, 0x73, 0x9c, 0x0a, 0x10, 0x0a,
  0x01, 0xb0, 0x02, 0x5a, 0x15, 0x21, 0x03, 0x03, 0x1e, 0x21, 0x05, 0x03,
  0x04, 0x12, 0x0c, 0x1f, 0x04, 0x02, 0x33, 0x1c, 0x49, 0xfe, 0x60, 0x0a,
  0x10, 0x0b, 0x01, 0x83, 0x43, 0x0f, 0x0d, 0x1e, 0x0e, 0x14, 0x04, 0x03,
  0x04, 0x3b, 0x02, 0x02, 0x0e, 0x0a, 0x0a, 0x06, 0x05, 0x10, 0x02, 0x08,
  0x21, 0x10, 0x4f, 0x6f, 0xfd, 0xe4, 0x10, 0x08, 0x03, 0x05, 0x01, 0x02,
  0x0f, 0x0a, 0x02, 0x17, 0x0c, 0x1b, 0xfd, 0xfc, 0x19, 0x02, 0x02, 0x02,
  0x02, 0x0d, 0x0a, 0x02, 0x68, 0x73, 0x35, 0x05, 0x03, 0x00, 0x00, 0x00,
  0x00, 0x01, 0x00, 0x0e, 0xff, 0xfa, 0x04, 0x17, 0x03, 0x57, 0x00, 0x76,
  0x00, 0x45, 0x00, 0xb2, 0x0e, 0x01, 0x00, 0x2b, 0xb0, 0x32, 0x33, 0xb1,
  0x0a, 0x07, 0xe9, 0xb2, 0x19, 0x29, 0x3f, 0x32, 0x32, 0x32, 0xb2, 0x71,
  0x00, 0x00, 0x2b, 0xb0, 0x51, 0x33, 0xb1, 0x69, 0x07, 0xe9, 0xb2, 0x02,
  0x4a, 0x56, 0x32, 0x32, 0x32, 0x01, 0xb0, 0x77, 0x2f, 0xb1, 0x78, 0x01,
  0x2b, 0x00, 0xb1, 0x69, 0x71, 0x11, 0x12, 0xb0, 0x4c, 0x39, 0xb0, 0x0a,
  0x11, 0xb3, 0x01, 0x1c, 0x21, 0x5f, 0x24, 0x17, 0x39, 0x30, 0x31, 0x37,
  0x34, 0x17, 0x3e, 0x01, 0x3f, 0x01, 0x27, 0x2e, 0x01, 0x27, 0x26, 0x37,
  0x36, 0x17, 0x32, 0x33, 0x16, 0x32, 0x37, 0x32, 0x17, 0x1e, 0x01, 0x06,
  0x2b, 0x01, 0x22, 0x14, 0x17, 0x16, 0x17, 0x1e, 0x01, 0x37, 0x36, 0x37,
  0x36, 0x35, 0x34, 0x26, 0x27, 0x2a, 0x02, 0x26, 0x27, 0x26, 0x37, 0x36,
  0x33, 0x32, 0x17, 0x16, 0x32, 0x37, 0x32, 0x33, 0x32, 0x17, 0x16, 0x07,
  0x06, 0x23, 0x0e, 0x01, 0x0f, 0x02, 0x1e, 0x01, 0x17, 0x1e, 0x01, 0x17,
  0x16, 0x15, 0x14, 0x06, 0x27, 0x26, 0x23, 0x22, 0x07, 0x22, 0x34, 0x3b,
  0x01, 0x32, 0x35, 0x34, 0x2e, 0x01, 0x2f, 0x01, 0x26, 0x07, 0x0e, 0x04,
  0x15, 0x14, 0x16, 0x17, 0x33, 0x32, 0x16, 0x07, 0x06, 0x23, 0x22, 0x23,
  0x26, 0x23, 0x22, 0x07, 0x22, 0x0e, 0x11, 0x4a, 0x51, 0x54, 0xb7, 0xaa,
  0x4a, 0x50, 0x56, 0x0c, 0x01, 0x01, 0x11, 0x01, 0x02, 0x36, 0xc7, 0x91,
  0x14, 0x02, 0x06, 0x02, 0x06, 0x04, 0x12, 0x46, 0x4a, 0x37, 0x19, 0x0c,
  0x10, 0x11, 0x2d, 0x23, 0x37, 0x25, 0x35, 0x04, 0x09, 0x04, 0x06, 0x02,
  0x06, 0x04, 0x02, 0x0f, 0x04, 0x04, 0x9a, 0xc2, 0x29, 0x02, 0x02, 0x0d,
  0x07, 0x08, 0x06, 0x04, 0x1a, 0x5a, 0x52, 0x42, 0x4e, 0x60, 0x75, 0x60,
  0x23, 0x2b, 0x4c, 0x41, 0x11, 0x0b, 0x08, 0x5c, 0x55, 0x81, 0x74, 0x12,
  0x12, 0x13, 0x47, 0x12, 0x1f, 0x04, 0x75, 0x1f, 0x10, 0x04, 0x35, 0x2d,
  0x33, 0x1f, 0x2f, 0x40, 0x10, 0x0a, 0x08, 0x04, 0x04, 0x08, 0x01, 0x01,
  0x67, 0x78, 0x50, 0x58, 0x0c, 0x19, 0x1f, 0x01, 0x02, 0x34, 0x60, 0xcf,
  0xe3, 0x64, 0x34, 0x04, 0x05, 0x1c, 0x1b, 0x01, 0x03, 0x03, 0x04, 0x08,
  0x19, 0x14, 0x31, 0x61, 0x4a, 0x18, 0x10, 0x02, 0x12, 0x2d, 0x2d, 0x42,
  0x27, 0x17, 0x16, 0x02, 0x06, 0x04, 0x10, 0x15, 0x0d, 0x01, 0x02, 0x02,
  0x0a, 0x14, 0x11, 0x0c, 0x06, 0x2c, 0x49, 0x56, 0x6f, 0x96, 0x7c, 0x2b,
  0x37, 0x2a, 0x04, 0x0a, 0x1b, 0x0a, 0x10, 0x02, 0x02, 0x04, 0x3b, 0x20,
  0x0b, 0x1f, 0x25, 0x04, 0x9c, 0x27, 0x13, 0x06, 0x37, 0x34, 0x3d, 0x2f,
  0x0a, 0x1b, 0x1b, 0x06, 0x21, 0x0e, 0x0c, 0x04, 0x02, 0x00, 0x00, 0x00,
  0x00, 0x01, 0x00, 0x11, 0xfd, 0xe3, 0x03, 0xd0, 0x03, 0x5e, 0x00, 0x4a,
  0x00, 0x4e, 0x00, 0xb2, 0x21, 0x01, 0x00, 0x2b, 0xb0, 0x04, 0x33, 0xb1,
  0x1e, 0x07, 0xe9, 0xb2, 0x0b, 0x2e, 0x45, 0x32, 0x32, 0x32, 0xb0, 0x38,
  0x2f, 0xb4, 0x3d, 0x0a, 0x00, 0x17, 0x04, 0x2b, 0x01, 0xb0, 0x4b, 0x2f,
  0xb0, 0x1b, 0xd6, 0xb1, 0x2a, 0x0f, 0xe9, 0xb1, 0x4c, 0x01, 0x2b, 0xb1,
  0x2a, 0x1b, 0x11, 0x12, 0xb2, 0x24, 0x2e, 0x31, 0x39, 0x39, 0x39, 0x00,
  0xb1, 0x1e, 0x3d, 0x11, 0x12, 0xb1, 0x13, 0x33, 0x39, 0x39, 0xb0, 0x21,
  0x11, 0xb1, 0x2a, 0x49, 0x39, 0x39, 0x30, 0x31, 0x13, 0x36, 0x17, 0x32,
  0x33, 0x32, 0x37, 0x32, 0x17, 0x16, 0x06, 0x07, 0x0e, 0x01, 0x15, 0x14,
  0x17, 0x16, 0x13, 0x16, 0x37, 0x36, 0x35, 0x13, 0x36, 0x37, 0x36, 0x35,
  0x34, 0x26, 0x27, 0x2e, 0x01, 0x37, 0x33, 0x36, 0x33, 0x32, 0x17, 0x32,
  0x17, 0x16, 0x15, 0x14, 0x07, 0x06, 0x23, 0x0e, 0x01, 0x07, 0x03, 0x06,
  0x07, 0x06, 0x07, 0x06, 0x23, 0x22, 0x26, 0x35, 0x34, 0x37, 0x3e, 0x01,
  0x3f, 0x01, 0x01, 0x2e, 0x01, 0x27, 0x26, 0x27, 0x26, 0x35, 0x34, 0x12,
  0x06, 0x23, 0x09, 0x1a, 0x4e, 0xec, 0x23, 0x03, 0x04, 0x08, 0x08, 0x42,
  0x28, 0x16, 0x2b, 0x92, 0x06, 0x16, 0x04, 0x7b, 0x14, 0x0b, 0x12, 0x31,
  0x4c, 0x0a, 0x02, 0x13, 0x10, 0x62, 0x50, 0x40, 0x35, 0x23, 0x04, 0x01,
  0x03, 0x04, 0x06, 0x3f, 0x4d, 0x3d, 0xfe, 0x48, 0x0e, 0x1f, 0x2b, 0x21,
  0x3d, 0x27, 0x39, 0x66, 0x3f, 0x55, 0x24, 0x1d, 0xfe, 0xfc, 0x37, 0x36,
  0x49, 0x06, 0x05, 0x03, 0x03, 0x48, 0x17, 0x05, 0x04, 0x10, 0x0e, 0x21,
  0x02, 0x02, 0x19, 0x19, 0x17, 0x30, 0x5e, 0xfe, 0x93, 0x0e, 0x23, 0x04,
  0x02, 0x01, 0x39, 0x33, 0x21, 0x37, 0x1d, 0x29, 0x1f, 0x02, 0x06, 0x33,
  0x02, 0x06, 0x04, 0x12, 0x04, 0x04, 0x09, 0x0b, 0x0f, 0x08, 0x61, 0xa2,
  0xfd, 0x54, 0xb8, 0x23, 0x4a, 0x33, 0x2b, 0x38, 0x24, 0x3f, 0x1a, 0x10,
  0x71, 0x78, 0x5f, 0x02, 0x6a, 0x85, 0x38, 0x06, 0x02, 0x0e, 0x0a, 0x09,
  0x04, 0x00, 0x00, 0x00, 0x00, 0x01, 0x00, 0x1e, 0xff, 0xf8, 0x03, 0x2a,
  0x03, 0x8f, 0x00, 0x42, 0x00, 0x5e, 0x00, 0xb2, 0x21, 0x01, 0x00, 0x2b,
  0xb1, 0x06, 0x09, 0xe9, 0xb2, 0x18, 0x01, 0x00, 0x2b, 0xb2, 0x3e, 0x00,
  0x00, 0x2b, 0xb1, 0x2c, 0x0a, 0xe9, 0x01, 0xb0, 0x43, 0x2f, 0xb0, 0x14,
  0xd6, 0xb4, 0x0f, 0x0c, 0x00, 0x1e, 0x04, 0x2b, 0xb0, 0x0f, 0x10, 0xb1,
  0x16, 0x0b, 0x2b, 0xb4, 0x19, 0x0c, 0x00, 0x1e, 0x04, 0x2b, 0xb1, 0x44,
  0x01, 0x2b, 0xb1, 0x0f, 0x14, 0x11, 0x12, 0xb0, 0x10, 0x39, 0x00, 0xb1,
  0x2c, 0x3e, 0x11, 0x12, 0xb0, 0x02, 0x39, 0xb0, 0x06, 0x11, 0xb5, 0x04,
  0x11, 0x28, 0x29, 0x34, 0x37, 0x24, 0x17, 0x39, 0xb0, 0x21, 0x12, 0xb0,
  0x27, 0x39, 0x30, 0x31, 0x37, 0x3e, 0x01, 0x37, 0x01, 0x36, 0x27, 0x26,
  0x23, 0x22, 0x07, 0x06, 0x23, 0x22, 0x06, 0x07, 0x0e, 0x01, 0x27, 0x26,
  0x37, 0x12, 0x37, 0x36, 0x32, 0x15, 0x14, 0x17, 0x16, 0x33, 0x32, 0x33,
  0x24, 0x33, 0x32, 0x33, 0x32, 0x17, 0x16, 0x07, 0x00, 0x03, 0x06, 0x16,
  0x37, 0x16, 0x32, 0x37, 0x3e, 0x01, 0x3f, 0x01, 0x36, 0x17, 0x16, 0x15,
  0x14, 0x0f, 0x01, 0x06, 0x07, 0x06, 0x20, 0x27, 0x22, 0x35, 0x34, 0x1f,
  0x02, 0x0c, 0x02, 0x01, 0xf2, 0x04, 0x13, 0x11, 0x16, 0x2c, 0x41, 0x61,
  0x29, 0x2b, 0x2d, 0x1f, 0x04, 0x21, 0x0a, 0x10, 0x04, 0x33, 0x0a, 0x04,
  0x35, 0x0e, 0x0c, 0x2c, 0x09, 0x09, 0x01, 0x0b, 0x81, 0x2b, 0x1c, 0x23,
  0x08, 0x08, 0x0c, 0xfe, 0xe1, 0xd7, 0x02, 0x13, 0x08, 0x44, 0x9a, 0x57,
  0x33, 0x30, 0x24, 0x09, 0x08, 0x21, 0x0f, 0x01, 0x54, 0x06, 0x11, 0xa7,
  0xfe, 0xb7, 0xa3, 0x0d, 0x23, 0x06, 0x0e, 0x04, 0x02, 0xa6, 0x0c, 0x07,
  0x01, 0x03, 0x04, 0x42, 0x7d, 0x0a, 0x04, 0x06, 0x06, 0x17, 0x01, 0x19,
  0x2c, 0x06, 0x08, 0x23, 0x0a, 0x08, 0x04, 0x08, 0x21, 0x0e, 0xfe, 0x89,
  0xfe, 0xc7, 0x06, 0x0b, 0x02, 0x06, 0x06, 0x02, 0x34, 0x56, 0x0a, 0x14,
  0x08, 0x03, 0x09, 0x02, 0x02, 0xe6, 0x0c, 0x04, 0x04, 0x04, 0x19, 0x06,
  0x00, 0x01, 0x00, 0xd7, 0xfe, 0x02, 0x03, 0x33, 0x05, 0xb0, 0x00, 0x3f,
  0x00, 0x51, 0x00, 0xb0, 0x34, 0x2f, 0xb1, 0x2d, 0x07, 0xe9, 0x01, 0xb0,
  0x40, 0x2f, 0xb0, 0x37, 0xd6, 0xb0, 0x0b, 0x32, 0xb1, 0x2b, 0x0d, 0xe9,
  0xb0, 0x1b, 0x32, 0xb0, 0x2b, 0x10, 0xb0, 0x27, 0x20, 0xd6, 0x11, 0xb1,
  0x3b, 0x0d, 0xe9, 0xb0, 0x3b, 0x2f, 0xb0, 0x07, 0x33, 0xb1, 0x27, 0x0d,
  0xe9, 0xb0, 0x1f, 0x32, 0xb1, 0x41, 0x01, 0x2b, 0xb1, 0x3b, 0x37, 0x11,
  0x12, 0xb0, 0x09, 0x39, 0xb1, 0x27, 0x2b, 0x11, 0x12, 0xb0, 0x1d, 0x39,
  0x00, 0xb1, 0x2d, 0x34, 0x11, 0x12, 0xb0, 0x30, 0x39, 0x30, 0x31, 0x13,
  0x26, 0x37, 0x34, 0x37, 0x3e, 0x01, 0x35, 0x34, 0x27, 0x26, 0x35, 0x34,
  0x36, 0x37, 0x32, 0x17, 0x16, 0x07, 0x14, 0x23, 0x06, 0x15, 0x06, 0x07,
  0x0e, 0x01, 0x15, 0x14, 0x17, 0x16, 0x07, 0x14, 0x07, 0x06, 0x07, 0x06,
  0x17, 0x16, 0x07, 0x14, 0x07, 0x06, 0x07, 0x14, 0x17, 0x32, 0x1f, 0x01,
  0x16, 0x07, 0x06, 0x27, 0x2e, 0x01, 0x35, 0x34, 0x37, 0x36, 0x35, 0x34,
  0x26, 0x27, 0x26, 0xd7, 0x06, 0x06, 0x0e, 0x66, 0x76, 0x19, 0x17, 0xe0,
  0xae, 0x0c, 0x02, 0x08, 0x04, 0x02, 0x02, 0x04, 0x0e, 0x6d, 0x71, 0x13,
  0x17, 0x01, 0x70, 0x3f, 0x40, 0x21, 0x1f, 0xf2, 0x01, 0x14, 0x12, 0x01,
  0xe2, 0x0a, 0x06, 0x02, 0x08, 0x08, 0x06, 0x0e, 0xb0, 0xdc, 0x17, 0x19,
  0x75, 0x6d, 0x0a, 0x01, 0xcb, 0x0e, 0x0c, 0x0e, 0x05, 0x14, 0x73, 0x4a,
  0x31, 0x68, 0x5a, 0x50, 0x9e, 0xec, 0x1a, 0x0a, 0x1d, 0x04, 0x02, 0x02,
  0x02, 0x0a, 0x04, 0x19, 0x7b, 0x5a, 0x3b, 0x5c, 0x75, 0x40, 0x8d, 0x6b,
  0x3b, 0x1d, 0x0c, 0x10, 0x79, 0xd9, 0x52, 0x5e, 0x5a, 0x3e, 0xb4, 0x40,
  0x0a, 0x02, 0x15, 0x12, 0x0a, 0x02, 0x1b, 0xe9, 0x9e, 0x3f, 0x65, 0x6d,
  0x2e, 0x4e, 0x71, 0x16, 0x04, 0x00, 0x00, 0x00, 0x00, 0x01, 0x01, 0xe3,
  0xff, 0xd3, 0x02, 0x6a, 0x06, 0xe1, 0x00, 0x15, 0x00, 0x22, 0x00, 0xb2,
  0x13, 0x00, 0x00, 0x2b, 0x01, 0xb0, 0x16, 0x2f, 0xb0, 0x01, 0xd6, 0xb1,
  0x0c, 0x0c, 0xe9, 0xb0, 0x0f, 0x32, 0xb1, 0x0d, 0x0c, 0xe9, 0xb0, 0x08,
  0x32, 0xb1, 0x17, 0x01, 0x2b, 0x00, 0x30, 0x31, 0x25, 0x11, 0x34, 0x36,
  0x33, 0x16, 0x37, 0x32, 0x1e, 0x01, 0x14, 0x06, 0x15, 0x11, 0x10, 0x07,
  0x14, 0x23, 0x26, 0x07, 0x22, 0x26, 0x01, 0xe3, 0x15, 0x1a, 0x25, 0x17,
  0x0c, 0x0c, 0x04, 0x02, 0x02, 0x2d, 0x17, 0x1c, 0x17, 0x0c, 0x0a, 0x06,
  0xa4, 0x1d, 0x16, 0x08, 0x04, 0x02, 0x0a, 0x08, 0x17, 0x08, 0xfc, 0xb6,
  0xfc, 0xe7, 0x47, 0x2d, 0x04, 0x04, 0x1b, 0x00, 0x00, 0x01, 0x00, 0xd9,
  0xfe, 0x06, 0x03, 0x31, 0x05, 0xb0, 0x00, 0x36, 0x00, 0x3d, 0x00, 0xb0,
  0x19, 0x2f, 0xb1, 0x1e, 0x03, 0xe9, 0x01, 0xb0, 0x37, 0x2f, 0xb0, 0x08,
  0xd6, 0xb0, 0x17, 0x32, 0xb1, 0x31, 0x0d, 0xe9, 0xb0, 0x21, 0x32, 0xb2,
  0x31, 0x08, 0x0a, 0x2b, 0xb3, 0x40, 0x31, 0x29, 0x09, 0x2b, 0xb0, 0x08,
  0x10, 0xb0, 0x0b, 0x20, 0xd6, 0x11, 0xb0, 0x14, 0x33, 0xb1, 0x2e, 0x0d,
  0xe9, 0xb0, 0x24, 0x32, 0xb1, 0x38, 0x01, 0x2b, 0x00, 0x30, 0x31, 0x13,
  0x34, 0x36, 0x35, 0x36, 0x37, 0x3e, 0x01, 0x35, 0x34, 0x26, 0x35, 0x34,
  0x37, 0x36, 0x37, 0x36, 0x26, 0x27, 0x26, 0x37, 0x34, 0x36, 0x35, 0x34,
  0x27, 0x2e, 0x01, 0x37, 0x34, 0x17, 0x1e, 0x01, 0x15, 0x14, 0x06, 0x15,
  0x14, 0x16, 0x17, 0x16, 0x15, 0x14, 0x07, 0x0e, 0x01, 0x15, 0x14, 0x16,
  0x15, 0x14, 0x06, 0x07, 0x06, 0x26, 0xd9, 0x02, 0x04, 0x0a, 0x6d, 0x75,
  0x2b, 0x72, 0x3b, 0x44, 0x0c, 0x01, 0x0d, 0xf0, 0x01, 0x29, 0xd7, 0x08,
  0x13, 0x02, 0x10, 0xb0, 0xde, 0x31, 0x6a, 0x64, 0x1d, 0x18, 0x62, 0x6f,
  0x31, 0xd3, 0xa6, 0x0e, 0x1b, 0xfe, 0x1b, 0x02, 0x10, 0x04, 0x0e, 0x03,
  0x17, 0x7c, 0x58, 0x39, 0xd9, 0x3a, 0x8b, 0x6f, 0x3b, 0x1d, 0x06, 0x12,
  0x06, 0x79, 0xd5, 0x35, 0xdc, 0x37, 0xb4, 0x3e, 0x02, 0x14, 0x0c, 0x1f,
  0x02, 0x1b, 0xe9, 0x9e, 0x37, 0xd1, 0x37, 0x4a, 0x6e, 0x19, 0x08, 0x19,
  0x23, 0x04, 0x17, 0x6e, 0x48, 0x37, 0xd5, 0x37, 0x9a, 0xe7, 0x1f, 0x04,
  0x0c, 0x00, 0x00, 0x00, 0x00, 0x01, 0x00, 0x31, 0x01, 0xe7, 0x04, 0x60,
  0x03, 0x5a, 0x00, 0x29, 0x00, 0x60, 0x00, 0xb0, 0x1a, 0x2f, 0xb4, 0x0f,
  0x0a, 0x00, 0x19, 0x04, 0x2b, 0xb0, 0x21, 0x2f, 0xb4, 0x03, 0x0a, 0x00,
  0x1a, 0x04, 0x2b, 0x01, 0xb0, 0x2a, 0x2f, 0xb0, 0x00, 0xd6, 0xb4, 0x24,
  0x0c, 0x00, 0x1e, 0x04, 0x2b, 0xb0, 0x24, 0x10, 0xb1, 0x11, 0x01, 0x2b,
  0xb4, 0x17, 0x0c, 0x00, 0x2f, 0x04, 0x2b, 0xb1, 0x2b, 0x01, 0x2b, 0xb1,
  0x11, 0x24, 0x11, 0x12, 0xb1, 0x03, 0x1a, 0x39, 0x39, 0xb0, 0x17, 0x11,
  0xb0, 0x18, 0x39, 0x00, 0xb1, 0x0f, 0x1a, 0x11, 0x12, 0xb1, 0x1d, 0x24,
  0x39, 0x39, 0xb0, 0x21, 0x11, 0xb0, 0x0b, 0x39, 0xb0, 0x03, 0x12, 0xb1,
  0x0a, 0x11, 0x39, 0x39, 0x30, 0x31, 0x13, 0x3e, 0x01, 0x33, 0x32, 0x17,
  0x32, 0x1e, 0x07, 0x33, 0x32, 0x37, 0x36, 0x33, 0x17, 0x1e, 0x01, 0x07,
  0x0e, 0x01, 0x23, 0x22, 0x27, 0x2e, 0x03, 0x23, 0x22, 0x06, 0x07, 0x06,
  0x27, 0x2e, 0x02, 0x31, 0x06, 0xa8, 0x79, 0x6a, 0xad, 0x02, 0x2d, 0x08,
  0x2b, 0x10, 0x25, 0x17, 0x1e, 0x1d, 0x0e, 0x91, 0x20, 0x04, 0x14, 0x17,
  0x0c, 0x10, 0x02, 0x0a, 0xa2, 0x75, 0x73, 0xb3, 0x06, 0x5d, 0x2d, 0x4a,
  0x1c, 0x44, 0x60, 0x0a, 0x04, 0x1b, 0x0a, 0x0f, 0x0c, 0x02, 0x06, 0x8f,
  0xbd, 0x5e, 0x1b, 0x04, 0x17, 0x06, 0x10, 0x06, 0x0a, 0x02, 0xa9, 0x1b,
  0x02, 0x02, 0x0e, 0x06, 0x93, 0xc1, 0x60, 0x04, 0x31, 0x15, 0x18, 0x60,
  0x52, 0x1b, 0x04, 0x02, 0x05, 0x0e, 0x00, 0x00, 0x00, 0x02, 0x00, 0xa2,
  0xfe, 0x02, 0x01, 0x8f, 0x03, 0x79, 0x00, 0x09, 0x00, 0x15, 0x00, 0x48,
  0x00, 0xb2, 0x03, 0x01, 0x00, 0x2b, 0xb4, 0x08, 0x0a, 0x00, 0x12, 0x04,
  0x2b, 0x01, 0xb0, 0x16, 0x2f, 0xb0, 0x00, 0xd6, 0xb1, 0x05, 0x0f, 0xe9,
  0xb1, 0x05, 0x0f, 0xe9, 0xb3, 0x0f, 0x05, 0x00, 0x08, 0x2b, 0xb1, 0x0a,
  0x0b, 0xe9, 0xb0, 0x0a, 0x2f, 0xb1, 0x0f, 0x0b, 0xe9, 0xb1, 0x17, 0x01,
  0x2b, 0xb1, 0x0a, 0x00, 0x11, 0x12, 0xb0, 0x15, 0x39, 0xb0, 0x0f, 0x11,
  0xb4, 0x02, 0x07, 0x08, 0x03, 0x0b, 0x24, 0x17, 0x39, 0x00, 0x30, 0x31,
  0x13, 0x34, 0x36, 0x32, 0x16, 0x15, 0x14, 0x06, 0x22, 0x26, 0x1b, 0x01,
  0x36, 0x32, 0x17, 0x13, 0x16, 0x06, 0x2b, 0x01, 0x22, 0x26, 0xa2, 0x43,
  0x67, 0x43, 0x43, 0x67, 0x43, 0x0e, 0x4c, 0x04, 0x2f, 0x04, 0x52, 0x04,
  0x18, 0x34, 0x41, 0x35, 0x1b, 0x03, 0x08, 0x2f, 0x42, 0x40, 0x31, 0x33,
  0x42, 0x42, 0xfb, 0x81, 0x03, 0xb4, 0x0a, 0x0a, 0xfc, 0x4a, 0x2f, 0x23,
  0x23, 0x00, 0x00, 0x00, 0x00, 0x02, 0x00, 0x62, 0xfe, 0x8d, 0x03, 0x4e,
  0x04, 0x85, 0x00, 0x38, 0x00, 0x42, 0x00, 0x60, 0x00, 0xb2, 0x03, 0x01,
  0x00, 0x2b, 0xb1, 0x40, 0x04, 0xe9, 0xb2, 0x10, 0x01, 0x00, 0x2b, 0xb4,
  0x15, 0x0a, 0x00, 0x16, 0x04, 0x2b, 0xb2, 0x27, 0x00, 0x00, 0x2b, 0xb1,
  0x1d, 0x0a, 0xe9, 0xb2, 0x34, 0x00, 0x00, 0x2b, 0x01, 0xb0, 0x43, 0x2f,
  0xb0, 0x00, 0xd6, 0xb1, 0x39, 0x0d, 0xe9, 0xb1, 0x44, 0x01, 0x2b, 0xb1,
  0x39, 0x00, 0x11, 0x12, 0xb3, 0x2c, 0x31, 0x32, 0x37, 0x24, 0x17, 0x39,
  0x00, 0xb1, 0x1d, 0x27, 0x11, 0x12, 0xb0, 0x37, 0x39, 0xb0, 0x15, 0x11,
  0xb3, 0x00, 0x21, 0x39, 0x3c, 0x24, 0x17, 0x39, 0xb0, 0x40, 0x12, 0xb2,
  0x12, 0x18, 0x3e, 0x39, 0x39, 0x39, 0x30, 0x31, 0x13, 0x34, 0x00, 0x33,
  0x32, 0x17, 0x13, 0x36, 0x17, 0x32, 0x16, 0x32, 0x1e, 0x01, 0x14, 0x07,
  0x03, 0x16, 0x15, 0x14, 0x06, 0x23, 0x22, 0x27, 0x26, 0x07, 0x03, 0x06,
  0x16, 0x33, 0x32, 0x36, 0x37, 0x36, 0x1f, 0x01, 0x16, 0x07, 0x06, 0x23,
  0x22, 0x27, 0x26, 0x07, 0x02, 0x07, 0x06, 0x2f, 0x01, 0x26, 0x3f, 0x01,
  0x13, 0x36, 0x27, 0x2e, 0x01, 0x37, 0x14, 0x17, 0x16, 0x37, 0x13, 0x26,
  0x23, 0x22, 0x06, 0x62, 0x01, 0x23, 0xcf, 0x0a, 0x31, 0x65, 0x08, 0x12,
  0x02, 0x11, 0x06, 0x0a, 0x04, 0x02, 0x64, 0x7f, 0x2d, 0x23, 0x25, 0x27,
  0x19, 0x0a, 0xe3, 0x0c, 0x5c, 0x29, 0x4c, 0x6c, 0x3c, 0x0c, 0x0e, 0x15,
  0x10, 0x14, 0x8f, 0xdc, 0x29, 0x2d, 0x17, 0x0a, 0x5e, 0x16, 0x0c, 0x15,
  0x1f, 0x0c, 0x06, 0x04, 0x7b, 0x0a, 0x14, 0x54, 0x67, 0xa4, 0x5a, 0x0c,
  0x0d, 0xed, 0x25, 0x33, 0x6a, 0x9e, 0x01, 0x85, 0xcf, 0x01, 0x23, 0x04,
  0x01, 0x06, 0x0e, 0x02, 0x02, 0x04, 0x06, 0x0a, 0x09, 0xff, 0x00, 0x26,
  0x50, 0x21, 0x2b, 0x21, 0x19, 0x1b, 0xfd, 0xc6, 0x23, 0x1a, 0x45, 0x48,
  0x10, 0x08, 0x0c, 0x0a, 0x1f, 0xd1, 0x0a, 0x06, 0x1a, 0xff, 0x00, 0x2b,
  0x1b, 0x02, 0x06, 0x02, 0x11, 0x08, 0x01, 0x35, 0x1f, 0x0c, 0x37, 0xcb,
  0xa4, 0xa2, 0x6a, 0x10, 0x1a, 0x02, 0x58, 0x1d, 0xd9, 0x00, 0x00, 0x00,
  0x00, 0x01, 0x00, 0x1f, 0xfe, 0x1f, 0x06, 0x35, 0x05, 0x98, 0x00, 0x66,
  0x00, 0x82, 0x00, 0xb2, 0x29, 0x02, 0x00, 0x2b, 0xb1, 0x1d, 0x09, 0xe9,
  0xb2, 0x29, 0x1d, 0x0a, 0x2b, 0xb3, 0x00, 0x29, 0x23, 0x09, 0x2b, 0xb0,
  0x55, 0x2f, 0xb0, 0x64, 0x33, 0xb4, 0x45, 0x0a, 0x00, 0x21, 0x04, 0x2b,
  0xb2, 0x45, 0x55, 0x0a, 0x2b, 0xb3, 0x00, 0x45, 0x4f, 0x09, 0x2b, 0xb0,
  0x5e, 0x2f, 0xb1, 0x3e, 0x09, 0xe9, 0xb0, 0x0a, 0x2f, 0xb0, 0x39, 0x33,
  0xb1, 0x15, 0x04, 0xe9, 0xb0, 0x31, 0x32, 0x01, 0xb0, 0x67, 0x2f, 0xb0,
  0x48, 0xd6, 0xb1, 0x52, 0x0c, 0xe9, 0xb2, 0x48, 0x52, 0x0a, 0x2b, 0xb3,
  0x00, 0x48, 0x4c, 0x09, 0x2b, 0xb1, 0x68, 0x01, 0x2b, 0xb1, 0x52, 0x48,
  0x11, 0x12, 0xb0, 0x23, 0x39, 0x00, 0xb1, 0x5e, 0x45, 0x11, 0x12, 0xb2,
  0x41, 0x59, 0x61, 0x39, 0x39, 0x39, 0xb0, 0x3e, 0x11, 0xb1, 0x03, 0x3c,
  0x39, 0x39, 0xb1, 0x29, 0x15, 0x11, 0x12, 0xb0, 0x18, 0x39, 0x30, 0x31,
  0x13, 0x34, 0x36, 0x37, 0x36, 0x3f, 0x01, 0x36, 0x26, 0x2b, 0x01, 0x22,
  0x27, 0x26, 0x37, 0x34, 0x37, 0x3e, 0x03, 0x33, 0x21, 0x36, 0x12, 0x37,
  0x36, 0x37, 0x12, 0x21, 0x32, 0x16, 0x15, 0x14, 0x06, 0x23, 0x22, 0x27,
  0x26, 0x27, 0x26, 0x07, 0x22, 0x07, 0x06, 0x07, 0x02, 0x07, 0x06, 0x17,
  0x33, 0x25, 0x33, 0x32, 0x0f, 0x01, 0x06, 0x23, 0x25, 0x06, 0x07, 0x36,
  0x33, 0x32, 0x16, 0x17, 0x16, 0x17, 0x16, 0x33, 0x32, 0x36, 0x35, 0x34,
  0x27, 0x26, 0x35, 0x34, 0x36, 0x33, 0x32, 0x16, 0x15, 0x14, 0x06, 0x23,
  0x22, 0x27, 0x26, 0x27, 0x2e, 0x01, 0x27, 0x26, 0x23, 0x22, 0x0f, 0x01,
  0x0e, 0x01, 0x23, 0x22, 0x26, 0x1f, 0x99, 0x63, 0x3d, 0x31, 0x0d, 0x04,
  0x0d, 0x0c, 0xee, 0x1d, 0x01, 0x0c, 0x06, 0x02, 0x02, 0x02, 0x08, 0x10,
  0x0d, 0x01, 0x22, 0x12, 0x69, 0x1f, 0x5e, 0x5c, 0xf2, 0x01, 0x2b, 0x68,
  0xa0, 0x2f, 0x23, 0x2b, 0x2f, 0x0e, 0x0c, 0x48, 0x4c, 0x5e, 0x4a, 0x50,
  0x58, 0xc3, 0x53, 0x10, 0x1a, 0x08, 0x01, 0x0f, 0x1a, 0x19, 0x06, 0x07,
  0x04, 0x2b, 0xfe, 0xae, 0x4c, 0x4d, 0x58, 0x70, 0x5c, 0x98, 0x56, 0x50,
  0x37, 0x4a, 0x44, 0x4a, 0x68, 0x21, 0x1b, 0x32, 0x22, 0x2f, 0x3e, 0xfc,
  0x9e, 0x77, 0x62, 0x1f, 0x3d, 0x06, 0x48, 0x12, 0x79, 0x56, 0x3f, 0x5d,
  0x06, 0x37, 0x8b, 0x3a, 0x1d, 0x28, 0xfe, 0x60, 0x39, 0x90, 0x29, 0x6d,
  0x83, 0x20, 0x08, 0x15, 0x02, 0x04, 0x15, 0x04, 0x06, 0x0c, 0x0a, 0x0d,
  0x04, 0x31, 0x01, 0x21, 0x4d, 0xf4, 0x9c, 0x01, 0x9e, 0x60, 0x46, 0x21,
  0x2d, 0x2f, 0x0c, 0x0f, 0x48, 0x01, 0x64, 0x68, 0xe0, 0xfe, 0x1f, 0xb6,
  0x25, 0x02, 0x02, 0x1b, 0x1a, 0x1d, 0x04, 0x9a, 0x64, 0x29, 0x46, 0x3f,
  0x3d, 0x1f, 0x2b, 0x56, 0x3d, 0x21, 0x39, 0x2d, 0x1b, 0x25, 0x31, 0x58,
  0x42, 0x8f, 0xe1, 0x3f, 0x14, 0x32, 0x06, 0x39, 0x0f, 0x5a, 0x2b, 0x04,
  0x71, 0x8b, 0x25, 0x00, 0x00, 0x02, 0x00, 0xcf, 0x00, 0xb2, 0x04, 0xcd,
  0x04, 0xba, 0x00, 0x22, 0x00, 0x2c, 0x00, 0x7b, 0x00, 0xb0, 0x1f, 0x2f,
  0xb4, 0x26, 0x0a, 0x00, 0x1f, 0x04, 0x2b, 0xb0, 0x2b, 0x2f, 0xb4, 0x0d,
  0x0a, 0x00, 0x1e, 0x04, 0x2b, 0x01, 0xb0, 0x2d, 0x2f, 0xb0, 0x04, 0xd6,
  0xb1, 0x24, 0x0c, 0xe9, 0xb0, 0x24, 0x10, 0xb1, 0x29, 0x01, 0x2b, 0xb4,
  0x16, 0x0c, 0x00, 0x2e, 0x04, 0x2b, 0xb1, 0x2e, 0x01, 0x2b, 0xb1, 0x24,
  0x04, 0x11, 0x12, 0xb3, 0x01, 0x07, 0x09, 0x22, 0x24, 0x17, 0x39, 0xb0,
  0x29, 0x11, 0xb3, 0x0a, 0x10, 0x1c, 0x21, 0x24, 0x17, 0x39, 0xb0, 0x16,
  0x12, 0xb3, 0x11, 0x13, 0x19, 0x1b, 0x24, 0x17, 0x39, 0x00, 0xb1, 0x26,
  0x1f, 0x11, 0x12, 0xb3, 0x1a, 0x00, 0x1c, 0x21, 0x24, 0x17, 0x39, 0xb0,
  0x2b, 0x11, 0xb3, 0x01, 0x07, 0x13, 0x19, 0x24, 0x17, 0x39, 0xb0, 0x0d,
  0x12, 0xb3, 0x08, 0x0a, 0x10, 0x12, 0x24, 0x17, 0x39, 0x30, 0x31, 0x13,
  0x37, 0x2e, 0x01, 0x35, 0x34, 0x36, 0x37, 0x27, 0x37, 0x17, 0x3e, 0x01,
  0x33, 0x32, 0x16, 0x17, 0x37, 0x17, 0x07, 0x1e, 0x01, 0x15, 0x14, 0x06,
  0x07, 0x17, 0x07, 0x27, 0x0e, 0x01, 0x22, 0x26, 0x27, 0x07, 0x12, 0x10,
  0x16, 0x33, 0x32, 0x36, 0x10, 0x26, 0x23, 0x22, 0xcf, 0x85, 0x39, 0x25,
  0x25, 0x39, 0x85, 0x5c, 0x87, 0x4a, 0x73, 0x5e, 0x60, 0x71, 0x50, 0x81,
  0x5e, 0x83, 0x39, 0x27, 0x27, 0x39, 0x83, 0x5e, 0x81, 0x52, 0x71, 0xc1,
  0x6e, 0x4a, 0x87, 0x50, 0xc4, 0x8c, 0x8f, 0xc9, 0xc7, 0x8b, 0x8d, 0x01,
  0x10, 0x86, 0x58, 0x72, 0x5c, 0x5a, 0x71, 0x4e, 0x85, 0x60, 0x87, 0x3b,
  0x28, 0x27, 0x3c, 0x87, 0x60, 0x85, 0x52, 0x75, 0x5e, 0x60, 0x71, 0x49,
  0x86, 0x5e, 0x85, 0x3b, 0x27, 0x27, 0x3b, 0x85, 0x02, 0x94, 0xfe, 0xe1,
  0xcb, 0xc9, 0x01, 0x1f, 0xca, 0x00, 0x00, 0x00, 0x00, 0x02, 0xff, 0xfa,
  0xff, 0xf8, 0x04, 0x39, 0x05, 0xa4, 0x00, 0x84, 0x00, 0x8e, 0x00, 0xa0,
  0x00, 0xb2, 0x55, 0x00, 0x00, 0x2b, 0xb0, 0x57, 0x33, 0xb1, 0x4e, 0x05,
  0xe9, 0xb0, 0x5d, 0x32, 0xb2, 0x0e, 0x02, 0x00, 0x2b, 0xb2, 0x1d, 0x2b,
  0x81, 0x33, 0x33, 0x33, 0xb1, 0x07, 0x06, 0xe9, 0xb2, 0x05, 0x22, 0x25,
  0x32, 0x32, 0x32, 0xb4, 0x6d, 0x66, 0x55, 0x07, 0x0d, 0x2b, 0xb0, 0x44,
  0x33, 0xb1, 0x6d, 0x09, 0xe9, 0xb0, 0x3e, 0x32, 0xb4, 0x79, 0x74, 0x55,
  0x07, 0x0d, 0x2b, 0xb1, 0x37, 0x8c, 0x33, 0x33, 0xb1, 0x79, 0x0a, 0xe9,
  0xb1, 0x15, 0x31, 0x32, 0x32, 0x01, 0xb0, 0x8f, 0x2f, 0xb0, 0x61, 0xd6,
  0xb1, 0x4b, 0x0b, 0xe9, 0xb2, 0x4b, 0x61, 0x0a, 0x2b, 0xb3, 0x40, 0x4b,
  0x42, 0x09, 0x2b, 0xb0, 0x34, 0x32, 0xb3, 0x40, 0x4b, 0x52, 0x09, 0x2b,
  0xb2, 0x61, 0x4b, 0x0a, 0x2b, 0xb3, 0x40, 0x61, 0x69, 0x09, 0x2b, 0xb0,
  0x76, 0x32, 0xb1, 0x90, 0x01, 0x2b, 0xb1, 0x4b, 0x61, 0x11, 0x12, 0xb5,
  0x07, 0x0a, 0x0e, 0x56, 0x8e, 0x88, 0x24, 0x17, 0x39, 0x00, 0xb1, 0x66,
  0x4e, 0x11, 0x12, 0xb0, 0x62, 0x39, 0xb0, 0x6d, 0x11, 0xb1, 0x87, 0x88,
  0x39, 0x39, 0x30, 0x31, 0x03, 0x34, 0x37, 0x35, 0x26, 0x37, 0x16, 0x37,
  0x32, 0x07, 0x16, 0x07, 0x14, 0x07, 0x23, 0x06, 0x15, 0x14, 0x1f, 0x01,
  0x16, 0x3b, 0x01, 0x32, 0x3f, 0x01, 0x36, 0x35, 0x34, 0x27, 0x26, 0x3d,
  0x01, 0x34, 0x37, 0x33, 0x16, 0x37, 0x36, 0x1d, 0x02, 0x14, 0x23, 0x22,
  0x06, 0x0f, 0x01, 0x06, 0x3b, 0x01, 0x32, 0x07, 0x15, 0x14, 0x27, 0x23,
  0x22, 0x0f, 0x01, 0x06, 0x16, 0x33, 0x25, 0x16, 0x07, 0x15, 0x14, 0x27,
  0x25, 0x22, 0x07, 0x22, 0x0f, 0x01, 0x11, 0x14, 0x16, 0x3b, 0x01, 0x32,
  0x1d, 0x01, 0x14, 0x06, 0x27, 0x24, 0x07, 0x22, 0x26, 0x3f, 0x01, 0x36,
  0x17, 0x33, 0x32, 0x36, 0x35, 0x11, 0x27, 0x26, 0x27, 0x23, 0x21, 0x22,
  0x3d, 0x01, 0x34, 0x1f, 0x01, 0x32, 0x36, 0x2f, 0x01, 0x26, 0x2b, 0x01,
  0x22, 0x3d, 0x01, 0x34, 0x3b, 0x01, 0x32, 0x36, 0x2f, 0x01, 0x2e, 0x01,
  0x27, 0x22, 0x27, 0x26, 0x01, 0x17, 0x16, 0x32, 0x3f, 0x01, 0x36, 0x2b,
  0x01, 0x22, 0x06, 0x02, 0x02, 0x14, 0xee, 0xcf, 0x17, 0x01, 0x06, 0x06,
  0x0a, 0x06, 0x71, 0x13, 0x35, 0x08, 0x2d, 0xe8, 0x1d, 0x0a, 0x2d, 0x14,
  0x4c, 0x2b, 0x17, 0x08, 0xbc, 0x94, 0x14, 0x12, 0x39, 0x42, 0x29, 0x25,
  0x0a, 0x2b, 0x9a, 0x1f, 0x01, 0x1e, 0xd3, 0x1b, 0x08, 0x40, 0x06, 0x17,
  0x10, 0x01, 0x19, 0x1b, 0x01, 0x29, 0xfe, 0xd1, 0x1d, 0x0c, 0x0e, 0x06,
  0x25, 0x2f, 0x4e, 0x16, 0x1f, 0x0a, 0x17, 0xfe, 0xfe, 0xf1, 0x0c, 0x11,
  0x02, 0x02, 0x02, 0x19, 0x12, 0x5a, 0x2d, 0x2d, 0x08, 0x14, 0x0f, 0xfe,
  0xc5, 0x25, 0x29, 0xfc, 0x14, 0x19, 0x06, 0x38, 0x0c, 0x14, 0xd5, 0x1f,
  0x23, 0x93, 0x0a, 0x17, 0x04, 0x27, 0x21, 0x41, 0x3a, 0x0e, 0x02, 0x04,
  0x01, 0xeb, 0x54, 0x04, 0x13, 0x08, 0x50, 0x08, 0x14, 0xa6, 0x1b, 0x05,
  0x81, 0x04, 0x04, 0x06, 0x12, 0x01, 0x08, 0x0a, 0x1d, 0x10, 0x08, 0x12,
  0x03, 0x08, 0x2d, 0x0a, 0x2d, 0x84, 0x14, 0x19, 0x6e, 0x35, 0x15, 0x2b,
  0x06, 0x08, 0x13, 0x16, 0x12, 0x01, 0x08, 0x0a, 0x02, 0x1b, 0x18, 0x09,
  0x0a, 0x3b, 0x5e, 0x57, 0x14, 0x1d, 0x29, 0x21, 0x01, 0x15, 0x8b, 0x0c,
  0x13, 0x04, 0x08, 0x12, 0x34, 0x1d, 0x01, 0x02, 0x02, 0x0d, 0x54, 0xfe,
  0x98, 0x7f, 0x44, 0x1a, 0x19, 0x10, 0x06, 0x02, 0x0e, 0x0e, 0x0c, 0x08,
  0x1b, 0x17, 0x01, 0x40, 0x85, 0x01, 0x52, 0x64, 0x14, 0x01, 0x21, 0x31,
  0x17, 0x01, 0x04, 0x0c, 0x13, 0x83, 0x1d, 0x1c, 0x2f, 0x1b, 0x10, 0x09,
  0x5c, 0x52, 0x39, 0x04, 0x15, 0x04, 0xfe, 0x66, 0xcd, 0x0c, 0x10, 0xc7,
  0x19, 0x00, 0x00, 0x00, 0x00, 0x02, 0x01, 0xe3, 0xff, 0xd3, 0x02, 0x68,
  0x06, 0xe1, 0x00, 0x03, 0x00, 0x07, 0x00, 0x22, 0x00, 0xb2, 0x00, 0x00,
  0x00, 0x2b, 0x01, 0xb0, 0x08, 0x2f, 0xb0, 0x00, 0xd6, 0xb0, 0x04, 0x32,
  0xb1, 0x03, 0x0c, 0xe9, 0xb0, 0x06, 0x32, 0xb1, 0x07, 0x0c, 0xe9, 0xb1,
  0x09, 0x01, 0x2b, 0x00, 0x30, 0x31, 0x05, 0x11, 0x33, 0x11, 0x03, 0x11,
  0x33, 0x11, 0x01, 0xe3, 0x85, 0x85, 0x85, 0x2d, 0x03, 0x0a, 0xfc, 0xf6,
  0x04, 0x02, 0x03, 0x0c, 0xfc, 0xf4, 0x00, 0x00, 0x00, 0x02, 0x00, 0x6d,
  0xfe, 0x1b, 0x03, 0x87, 0x05, 0x98, 0x00, 0x3c, 0x00, 0x57, 0x00, 0x71,
  0x00, 0xb2, 0x12, 0x02, 0x00, 0x2b, 0xb1, 0x03, 0x08, 0xe9, 0xb0, 0x25,
  0x2f, 0xb1, 0x34, 0x08, 0xe9, 0xb2, 0x34, 0x25, 0x0a, 0x2b, 0xb3, 0x00,
  0x34, 0x2b, 0x09, 0x2b, 0x01, 0xb0, 0x58, 0x2f, 0xb0, 0x00, 0xd6, 0xb1,
  0x15, 0x0f, 0xe9, 0xb0, 0x15, 0x10, 0xb1, 0x4a, 0x01, 0x2b, 0xb4, 0x22,
  0x0c, 0x00, 0x73, 0x04, 0x2b, 0xb1, 0x59, 0x01, 0x2b, 0xb1, 0x15, 0x00,
  0x11, 0x12, 0xb4, 0x28, 0x32, 0x3a, 0x3e, 0x54, 0x24, 0x17, 0x39, 0xb0,
  0x4a, 0x11, 0x40, 0x09, 0x0a, 0x03, 0x1c, 0x25, 0x33, 0x37, 0x39, 0x41,
  0x4f, 0x24, 0x17, 0x39, 0xb0, 0x22, 0x12, 0xb0, 0x07, 0x39, 0x00, 0xb1,
  0x12, 0x34, 0x11, 0x12, 0xb6, 0x07, 0x0f, 0x0a, 0x22, 0x3a, 0x45, 0x55,
  0x24, 0x17, 0x39, 0x30, 0x31, 0x13, 0x34, 0x00, 0x33, 0x32, 0x1e, 0x01,
  0x15, 0x14, 0x06, 0x23, 0x22, 0x27, 0x2e, 0x02, 0x27, 0x26, 0x07, 0x22,
  0x06, 0x15, 0x14, 0x1e, 0x05, 0x17, 0x1e, 0x01, 0x17, 0x16, 0x15, 0x14,
  0x00, 0x23, 0x22, 0x26, 0x35, 0x34, 0x36, 0x33, 0x32, 0x1e, 0x04, 0x17,
  0x16, 0x37, 0x32, 0x36, 0x35, 0x34, 0x27, 0x02, 0x27, 0x26, 0x13, 0x06,
  0x13, 0x16, 0x00, 0x17, 0x16, 0x17, 0x16, 0x37, 0x36, 0x37, 0x36, 0x35,
  0x34, 0x27, 0x26, 0x27, 0x26, 0x27, 0x26, 0x27, 0x26, 0x27, 0x26, 0x07,
  0x06, 0x6d, 0x01, 0x22, 0xc7, 0x2d, 0x7d, 0x71, 0x38, 0x22, 0x29, 0x32,
  0x04, 0x0a, 0x0a, 0x02, 0x4a, 0x41, 0x4c, 0x6b, 0x0f, 0x1e, 0x1d, 0x2f,
  0x1b, 0x2f, 0x04, 0xaa, 0x81, 0x1f, 0x16, 0xfe, 0xd9, 0xc6, 0x68, 0xa9,
  0x31, 0x21, 0x0c, 0x15, 0x10, 0x15, 0x08, 0x16, 0x03, 0x4a, 0x53, 0x46,
  0x71, 0x77, 0xcf, 0x6b, 0x79, 0x8a, 0x58, 0x8b, 0x39, 0x01, 0x08, 0x34,
  0x35, 0x0e, 0x06, 0x0b, 0x0c, 0x06, 0x19, 0x4a, 0x27, 0x2b, 0x2f, 0x33,
  0x4c, 0x46, 0x60, 0x1b, 0x0a, 0x06, 0x06, 0x03, 0x71, 0xe1, 0x01, 0x46,
  0x1f, 0x4a, 0x2f, 0x23, 0x37, 0x31, 0x04, 0x08, 0x0d, 0x02, 0x4e, 0x01,
  0x60, 0x43, 0x12, 0x34, 0x3b, 0x34, 0x45, 0x27, 0x40, 0x06, 0xf2, 0xe3,
  0x70, 0x58, 0x71, 0xd3, 0xfe, 0xc7, 0x56, 0x3d, 0x21, 0x39, 0x08, 0x08,
  0x13, 0x0a, 0x18, 0x05, 0x50, 0x01, 0x60, 0x3b, 0x58, 0xa4, 0x01, 0x1f,
  0xbc, 0xd5, 0x01, 0x8c, 0xe7, 0xfe, 0xeb, 0x6f, 0xfe, 0x7b, 0x5c, 0x60,
  0x29, 0x10, 0x05, 0x06, 0x11, 0x3f, 0x5a, 0xac, 0x9e, 0x4c, 0x44, 0x46,
  0x4d, 0x6f, 0x6c, 0x93, 0x55, 0x19, 0x03, 0x04, 0x00, 0x02, 0x00, 0x35,
  0x03, 0xd9, 0x02, 0x98, 0x04, 0xcf, 0x00, 0x07, 0x00, 0x0f, 0x00, 0x3b,
  0x00, 0xb0, 0x07, 0x2f, 0xb0, 0x0e, 0x33, 0xb4, 0x03, 0x0a, 0x00, 0x11,
  0x04, 0x2b, 0xb0, 0x0a, 0x32, 0xb4, 0x03, 0x0a, 0x00, 0x11, 0x04, 0x2b,
  0x01, 0xb0, 0x10, 0x2f, 0xb0, 0x01, 0xd6, 0xb4, 0x05, 0x0f, 0x00, 0x19,
  0x04, 0x2b, 0xb0, 0x05, 0x10, 0xb1, 0x09, 0x01, 0x2b, 0xb4, 0x0d, 0x0f,
  0x00, 0x19, 0x04, 0x2b, 0xb1, 0x11, 0x01, 0x2b, 0x00, 0x30, 0x31, 0x12,
  0x34, 0x36, 0x32, 0x16, 0x14, 0x06, 0x22, 0x24, 0x34, 0x36, 0x32, 0x16,
  0x14, 0x06, 0x22, 0x35, 0x48, 0x66, 0x48, 0x48, 0x66, 0x01, 0x23, 0x47,
  0x67, 0x4a, 0x4a, 0x67, 0x04, 0x21, 0x66, 0x48, 0x48, 0x66, 0x48, 0x48,
  0x66, 0x48, 0x48, 0x66, 0x48, 0x00, 0x00, 0x00, 0x00, 0x03, 0x00, 0x56,
  0xff, 0xe5, 0x06, 0x10, 0x05, 0xac, 0x00, 0x08, 0x00, 0x12, 0x00, 0x3d,
  0x00, 0xc1, 0x00, 0xb2, 0x08, 0x00, 0x00, 0x2b, 0xb1, 0x0c, 0x08, 0xe9,
  0xb2, 0x11, 0x02, 0x00, 0x2b, 0xb1, 0x03, 0x08, 0xe9, 0xb4, 0x3b, 0x32,
  0x08, 0x03, 0x0d, 0x2b, 0xb1, 0x3b, 0x08, 0xe9, 0xb3, 0x25, 0x08, 0x03,
  0x08, 0x2b, 0xb4, 0x16, 0x2c, 0x08, 0x03, 0x0d, 0x2b, 0xb1, 0x16, 0x05,
  0xe9, 0xb0, 0x1d, 0x32, 0x01, 0xb0, 0x3e, 0x2f, 0xb0, 0x01, 0xd6, 0xb4,
  0x09, 0x0c, 0x00, 0x2f, 0x04, 0x2b, 0xb0, 0x09, 0x10, 0xb1, 0x13, 0x01,
  0x2b, 0xb1, 0x2f, 0x0b, 0xe9, 0xb0, 0x2f, 0x10, 0xb1, 0x29, 0x01, 0x2b,
  0xb0, 0x1d, 0x32, 0xb4, 0x22, 0x0c, 0x00, 0x1e, 0x04, 0x2b, 0xb4, 0x20,
  0x0c, 0x00, 0x1e, 0x04, 0x2b, 0xb0, 0x22, 0x10, 0xb1, 0x0e, 0x01, 0x2b,
  0xb4, 0x05, 0x0c, 0x00, 0x2f, 0x04, 0x2b, 0xb1, 0x3f, 0x01, 0x2b, 0xb1,
  0x2f, 0x13, 0x11, 0x12, 0xb1, 0x08, 0x02, 0x39, 0x39, 0xb0, 0x29, 0x11,
  0xb7, 0x07, 0x03, 0x0b, 0x10, 0x11, 0x0c, 0x16, 0x32, 0x24, 0x17, 0x39,
  0xb0, 0x20, 0x12, 0xb2, 0x27, 0x34, 0x35, 0x39, 0x39, 0x39, 0xb1, 0x0e,
  0x22, 0x11, 0x12, 0xb0, 0x38, 0x39, 0x00, 0xb1, 0x25, 0x32, 0x11, 0x12,
  0xb6, 0x00, 0x09, 0x0e, 0x05, 0x13, 0x2f, 0x35, 0x24, 0x17, 0x39, 0xb0,
  0x2c, 0x11, 0xb1, 0x01, 0x29, 0x39, 0x39, 0xb0, 0x16, 0x12, 0xb0, 0x1a,
  0x39, 0x30, 0x31, 0x12, 0x10, 0x00, 0x20, 0x00, 0x11, 0x10, 0x00, 0x20,
  0x01, 0x10, 0x00, 0x20, 0x00, 0x11, 0x10, 0x00, 0x20, 0x00, 0x13, 0x34,
  0x00, 0x33, 0x32, 0x17, 0x16, 0x33, 0x32, 0x36, 0x37, 0x33, 0x32, 0x1f,
  0x01, 0x15, 0x14, 0x2b, 0x01, 0x22, 0x27, 0x2e, 0x01, 0x27, 0x26, 0x07,
  0x22, 0x06, 0x15, 0x14, 0x16, 0x33, 0x32, 0x37, 0x36, 0x1f, 0x01, 0x16,
  0x07, 0x06, 0x27, 0x22, 0x00, 0x56, 0x01, 0xae, 0x02, 0x5e, 0x01, 0xae,
  0xfe, 0x52, 0xfd, 0xa2, 0xfe, 0xa8, 0x01, 0x7b, 0x02, 0x18, 0x01, 0x7b,
  0xfe, 0x85, 0xfd, 0xe8, 0xfe, 0x85, 0xa8, 0x01, 0x2b, 0xdd, 0x4c, 0x73,
  0x19, 0x09, 0x0e, 0x0f, 0x0c, 0x29, 0x12, 0x03, 0x12, 0x0e, 0x21, 0x0c,
  0x04, 0x02, 0x04, 0x04, 0x4c, 0xd1, 0x8f, 0xad, 0xaa, 0x9c, 0xb8, 0x73,
  0x10, 0x0d, 0x1f, 0x10, 0x10, 0x98, 0xf2, 0xcd, 0xfe, 0xea, 0x01, 0x98,
  0x02, 0x62, 0x01, 0xb2, 0xfe, 0x50, 0xfe, 0xcd, 0xfe, 0xcf, 0xfe, 0x4d,
  0x02, 0xe4, 0xfe, 0xf2, 0xfe, 0x80, 0x01, 0x80, 0x01, 0x0e, 0x01, 0x10,
  0x01, 0x7d, 0xfe, 0x83, 0xfe, 0xea, 0xd1, 0x01, 0x16, 0x27, 0x08, 0x10,
  0x1f, 0x17, 0xef, 0x23, 0x0e, 0x0c, 0x02, 0x15, 0x06, 0xc9, 0x01, 0xce,
  0xb5, 0xc7, 0xd4, 0x95, 0x14, 0x08, 0x10, 0x09, 0x14, 0xcb, 0x01, 0x01,
  0x0c, 0x00, 0x00, 0x00, 0x00, 0x02, 0x00, 0x2f, 0x03, 0x37, 0x02, 0x2d,
  0x05, 0x64, 0x00, 0x28, 0x00, 0x34, 0x00, 0x7f, 0x00, 0xb2, 0x2c, 0x01,
  0x00, 0x2b, 0xb1, 0x26, 0x05, 0xe9, 0xb0, 0x1f, 0x32, 0xb2, 0x1a, 0x01,
  0x00, 0x2b, 0xb1, 0x1f, 0x08, 0xe9, 0xb2, 0x1d, 0x01, 0x00, 0x2b, 0xb2,
  0x21, 0x01, 0x00, 0x2b, 0xb2, 0x28, 0x01, 0x00, 0x2b, 0xb0, 0x07, 0x2f,
  0xb1, 0x13, 0x07, 0xe9, 0x01, 0xb0, 0x35, 0x2f, 0xb0, 0x00, 0xd6, 0xb1,
  0x29, 0x0c, 0xe9, 0xb0, 0x0b, 0x32, 0xb0, 0x0f, 0x20, 0xd6, 0x11, 0xb1,
  0x0c, 0x0c, 0xe9, 0xb0, 0x29, 0x10, 0xb1, 0x2f, 0x01, 0x2b, 0xb0, 0x04,
  0x32, 0xb1, 0x18, 0x0c, 0xe9, 0xb1, 0x36, 0x01, 0x2b, 0xb1, 0x2f, 0x0c,
  0x11, 0x12, 0xb6, 0x02, 0x07, 0x13, 0x23, 0x24, 0x2c, 0x33, 0x24, 0x17,
  0x39, 0xb0, 0x18, 0x11, 0xb1, 0x1f, 0x21, 0x39, 0x39, 0x00, 0xb1, 0x07,
  0x1a, 0x11, 0x12, 0xb5, 0x00, 0x0d, 0x16, 0x1c, 0x29, 0x30, 0x24, 0x17,
  0x39, 0x30, 0x31, 0x13, 0x34, 0x37, 0x36, 0x37, 0x35, 0x34, 0x23, 0x22,
  0x07, 0x06, 0x15, 0x17, 0x07, 0x26, 0x27, 0x34, 0x37, 0x36, 0x33, 0x32,
  0x16, 0x1d, 0x02, 0x14, 0x17, 0x32, 0x37, 0x17, 0x06, 0x23, 0x22, 0x27,
  0x0e, 0x01, 0x07, 0x06, 0x07, 0x22, 0x26, 0x37, 0x14, 0x16, 0x33, 0x32,
  0x36, 0x3d, 0x01, 0x06, 0x07, 0x0e, 0x01, 0x2f, 0x92, 0x4c, 0x3f, 0x5a,
  0x1d, 0x1b, 0x10, 0x08, 0x70, 0x0a, 0x01, 0x58, 0x42, 0x3d, 0x5e, 0x52,
  0x1b, 0x14, 0x32, 0x0e, 0x60, 0x33, 0x3d, 0x0d, 0x04, 0x08, 0x05, 0x4a,
  0x3f, 0x3b, 0x4c, 0x71, 0x27, 0x1c, 0x1b, 0x4e, 0x27, 0x1b, 0x48, 0x22,
  0x03, 0xae, 0x5e, 0x21, 0x12, 0x21, 0x61, 0x68, 0x15, 0x12, 0x0a, 0x21,
  0x33, 0x1d, 0x06, 0x2d, 0x3f, 0x31, 0x58, 0x64, 0xaa, 0x39, 0x37, 0x01,
  0x21, 0x27, 0x50, 0x46, 0x02, 0x08, 0x02, 0x39, 0x01, 0x42, 0x43, 0x1d,
  0x24, 0x37, 0x17, 0x64, 0x10, 0x0b, 0x1d, 0x1e, 0x00, 0x02, 0x00, 0x3f,
  0x00, 0x44, 0x02, 0xa6, 0x03, 0x71, 0x00, 0x06, 0x00, 0x0c, 0x00, 0x29,
  0x00, 0xb2, 0x01, 0x01, 0x00, 0x2b, 0x01, 0xb0, 0x0d, 0x2f, 0xb0, 0x00,
  0xd6, 0xb4, 0x0b, 0x0f, 0x00, 0x07, 0x04, 0x2b, 0xb1, 0x0e, 0x01, 0x2b,
  0xb1, 0x0b, 0x00, 0x11, 0x12, 0xb4, 0x02, 0x07, 0x09, 0x0a, 0x0c, 0x24,
  0x17, 0x39, 0x00, 0x30, 0x31, 0x13, 0x01, 0x33, 0x03, 0x35, 0x13, 0x23,
  0x03, 0x01, 0x33, 0x03, 0x13, 0x23, 0x3f, 0x01, 0x40, 0x3f, 0xce, 0xce,
  0x3f, 0x15, 0x01, 0x00, 0x3a, 0x89, 0x8b, 0x3c, 0x01, 0xd7, 0x01, 0x9a,
  0xfe, 0x66, 0x02, 0xfe, 0x6b, 0x01, 0x93, 0x01, 0x77, 0xfe, 0x89, 0xfe,
  0x91, 0x00, 0x00, 0x00, 0x00, 0x01, 0x00, 0x91, 0x01, 0x75, 0x05, 0x0a,
  0x03, 0xfa, 0x00, 0x05, 0x00, 0x38, 0x00, 0xb2, 0x00, 0x01, 0x00, 0x2b,
  0xb4, 0x01, 0x0a, 0x00, 0x1e, 0x04, 0x2b, 0xb2, 0x00, 0x01, 0x0a, 0x2b,
  0xb3, 0x40, 0x00, 0x04, 0x09, 0x2b, 0x01, 0xb0, 0x06, 0x2f, 0xb0, 0x04,
  0xd6, 0xb4, 0x03, 0x0c, 0x00, 0x2e, 0x04, 0x2b, 0xb2, 0x04, 0x03, 0x0a,
  0x2b, 0xb3, 0x40, 0x04, 0x00, 0x09, 0x2b, 0xb1, 0x07, 0x01, 0x2b, 0x00,
  0x30, 0x31, 0x13, 0x35, 0x21, 0x11, 0x23, 0x11, 0x91, 0x04, 0x79, 0x87,
  0x03, 0x71, 0x89, 0xfd, 0x7b, 0x01, 0xfc, 0x00, 0x00, 0x01, 0x00, 0x5a,
  0x01, 0x98, 0x03, 0x2b, 0x02, 0x26, 0x00, 0x11, 0x00, 0x00, 0x13, 0x35,
  0x34, 0x36, 0x33, 0x16, 0x24, 0x17, 0x32, 0x16, 0x15, 0x07, 0x06, 0x07,
  0x26, 0x04, 0x27, 0x22, 0x5a, 0x1b, 0x0c, 0x44, 0x01, 0xd7, 0x72, 0x0a,
  0x13, 0x04, 0x06, 0x1d, 0x9e, 0xfe, 0x71, 0x68, 0x0e, 0x01, 0xb0, 0x52,
  0x10, 0x13, 0x02, 0x06, 0x04, 0x17, 0x0a, 0x50, 0x19, 0x03, 0x04, 0x06,
  0x02, 0x00, 0x00, 0x00, 0x00, 0x04, 0x00, 0x3f, 0xff, 0xd7, 0x06, 0x17,
  0x05, 0xbc, 0x00, 0x09, 0x00, 0x11, 0x00, 0x4f, 0x00, 0x5b, 0x00, 0xf3,
  0x00, 0xb2, 0x08, 0x00, 0x00, 0x2b, 0xb1, 0x0d, 0x08, 0xe9, 0xb2, 0x11,
  0x02, 0x00, 0x2b, 0xb1, 0x03, 0x08, 0xe9, 0xb4, 0x4e, 0x15, 0x08, 0x03,
  0x0d, 0x2b, 0xb1, 0x32, 0x45, 0x33, 0x33, 0xb1, 0x4e, 0x07, 0xe9, 0xb1,
  0x39, 0x4b, 0x32, 0x32, 0xb4, 0x3f, 0x53, 0x08, 0x03, 0x0d, 0x2b, 0xb1,
  0x3f, 0x03, 0xe9, 0xb4, 0x23, 0x1c, 0x08, 0x03, 0x0d, 0x2b, 0xb0, 0x59,
  0x33, 0xb1, 0x23, 0x07, 0xe9, 0x01, 0xb0, 0x5c, 0x2f, 0xb0, 0x00, 0xd6,
  0xb4, 0x0b, 0x0c, 0x00, 0x40, 0x04, 0x2b, 0xb0, 0x0b, 0x10, 0xb1, 0x18,
  0x01, 0x2b, 0xb1, 0x43, 0x0d, 0xe9, 0xb0, 0x50, 0x32, 0xb2, 0x43, 0x18,
  0x0a, 0x2b, 0xb3, 0x40, 0x43, 0x48, 0x09, 0x2b, 0xb2, 0x18, 0x43, 0x0a,
  0x2b, 0xb3, 0x40, 0x18, 0x12, 0x09, 0x2b, 0xb0, 0x43, 0x10, 0xb1, 0x56,
  0x01, 0x2b, 0xb1, 0x2a, 0x0b, 0xe9, 0xb0, 0x2a, 0x10, 0xb1, 0x0f, 0x01,
  0x2b, 0xb4, 0x05, 0x0c, 0x00, 0x2f, 0x04, 0x2b, 0xb1, 0x5d, 0x01, 0x2b,
  0xb1, 0x18, 0x0b, 0x11, 0x12, 0xb4, 0x08, 0x02, 0x1e, 0x24, 0x4e, 0x24,
  0x17, 0x39, 0xb0, 0x43, 0x11, 0xb3, 0x0c, 0x11, 0x25, 0x4d, 0x24, 0x17,
  0x39, 0xb0, 0x56, 0x12, 0xb3, 0x2c, 0x3e, 0x2d, 0x4c, 0x24, 0x17, 0x39,
  0xb0, 0x2a, 0x11, 0xb5, 0x07, 0x03, 0x10, 0x0d, 0x3a, 0x3b, 0x24, 0x17,
  0x39, 0xb0, 0x0f, 0x12, 0xb2, 0x32, 0x34, 0x39, 0x39, 0x39, 0x39, 0x00,
  0xb1, 0x15, 0x4e, 0x11, 0x12, 0xb0, 0x4d, 0x39, 0xb0, 0x3f, 0x11, 0xb1,
  0x0e, 0x0b, 0x39, 0x39, 0xb0, 0x53, 0x12, 0xb3, 0x05, 0x2c, 0x2d, 0x00,
  0x24, 0x17, 0x39, 0xb0, 0x1c, 0x11, 0xb2, 0x0f, 0x0a, 0x2a, 0x39, 0x39,
  0x39, 0x30, 0x31, 0x13, 0x10, 0x00, 0x20, 0x00, 0x11, 0x10, 0x00, 0x20,
  0x00, 0x12, 0x10, 0x00, 0x20, 0x00, 0x10, 0x00, 0x20, 0x03, 0x35, 0x34,
  0x33, 0x3e, 0x01, 0x35, 0x11, 0x34, 0x26, 0x27, 0x22, 0x3d, 0x01, 0x34,
  0x37, 0x36, 0x33, 0x16, 0x32, 0x36, 0x33, 0x36, 0x16, 0x15, 0x14, 0x07,
  0x06, 0x17, 0x13, 0x1e, 0x01, 0x17, 0x32, 0x1d, 0x03, 0x14, 0x23, 0x26,
  0x07, 0x22, 0x27, 0x01, 0x23, 0x22, 0x1d, 0x02, 0x14, 0x17, 0x32, 0x17,
  0x1d, 0x01, 0x14, 0x2b, 0x01, 0x26, 0x07, 0x22, 0x01, 0x14, 0x16, 0x33,
  0x32, 0x36, 0x35, 0x34, 0x26, 0x23, 0x22, 0x07, 0x3f, 0x01, 0xb7, 0x02,
  0x6a, 0x01, 0xb7, 0xfe, 0x49, 0xfd, 0x96, 0xfe, 0x49, 0x59, 0x01, 0x81,
  0x02, 0x24, 0x01, 0x84, 0xfe, 0x7c, 0xfd, 0xdc, 0x90, 0x19, 0x37, 0x1d,
  0x19, 0x33, 0x14, 0x02, 0x04, 0x16, 0x29, 0x8b, 0xae, 0x1d, 0x8d, 0xb3,
  0xcb, 0x14, 0x0e, 0xc2, 0x23, 0x2d, 0x23, 0x0c, 0x18, 0x5c, 0x4a, 0x12,
  0x0b, 0xfe, 0xd7, 0x27, 0x14, 0x6c, 0x0e, 0x01, 0x09, 0x10, 0xc3, 0x9f,
  0x19, 0x01, 0x19, 0x06, 0x0e, 0x79, 0x83, 0x6e, 0x56, 0x25, 0x27, 0x02,
  0xc9, 0x01, 0x39, 0x01, 0xba, 0xfe, 0x46, 0xfe, 0xc7, 0xfe, 0xc9, 0xfe,
  0x45, 0x01, 0xba, 0x02, 0x4c, 0xfd, 0xd7, 0xfe, 0x7b, 0x01, 0x85, 0x02,
  0x29, 0x01, 0x85, 0xfb, 0xa8, 0x1d, 0x10, 0x02, 0x2b, 0x56, 0x02, 0x25,
  0x56, 0x29, 0x04, 0x13, 0x12, 0x10, 0x03, 0x04, 0x02, 0x02, 0x02, 0x89,
  0x6f, 0xa6, 0x46, 0x04, 0x14, 0xfe, 0xe9, 0x31, 0x23, 0x02, 0x04, 0x08,
  0x0a, 0x15, 0x12, 0x04, 0x04, 0x0e, 0x01, 0x9c, 0x25, 0xc7, 0x4e, 0x31,
  0x02, 0x14, 0x17, 0x0c, 0x06, 0x0a, 0x0a, 0x02, 0x02, 0x0c, 0x09, 0x61,
  0x54, 0x52, 0x6a, 0x0c, 0x00, 0x01, 0x00, 0x12, 0x04, 0x00, 0x02, 0xba,
  0x04, 0x9a, 0x00, 0x0d, 0x00, 0x2b, 0x00, 0xb0, 0x0c, 0x2f, 0xb4, 0x03,
  0x0a, 0x00, 0x1b, 0x04, 0x2b, 0xb0, 0x05, 0x32, 0xb4, 0x04, 0x0a, 0x00,
  0x1b, 0x04, 0x2b, 0x01, 0xb0, 0x0e, 0x2f, 0xb1, 0x00, 0x01, 0x2b, 0xb4,
  0x09, 0x0f, 0x00, 0x07, 0x04, 0x2b, 0xb1, 0x0f, 0x01, 0x2b, 0x00, 0x30,
  0x31, 0x13, 0x35, 0x34, 0x3b, 0x01, 0x21, 0x32, 0x16, 0x1d, 0x01, 0x14,
  0x23, 0x21, 0x22, 0x12, 0x2b, 0x15, 0x02, 0x3f, 0x17, 0x12, 0x2f, 0xfd,
  0xaa, 0x23, 0x04, 0x27, 0x5c, 0x17, 0x0d, 0x14, 0x5a, 0x1f, 0x00, 0x00,
  0x00, 0x02, 0x00, 0x62, 0x02, 0xd1, 0x02, 0xf4, 0x05, 0x6a, 0x00, 0x09,
  0x00, 0x13, 0x00, 0x43, 0x00, 0xb0, 0x08, 0x2f, 0xb1, 0x0d, 0x0a, 0xe9,
  0xb0, 0x12, 0x2f, 0xb1, 0x03, 0x0a, 0xe9, 0x01, 0xb0, 0x14, 0x2f, 0xb0,
  0x00, 0xd6, 0xb1, 0x0a, 0x0c, 0xe9, 0xb0, 0x0a, 0x10, 0xb1, 0x0f, 0x01,
  0x2b, 0xb1, 0x05, 0x0c, 0xe9, 0xb1, 0x15, 0x01, 0x2b, 0xb1, 0x0f, 0x0a,
  0x11, 0x12, 0xb3, 0x02, 0x07, 0x08, 0x03, 0x24, 0x17, 0x39, 0x00, 0xb1,
  0x12, 0x0d, 0x11, 0x12, 0xb1, 0x05, 0x00, 0x39, 0x39, 0x30, 0x31, 0x13,
  0x34, 0x36, 0x20, 0x16, 0x15, 0x14, 0x06, 0x20, 0x26, 0x37, 0x14, 0x16,
  0x32, 0x36, 0x35, 0x34, 0x26, 0x22, 0x06, 0x62, 0xbf, 0x01, 0x12, 0xc1,
  0xc1, 0xfe, 0xee, 0xbf, 0x6f, 0x7f, 0xb4, 0x81, 0x81, 0xb4, 0x7f, 0x04,
  0x1d, 0x8b, 0xc2, 0xc2, 0x8b, 0x89, 0xc3, 0xc2, 0x8a, 0x5a, 0x81, 0x81,
  0x5a, 0x5c, 0x81, 0x81, 0x00, 0x02, 0x00, 0x91, 0xff, 0xcb, 0x05, 0x0a,
  0x05, 0xa2, 0x00, 0x15, 0x00, 0x4f, 0x00, 0x71, 0x00, 0xb2, 0x1c, 0x01,
  0x00, 0x2b, 0xb0, 0x2d, 0x33, 0xb4, 0x4d, 0x0a, 0x00, 0x1f, 0x04, 0x2b,
  0xb0, 0x35, 0x32, 0xb2, 0x1c, 0x4d, 0x0a, 0x2b, 0xb3, 0x40, 0x1c, 0x26,
  0x09, 0x2b, 0xb2, 0x11, 0x00, 0x00, 0x2b, 0xb4, 0x04, 0x0a, 0x00, 0x1e,
  0x04, 0x2b, 0x01, 0xb0, 0x50, 0x2f, 0xb0, 0x48, 0xd6, 0xb0, 0x20, 0x32,
  0xb4, 0x3c, 0x0c, 0x00, 0x2e, 0x04, 0x2b, 0xb0, 0x2a, 0x32, 0xb2, 0x3c,
  0x48, 0x0a, 0x2b, 0xb3, 0x40, 0x3c, 0x32, 0x09, 0x2b, 0xb0, 0x0a, 0x32,
  0xb2, 0x48, 0x3c, 0x0a, 0x2b, 0xb3, 0x40, 0x48, 0x16, 0x09, 0x2b, 0xb0,
  0x00, 0x32, 0xb1, 0x51, 0x01, 0x2b, 0xb1, 0x3c, 0x48, 0x11, 0x12, 0xb0,
  0x41, 0x39, 0x00, 0xb1, 0x4d, 0x04, 0x11, 0x12, 0xb0, 0x40, 0x39, 0x30,
  0x31, 0x17, 0x35, 0x34, 0x36, 0x17, 0x16, 0x20, 0x25, 0x32, 0x16, 0x1d,
  0x01, 0x14, 0x07, 0x06, 0x23, 0x06, 0x21, 0x22, 0x27, 0x26, 0x27, 0x11,
  0x3d, 0x01, 0x34, 0x37, 0x36, 0x33, 0x21, 0x32, 0x36, 0x35, 0x11, 0x34,
  0x26, 0x35, 0x34, 0x3b, 0x01, 0x32, 0x16, 0x15, 0x11, 0x06, 0x37, 0x21,
  0x32, 0x16, 0x1d, 0x01, 0x14, 0x06, 0x23, 0x21, 0x23, 0x22, 0x07, 0x06,
  0x07, 0x11, 0x14, 0x06, 0x23, 0x06, 0x27, 0x22, 0x2f, 0x01, 0x3c, 0x01,
  0x36, 0x35, 0x11, 0x34, 0x26, 0x23, 0x21, 0x22, 0x26, 0x91, 0x0d, 0x1a,
  0x35, 0x02, 0xe8, 0x01, 0x0c, 0x19, 0x10, 0x14, 0x0c, 0x25, 0xe9, 0xfc,
  0xed, 0x27, 0x0a, 0x02, 0x05, 0x02, 0x06, 0x1b, 0x01, 0xb6, 0x14, 0x0b,
  0x02, 0x1d, 0x50, 0x12, 0x0a, 0x04, 0x19, 0x01, 0xba, 0x1d, 0x0e, 0x12,
  0x1f, 0xfe, 0x56, 0x10, 0x06, 0x02, 0x06, 0x01, 0x0c, 0x1f, 0x23, 0x1a,
  0x19, 0x06, 0x02, 0x02, 0x0c, 0x10, 0xfe, 0x4f, 0x1b, 0x10, 0x02, 0x2d,
  0x1b, 0x12, 0x02, 0x04, 0x04, 0x10, 0x19, 0x35, 0x1f, 0x06, 0x06, 0x02,
  0x0a, 0x04, 0x0c, 0x03, 0x5f, 0x37, 0x14, 0x08, 0x05, 0x08, 0x0a, 0x13,
  0x01, 0x97, 0x06, 0x11, 0x04, 0x2f, 0x0f, 0x1e, 0xfe, 0x45, 0x17, 0x01,
  0x0e, 0x15, 0x3f, 0x1b, 0x0a, 0x02, 0x04, 0x11, 0xfe, 0x46, 0x1f, 0x0a,
  0x0a, 0x0a, 0x0a, 0x06, 0x04, 0x04, 0x0d, 0x04, 0x01, 0xb6, 0x10, 0x0b,
  0x0c, 0x00, 0x00, 0x00, 0x00, 0x01, 0x00, 0x12, 0x02, 0x68, 0x02, 0x3d,
  0x05, 0x2b, 0x00, 0x40, 0x00, 0x86, 0x00, 0xb0, 0x3f, 0x2f, 0xb1, 0x2c,
  0x0a, 0xe9, 0xb4, 0x3b, 0x07, 0x00, 0x30, 0x04, 0x2b, 0xb2, 0x3b, 0x3f,
  0x0a, 0x2b, 0xb3, 0x40, 0x3b, 0x36, 0x09, 0x2b, 0xb0, 0x10, 0x2f, 0xb1,
  0x18, 0x0a, 0xe9, 0x01, 0xb0, 0x41, 0x2f, 0xb0, 0x0d, 0xd6, 0xb1, 0x1b,
  0x0d, 0xe9, 0xb0, 0x3b, 0x32, 0xb2, 0x0d, 0x1b, 0x0a, 0x2b, 0xb3, 0x40,
  0x0d, 0x15, 0x09, 0x2b, 0xb0, 0x00, 0x32, 0xb0, 0x1b, 0x10, 0xb0, 0x39,
  0x20, 0xd6, 0x11, 0xb4, 0x31, 0x0c, 0x00, 0x2f, 0x04, 0x2b, 0xb0, 0x31,
  0x2f, 0xb0, 0x34, 0x33, 0xb4, 0x39, 0x0c, 0x00, 0x2f, 0x04, 0x2b, 0xb1,
  0x42, 0x01, 0x2b, 0xb1, 0x31, 0x0d, 0x11, 0x12, 0xb1, 0x21, 0x24, 0x39,
  0x39, 0xb0, 0x1b, 0x11, 0xb2, 0x20, 0x3c, 0x3e, 0x39, 0x39, 0x39, 0x00,
  0xb1, 0x2c, 0x3b, 0x11, 0x12, 0xb0, 0x01, 0x39, 0xb0, 0x10, 0x11, 0xb2,
  0x05, 0x13, 0x1b, 0x39, 0x39, 0x39, 0x30, 0x31, 0x13, 0x35, 0x36, 0x37,
  0x3e, 0x08, 0x35, 0x34, 0x26, 0x22, 0x06, 0x07, 0x06, 0x26, 0x35, 0x3e,
  0x01, 0x33, 0x32, 0x16, 0x15, 0x14, 0x0e, 0x08, 0x07, 0x06, 0x07, 0x06,
  0x17, 0x16, 0x3b, 0x01, 0x32, 0x37, 0x36, 0x37, 0x34, 0x36, 0x37, 0x36,
  0x3b, 0x01, 0x32, 0x15, 0x06, 0x23, 0x33, 0x06, 0x07, 0x21, 0x22, 0x12,
  0x35, 0x73, 0x02, 0x34, 0x0c, 0x2f, 0x10, 0x25, 0x0f, 0x14, 0x08, 0x49,
  0x6f, 0x58, 0x15, 0x04, 0x43, 0x0a, 0x95, 0x6d, 0x68, 0x92, 0x08, 0x09,
  0x16, 0x0a, 0x25, 0x0a, 0x2d, 0x09, 0x33, 0x02, 0x4a, 0x4d, 0x06, 0x0a,
  0x0c, 0x0a, 0xb0, 0x42, 0x0c, 0x06, 0x06, 0x09, 0x02, 0x02, 0x16, 0x0f,
  0x24, 0x1b, 0x01, 0x02, 0x06, 0x1b, 0xfe, 0x25, 0x14, 0x02, 0x79, 0x1f,
  0x3f, 0x62, 0x02, 0x29, 0x0d, 0x29, 0x16, 0x27, 0x1d, 0x25, 0x24, 0x13,
  0x2f, 0x44, 0x48, 0x40, 0x0a, 0x02, 0x0c, 0x6d, 0x7f, 0x73, 0x5a, 0x12,
  0x27, 0x1d, 0x21, 0x14, 0x21, 0x0c, 0x21, 0x06, 0x23, 0x02, 0x31, 0x46,
  0x04, 0x04, 0x04, 0x08, 0x06, 0x0d, 0x04, 0x1c, 0x0d, 0x0a, 0x0c, 0xa6,
  0x0e, 0x01, 0x00, 0x00, 0x00, 0x01, 0x00, 0x04, 0x02, 0x5a, 0x02, 0x1d,
  0x05, 0x2b, 0x00, 0x33, 0x00, 0x56, 0x00, 0xb0, 0x31, 0x2f, 0xb1, 0x0a,
  0x06, 0xe9, 0xb2, 0x0a, 0x31, 0x0a, 0x2b, 0xb3, 0x00, 0x0a, 0x03, 0x09,
  0x2b, 0xb0, 0x1c, 0x2f, 0xb1, 0x24, 0x09, 0xe9, 0x01, 0xb0, 0x34, 0x2f,
  0xb0, 0x0d, 0xd6, 0xb1, 0x2e, 0x0d, 0xe9, 0xb0, 0x19, 0x20, 0xd6, 0x11,
  0xb4, 0x27, 0x0c, 0x00, 0x2e, 0x04, 0x2b, 0xb1, 0x35, 0x01, 0x2b, 0xb1,
  0x0d, 0x19, 0x11, 0x12, 0xb0, 0x2a, 0x39, 0xb0, 0x27, 0x11, 0xb2, 0x29,
  0x2b, 0x2c, 0x39, 0x39, 0x39, 0x00, 0xb1, 0x1c, 0x0a, 0x11, 0x12, 0xb2,
  0x1f, 0x27, 0x2e, 0x39, 0x39, 0x39, 0x30, 0x31, 0x13, 0x34, 0x36, 0x33,
  0x32, 0x1e, 0x02, 0x17, 0x16, 0x33, 0x32, 0x36, 0x35, 0x34, 0x26, 0x23,
  0x22, 0x07, 0x06, 0x27, 0x26, 0x36, 0x37, 0x36, 0x35, 0x34, 0x26, 0x23,
  0x22, 0x07, 0x06, 0x26, 0x37, 0x3e, 0x01, 0x33, 0x32, 0x16, 0x15, 0x14,
  0x07, 0x06, 0x17, 0x1e, 0x01, 0x15, 0x14, 0x06, 0x23, 0x22, 0x26, 0x04,
  0x27, 0x1b, 0x0c, 0x1f, 0x12, 0x23, 0x04, 0x2d, 0x25, 0x37, 0x58, 0x3d,
  0x27, 0x23, 0x25, 0x23, 0x14, 0x04, 0x06, 0x08, 0x9c, 0x33, 0x25, 0x56,
  0x3a, 0x14, 0x37, 0x06, 0x27, 0x85, 0x52, 0x4c, 0x6a, 0x44, 0x0e, 0x10,
  0x3f, 0x4b, 0xcb, 0x81, 0x4e, 0x7f, 0x02, 0xba, 0x19, 0x23, 0x0d, 0x0a,
  0x18, 0x02, 0x21, 0x62, 0x44, 0x33, 0x46, 0x1b, 0x14, 0x20, 0x08, 0x1d,
  0x04, 0x64, 0x40, 0x1d, 0x2b, 0x67, 0x1b, 0x23, 0x13, 0x52, 0x5c, 0x4c,
  0x3d, 0x44, 0x33, 0x0c, 0x06, 0x14, 0x5f, 0x42, 0x6d, 0x9d, 0x35, 0x00,
  0x00, 0x01, 0x00, 0xf2, 0x03, 0xc5, 0x02, 0x4e, 0x05, 0x4a, 0x00, 0x0d,
  0x00, 0x2a, 0x00, 0xb2, 0x03, 0x02, 0x00, 0x2b, 0xb4, 0x0c, 0x0a, 0x00,
  0x0b, 0x04, 0x2b, 0x01, 0xb0, 0x0e, 0x2f, 0xb0, 0x00, 0xd6, 0xb4, 0x0b,
  0x0c, 0x00, 0x1e, 0x04, 0x2b, 0xb1, 0x0f, 0x01, 0x2b, 0x00, 0xb1, 0x03,
  0x0c, 0x11, 0x12, 0xb0, 0x09, 0x39, 0x30, 0x31, 0x1b, 0x01, 0x36, 0x3b,
  0x01, 0x36, 0x16, 0x07, 0x14, 0x15, 0x07, 0x01, 0x06, 0x26, 0xf2, 0x64,
  0x0e, 0x19, 0xb4, 0x0c, 0x13, 0x02, 0x02, 0xfe, 0xdb, 0x0a, 0x31, 0x03,
  0xdf, 0x01, 0x50, 0x1b, 0x02, 0x0b, 0x0a, 0x02, 0x04, 0x04, 0xfe, 0xa0,
  0x0c, 0x08, 0x00, 0x00, 0x00, 0x01, 0xff, 0xee, 0xfe, 0x02, 0x03, 0xd9,
  0x05, 0x4a, 0x00, 0x27, 0x00, 0x5e, 0x00, 0xb2, 0x03, 0x02, 0x00, 0x2b,
  0xb1, 0x17, 0x08, 0xe9, 0xb0, 0x09, 0x32, 0xb2, 0x17, 0x03, 0x0a, 0x2b,
  0xb3, 0x40, 0x17, 0x1d, 0x09, 0x2b, 0xb0, 0x10, 0x32, 0x01, 0xb0, 0x28,
  0x2f, 0xb0, 0x20, 0xd6, 0xb4, 0x1a, 0x0c, 0x00, 0x84, 0x04, 0x2b, 0xb0,
  0x1a, 0x10, 0xb4, 0x00, 0x0f, 0x00, 0x07, 0x04, 0x2b, 0xb0, 0x00, 0x2f,
  0xb0, 0x1a, 0x10, 0xb1, 0x13, 0x01, 0x2b, 0xb4, 0x0d, 0x0c, 0x00, 0x62,
  0x04, 0x2b, 0xb2, 0x0d, 0x13, 0x0a, 0x2b, 0xb3, 0x40, 0x0d, 0x07, 0x09,
  0x2b, 0xb1, 0x29, 0x01, 0x2b, 0xb1, 0x20, 0x00, 0x11, 0x12, 0xb0, 0x03,
  0x39, 0x00, 0x30, 0x31, 0x03, 0x34, 0x36, 0x37, 0x20, 0x36, 0x1d, 0x01,
  0x14, 0x27, 0x23, 0x22, 0x17, 0x11, 0x14, 0x06, 0x2b, 0x01, 0x22, 0x35,
  0x13, 0x34, 0x2b, 0x01, 0x22, 0x17, 0x13, 0x14, 0x2b, 0x01, 0x22, 0x26,
  0x35, 0x11, 0x34, 0x07, 0x2e, 0x01, 0x27, 0x26, 0x12, 0xfe, 0xdf, 0x01,
  0xc5, 0x49, 0x23, 0x4e, 0x1b, 0x01, 0x0a, 0x19, 0x21, 0x23, 0x02, 0x24,
  0x69, 0x1b, 0x01, 0x02, 0x21, 0x2b, 0x14, 0x0b, 0x25, 0xa0, 0xc2, 0x35,
  0x2f, 0x03, 0xac, 0xc1, 0xd9, 0x02, 0x04, 0x1f, 0x25, 0x19, 0x01, 0x25,
  0xf9, 0x58, 0x17, 0x0a, 0x1f, 0x06, 0xaa, 0x21, 0x1d, 0xf9, 0x4c, 0x19,
  0x0c, 0x15, 0x03, 0xd3, 0x1f, 0x01, 0x02, 0x67, 0x64, 0x58, 0x00, 0x00,
  0x00, 0x01, 0x00, 0x9c, 0x01, 0xd1, 0x01, 0x75, 0x02, 0xae, 0x00, 0x08,
  0x00, 0x28, 0x00, 0xb0, 0x08, 0x2f, 0xb4, 0x03, 0x0a, 0x00, 0x13, 0x04,
  0x2b, 0xb4, 0x03, 0x0a, 0x00, 0x13, 0x04, 0x2b, 0x01, 0xb0, 0x09, 0x2f,
  0xb0, 0x01, 0xd6, 0xb1, 0x05, 0x0f, 0xe9, 0xb1, 0x05, 0x0f, 0xe9, 0xb1,
  0x0a, 0x01, 0x2b, 0x00, 0x30, 0x31, 0x12, 0x34, 0x36, 0x32, 0x16, 0x15,
  0x14, 0x06, 0x22, 0x9c, 0x3f, 0x5a, 0x40, 0x40, 0x5a, 0x02, 0x12, 0x5b,
  0x41, 0x40, 0x2f, 0x2d, 0x41, 0x00, 0x00, 0x00, 0x00, 0x01, 0x00, 0xd3,
  0xfe, 0x35, 0x02, 0x0e, 0x00, 0x14, 0x00, 0x21, 0x00, 0x24, 0x00, 0xb0,
  0x0e, 0x2f, 0xb1, 0x18, 0x03, 0xe9, 0x01, 0xb0, 0x22, 0x2f, 0xb0, 0x1b,
  0xd6, 0xb1, 0x0b, 0x0c, 0xe9, 0xb1, 0x23, 0x01, 0x2b, 0xb1, 0x0b, 0x1b,
  0x11, 0x12, 0xb1, 0x09, 0x02, 0x39, 0x39, 0x00, 0x30, 0x31, 0x1b, 0x01,
  0x33, 0x07, 0x06, 0x15, 0x1e, 0x01, 0x33, 0x1e, 0x01, 0x15, 0x14, 0x06,
  0x23, 0x22, 0x27, 0x26, 0x37, 0x36, 0x37, 0x36, 0x17, 0x16, 0x33, 0x32,
  0x36, 0x35, 0x34, 0x23, 0x22, 0x07, 0x06, 0x26, 0xd3, 0xaa, 0x39, 0x39,
  0x04, 0x02, 0x08, 0x02, 0x3b, 0x4e, 0x70, 0x50, 0x2f, 0x27, 0x17, 0x0f,
  0x06, 0x02, 0x04, 0x0e, 0x1f, 0x0e, 0x2b, 0x3c, 0x3a, 0x1d, 0x64, 0x08,
  0x0e, 0xfe, 0xf6, 0x01, 0x1e, 0x6a, 0x08, 0x04, 0x02, 0x02, 0x08, 0x5d,
  0x3f, 0x50, 0x71, 0x0f, 0x08, 0x16, 0x0c, 0x03, 0x0c, 0x04, 0x06, 0x39,
  0x27, 0x4a, 0x34, 0x04, 0x07, 0x00, 0x00, 0x00, 0x00, 0x01, 0x00, 0x64,
  0x02, 0x64, 0x01, 0xfc, 0x05, 0x29, 0x00, 0x24, 0x00, 0x3a, 0x00, 0xb0,
  0x12, 0x2f, 0xb1, 0x0a, 0x06, 0xe9, 0xb0, 0x17, 0x32, 0xb2, 0x0a, 0x12,
  0x0a, 0x2b, 0xb3, 0x40, 0x0a, 0x04, 0x09, 0x2b, 0x01, 0xb0, 0x25, 0x2f,
  0xb0, 0x1b, 0xd6, 0xb1, 0x06, 0x0c, 0xe9, 0xb1, 0x26, 0x01, 0x2b, 0xb1,
  0x06, 0x1b, 0x11, 0x12, 0xb1, 0x02, 0x13, 0x39, 0x39, 0x00, 0xb1, 0x0a,
  0x12, 0x11, 0x12, 0xb0, 0x18, 0x39, 0x30, 0x31, 0x13, 0x36, 0x37, 0x36,
  0x32, 0x15, 0x11, 0x14, 0x17, 0x16, 0x17, 0x32, 0x37, 0x32, 0x1e, 0x01,
  0x15, 0x14, 0x23, 0x26, 0x07, 0x22, 0x26, 0x33, 0x37, 0x3e, 0x01, 0x35,
  0x03, 0x26, 0x27, 0x06, 0x07, 0x06, 0x07, 0x06, 0x26, 0x64, 0x8d, 0x44,
  0x04, 0x52, 0x04, 0x04, 0x15, 0x17, 0x0a, 0x12, 0x11, 0x10, 0x0e, 0xa6,
  0xa4, 0x10, 0x01, 0x11, 0x3b, 0x19, 0x0e, 0x02, 0x02, 0x02, 0x17, 0x28,
  0x1d, 0x21, 0x14, 0x15, 0x04, 0x7d, 0x54, 0x52, 0x06, 0x0c, 0xfd, 0xb6,
  0x17, 0x06, 0x08, 0x02, 0x02, 0x02, 0x15, 0x12, 0x21, 0x06, 0x06, 0x42,
  0x06, 0x04, 0x0c, 0x15, 0x01, 0xaa, 0x0c, 0x02, 0x0e, 0x15, 0x0c, 0x0c,
  0x02, 0x25, 0x00, 0x00, 0x00, 0x02, 0x00, 0x3f, 0x03, 0x37, 0x02, 0xa6,
  0x05, 0x64, 0x00, 0x08, 0x00, 0x14, 0x00, 0x4a, 0x00, 0xb2, 0x0c, 0x01,
  0x00, 0x2b, 0xb1, 0x07, 0x07, 0xe9, 0xb0, 0x12, 0x2f, 0xb4, 0x03, 0x07,
  0x00, 0x69, 0x04, 0x2b, 0x01, 0xb0, 0x15, 0x2f, 0xb0, 0x01, 0xd6, 0xb1,
  0x09, 0x0c, 0xe9, 0xb0, 0x09, 0x10, 0xb1, 0x0f, 0x01, 0x2b, 0xb1, 0x05,
  0x0c, 0xe9, 0xb1, 0x16, 0x01, 0x2b, 0xb1, 0x0f, 0x09, 0x11, 0x12, 0xb2,
  0x02, 0x03, 0x07, 0x39, 0x39, 0x39, 0x00, 0xb1, 0x12, 0x0c, 0x11, 0x12,
  0xb3, 0x00, 0x04, 0x05, 0x01, 0x24, 0x17, 0x39, 0x30, 0x31, 0x12, 0x34,
  0x36, 0x20, 0x16, 0x14, 0x06, 0x23, 0x22, 0x03, 0x14, 0x16, 0x33, 0x32,
  0x36, 0x35, 0x34, 0x26, 0x23, 0x22, 0x06, 0x3f, 0xaf, 0x01, 0x06, 0xb2,
  0xb2, 0x7f, 0x85, 0x34, 0x77, 0x52, 0x46, 0x5c, 0x79, 0x50, 0x46, 0x5c,
  0x03, 0xd7, 0xee, 0x9f, 0x9f, 0xee, 0xa0, 0x01, 0x3e, 0x6f, 0x97, 0x6c,
  0x54, 0x6a, 0x96, 0x68, 0x00, 0x02, 0x00, 0x56, 0x00, 0x44, 0x02, 0xbc,
  0x03, 0x71, 0x00, 0x05, 0x00, 0x0c, 0x00, 0x2a, 0x00, 0xb2, 0x09, 0x01,
  0x00, 0x2b, 0x01, 0xb0, 0x0d, 0x2f, 0xb0, 0x00, 0xd6, 0xb0, 0x02, 0x32,
  0xb4, 0x0b, 0x0f, 0x00, 0x07, 0x04, 0x2b, 0xb1, 0x0e, 0x01, 0x2b, 0xb1,
  0x0b, 0x00, 0x11, 0x12, 0xb2, 0x01, 0x04, 0x06, 0x39, 0x39, 0x39, 0x00,
  0x30, 0x31, 0x37, 0x13, 0x03, 0x33, 0x13, 0x03, 0x17, 0x13, 0x15, 0x03,
  0x33, 0x09, 0x01, 0x56, 0x89, 0x89, 0x3d, 0xfc, 0xfc, 0xa8, 0xcf, 0xcf,
  0x40, 0x01, 0x41, 0xfe, 0xbf, 0x68, 0x01, 0x6f, 0x01, 0x77, 0xfe, 0x89,
  0xfe, 0x91, 0x24, 0x01, 0x95, 0x02, 0x01, 0x9a, 0xfe, 0x66, 0xfe, 0x6d,
  0x00, 0x04, 0x00, 0x64, 0xff, 0xba, 0x05, 0x91, 0x05, 0x48, 0x00, 0x22,
  0x00, 0x33, 0x00, 0x5a, 0x00, 0x65, 0x00, 0xca, 0x00, 0xb2, 0x51, 0x00,
  0x00, 0x2b, 0xb2, 0x29, 0x02, 0x00, 0x2b, 0xb4, 0x58, 0x5d, 0x51, 0x29,
  0x0d, 0x2b, 0xb0, 0x3f, 0x33, 0xb1, 0x58, 0x09, 0xe9, 0xb0, 0x4a, 0x32,
  0xb4, 0x0f, 0x09, 0x51, 0x29, 0x0d, 0x2b, 0xb0, 0x15, 0x33, 0xb1, 0x0f,
  0x06, 0xe9, 0xb2, 0x09, 0x0f, 0x0a, 0x2b, 0xb3, 0x40, 0x09, 0x04, 0x09,
  0x2b, 0x01, 0xb0, 0x66, 0x2f, 0xb0, 0x19, 0xd6, 0xb4, 0x06, 0x0c, 0x00,
  0x2d, 0x04, 0x2b, 0xb2, 0x06, 0x19, 0x0a, 0x2b, 0xb3, 0x40, 0x06, 0x0d,
  0x09, 0x2b, 0xb2, 0x19, 0x06, 0x0a, 0x2b, 0xb3, 0x40, 0x19, 0x13, 0x09,
  0x2b, 0xb0, 0x06, 0x10, 0xb1, 0x56, 0x01, 0x2b, 0xb0, 0x60, 0x32, 0xb4,
  0x4d, 0x0c, 0x00, 0x2e, 0x04, 0x2b, 0xb0, 0x3c, 0x32, 0xb2, 0x4d, 0x56,
  0x0a, 0x2b, 0xb3, 0x40, 0x4d, 0x46, 0x09, 0x2b, 0xb2, 0x56, 0x4d, 0x0a,
  0x2b, 0xb3, 0x40, 0x56, 0x36, 0x09, 0x2b, 0xb1, 0x67, 0x01, 0x2b, 0xb1,
  0x06, 0x19, 0x11, 0x12, 0xb2, 0x02, 0x10, 0x32, 0x39, 0x39, 0x39, 0xb0,
  0x56, 0x11, 0xb1, 0x0f, 0x5c, 0x39, 0x39, 0xb0, 0x4d, 0x12, 0xb2, 0x27,
  0x38, 0x2d, 0x39, 0x39, 0x39, 0x00, 0xb1, 0x5d, 0x58, 0x11, 0x12, 0xb0,
  0x37, 0x39, 0xb0, 0x0f, 0x11, 0xb1, 0x3d, 0x64, 0x39, 0x39, 0xb0, 0x09,
  0x12, 0xb2, 0x0d, 0x17, 0x3c, 0x39, 0x39, 0x39, 0xb0, 0x29, 0x11, 0xb1,
  0x38, 0x39, 0x39, 0x39, 0x30, 0x31, 0x13, 0x36, 0x37, 0x36, 0x32, 0x15,
  0x11, 0x14, 0x16, 0x17, 0x33, 0x36, 0x16, 0x15, 0x14, 0x23, 0x26, 0x07,
  0x22, 0x27, 0x36, 0x33, 0x37, 0x3e, 0x01, 0x35, 0x11, 0x26, 0x23, 0x06,
  0x07, 0x06, 0x07, 0x22, 0x26, 0x12, 0x26, 0x37, 0x01, 0x37, 0x36, 0x3b,
  0x02, 0x32, 0x16, 0x06, 0x07, 0x01, 0x06, 0x07, 0x23, 0x01, 0x3d, 0x02,
  0x01, 0x36, 0x17, 0x16, 0x07, 0x11, 0x14, 0x17, 0x33, 0x32, 0x07, 0x15,
  0x14, 0x16, 0x14, 0x06, 0x07, 0x06, 0x2b, 0x01, 0x06, 0x07, 0x15, 0x14,
  0x2b, 0x01, 0x22, 0x27, 0x26, 0x27, 0x37, 0x26, 0x27, 0x23, 0x22, 0x37,
  0x06, 0x17, 0x33, 0x36, 0x3d, 0x01, 0x34, 0x27, 0x34, 0x07, 0x64, 0x91,
  0x42, 0x04, 0x54, 0x0b, 0x14, 0x1f, 0x1b, 0x18, 0x0e, 0xaa, 0xa2, 0x12,
  0x01, 0x04, 0x0d, 0x3f, 0x17, 0x0c, 0x02, 0x02, 0x1f, 0x20, 0x29, 0x17,
  0x14, 0x15, 0x6d, 0x09, 0x09, 0x03, 0xc8, 0x04, 0x04, 0x09, 0x08, 0x54,
  0x04, 0x04, 0x02, 0x04, 0xfc, 0x35, 0x0a, 0x12, 0x42, 0x02, 0x83, 0x01,
  0x6b, 0x23, 0x18, 0x14, 0x02, 0x17, 0x50, 0x19, 0x01, 0x02, 0x02, 0x02,
  0x04, 0x16, 0x4c, 0x12, 0x05, 0x10, 0x31, 0x21, 0x0a, 0x1b, 0x02, 0x02,
  0x04, 0x14, 0xfc, 0x1d, 0x94, 0x0a, 0x12, 0x7d, 0x18, 0x02, 0x08, 0x04,
  0x7d, 0x58, 0x4e, 0x06, 0x0c, 0xfd, 0xb4, 0x17, 0x0e, 0x02, 0x02, 0x0e,
  0x1b, 0x21, 0x06, 0x06, 0x21, 0x21, 0x04, 0x02, 0x0e, 0x17, 0x01, 0xaa,
  0x0e, 0x14, 0x0d, 0x10, 0x0a, 0x25, 0xfb, 0x49, 0x1d, 0x0a, 0x05, 0x5a,
  0x09, 0x04, 0x09, 0x0e, 0x08, 0xfa, 0xa2, 0x10, 0x01, 0x01, 0x02, 0x05,
  0x04, 0x20, 0x01, 0xcf, 0x0a, 0x06, 0x04, 0x14, 0xfe, 0x7b, 0x0a, 0x01,
  0x22, 0x11, 0x04, 0x0c, 0x04, 0x0b, 0x02, 0x0c, 0x04, 0x0c, 0xa8, 0x1b,
  0x04, 0x04, 0x0d, 0xac, 0x0e, 0x04, 0x71, 0x10, 0x01, 0x01, 0x0a, 0xac,
  0x10, 0x08, 0x0c, 0x08, 0x00, 0x03, 0x00, 0x64, 0xff, 0xba, 0x05, 0x96,
  0x05, 0x48, 0x00, 0x26, 0x00, 0x37, 0x00, 0x6f, 0x00, 0xbe, 0x00, 0xb2,
  0x6e, 0x00, 0x00, 0x2b, 0xb1, 0x5c, 0x0a, 0xe9, 0xb2, 0x6e, 0x00, 0x00,
  0x2b, 0xb4, 0x6a, 0x07, 0x00, 0x30, 0x04, 0x2b, 0xb2, 0x6a, 0x6e, 0x0a,
  0x2b, 0xb3, 0x40, 0x6a, 0x65, 0x09, 0x2b, 0xb2, 0x29, 0x00, 0x00, 0x2b,
  0xb2, 0x2c, 0x02, 0x00, 0x2b, 0xb4, 0x14, 0x19, 0x6e, 0x2c, 0x0d, 0x2b,
  0xb0, 0x0b, 0x33, 0xb1, 0x14, 0x05, 0xe9, 0xb3, 0x28, 0x19, 0x4a, 0x0e,
  0x2b, 0xb1, 0x42, 0x0a, 0xe9, 0x01, 0xb0, 0x70, 0x2f, 0xb0, 0x1b, 0xd6,
  0xb4, 0x08, 0x0c, 0x00, 0x2d, 0x04, 0x2b, 0xb2, 0x1b, 0x08, 0x0a, 0x2b,
  0xb3, 0x40, 0x1b, 0x16, 0x09, 0x2b, 0xb0, 0x08, 0x10, 0xb1, 0x3f, 0x01,
  0x2b, 0xb1, 0x4d, 0x0d, 0xe9, 0xb0, 0x6a, 0x32, 0xb0, 0x4d, 0x10, 0xb0,
  0x68, 0x20, 0xd6, 0x11, 0xb4, 0x63, 0x0c, 0x00, 0x2f, 0x04, 0x2b, 0xb0,
  0x63, 0x2f, 0xb4, 0x68, 0x0c, 0x00, 0x2f, 0x04, 0x2b, 0xb1, 0x71, 0x01,
  0x2b, 0xb1, 0x08, 0x1b, 0x11, 0x12, 0xb2, 0x02, 0x13, 0x34, 0x39, 0x39,
  0x39, 0xb0, 0x3f, 0x11, 0xb6, 0x11, 0x12, 0x38, 0x47, 0x4a, 0x56, 0x59,
  0x24, 0x17, 0x39, 0xb0, 0x63, 0x12, 0xb1, 0x30, 0x61, 0x39, 0x39, 0x00,
  0xb1, 0x5c, 0x6a, 0x11, 0x12, 0xb0, 0x39, 0x39, 0xb0, 0x42, 0x11, 0xb2,
  0x3b, 0x46, 0x4d, 0x39, 0x39, 0x39, 0x30, 0x31, 0x13, 0x36, 0x37, 0x3e,
  0x01, 0x17, 0x16, 0x15, 0x11, 0x14, 0x16, 0x17, 0x33, 0x36, 0x1e, 0x01,
  0x15, 0x16, 0x23, 0x26, 0x07, 0x22, 0x27, 0x36, 0x33, 0x37, 0x36, 0x35,
  0x11, 0x34, 0x2e, 0x01, 0x07, 0x06, 0x07, 0x06, 0x07, 0x22, 0x26, 0x12,
  0x36, 0x37, 0x01, 0x36, 0x37, 0x3b, 0x01, 0x32, 0x16, 0x07, 0x01, 0x06,
  0x07, 0x2b, 0x01, 0x22, 0x25, 0x35, 0x36, 0x37, 0x36, 0x37, 0x36, 0x35,
  0x34, 0x26, 0x23, 0x22, 0x07, 0x0e, 0x01, 0x35, 0x3e, 0x01, 0x33, 0x32,
  0x16, 0x15, 0x14, 0x0e, 0x06, 0x07, 0x06, 0x07, 0x06, 0x17, 0x16, 0x3b,
  0x01, 0x32, 0x37, 0x36, 0x37, 0x36, 0x37, 0x36, 0x3b, 0x01, 0x32, 0x15,
  0x06, 0x23, 0x33, 0x06, 0x23, 0x21, 0x22, 0x64, 0x91, 0x42, 0x04, 0x32,
  0x12, 0x10, 0x0d, 0x14, 0x1f, 0x12, 0x11, 0x0e, 0x04, 0x12, 0xaa, 0xa2,
  0x12, 0x01, 0x04, 0x0d, 0x50, 0x12, 0x02, 0x0a, 0x0a, 0x0c, 0x21, 0x29,
  0x17, 0x14, 0x15, 0x62, 0x02, 0x03, 0x03, 0xce, 0x08, 0x0d, 0x0c, 0x46,
  0x08, 0x06, 0x06, 0xfc, 0x35, 0x08, 0x12, 0x0f, 0x37, 0x0a, 0x02, 0x9f,
  0x37, 0x73, 0x7f, 0x25, 0x2b, 0x47, 0x38, 0x77, 0x2d, 0x04, 0x43, 0x0a,
  0x96, 0x6c, 0x68, 0x92, 0x0c, 0x0d, 0x20, 0x13, 0x2f, 0x10, 0x3a, 0x06,
  0x48, 0x4f, 0x0a, 0x0e, 0x0c, 0x0a, 0xb0, 0x42, 0x0c, 0x06, 0x06, 0x08,
  0x03, 0x02, 0x16, 0x0f, 0x25, 0x1b, 0x02, 0x02, 0x06, 0x1b, 0xfe, 0x25,
  0x17, 0x04, 0x7d, 0x58, 0x4e, 0x04, 0x04, 0x04, 0x02, 0x1f, 0xfd, 0xcb,
  0x17, 0x10, 0x02, 0x02, 0x04, 0x11, 0x12, 0x21, 0x06, 0x06, 0x21, 0x21,
  0x04, 0x02, 0x25, 0x01, 0x95, 0x08, 0x0d, 0x0a, 0x04, 0x08, 0x11, 0x10,
  0x0a, 0x25, 0xfb, 0x56, 0x0e, 0x02, 0x05, 0x64, 0x0c, 0x01, 0x13, 0x0c,
  0xfa, 0xa2, 0x0e, 0x03, 0x48, 0x1f, 0x42, 0x60, 0x6a, 0x37, 0x3b, 0x3a,
  0x31, 0x44, 0x87, 0x0a, 0x01, 0x0d, 0x6d, 0x80, 0x74, 0x5b, 0x19, 0x2c,
  0x21, 0x29, 0x14, 0x27, 0x0d, 0x29, 0x04, 0x2f, 0x45, 0x06, 0x05, 0x04,
  0x08, 0x06, 0x0f, 0x21, 0x0a, 0x0c, 0x0e, 0xa6, 0x0e, 0x00, 0x00, 0x00,
  0x00, 0x04, 0x00, 0x23, 0xff, 0xb8, 0x05, 0x5a, 0x05, 0x48, 0x00, 0x30,
  0x00, 0x3e, 0x00, 0x62, 0x00, 0x6e, 0x00, 0xca, 0x00, 0xb2, 0x58, 0x00,
  0x00, 0x2b, 0xb2, 0x33, 0x00, 0x00, 0x2b, 0xb2, 0x36, 0x02, 0x00, 0x2b,
  0xb4, 0x60, 0x65, 0x58, 0x36, 0x0d, 0x2b, 0xb0, 0x4a, 0x33, 0xb1, 0x60,
  0x09, 0xe9, 0xb0, 0x51, 0x32, 0xb4, 0x2e, 0x07, 0x58, 0x36, 0x0d, 0x2b,
  0xb1, 0x2e, 0x06, 0xe9, 0xb2, 0x07, 0x2e, 0x0a, 0x2b, 0xb3, 0x00, 0x07,
  0x03, 0x09, 0x2b, 0xb1, 0x22, 0x36, 0x10, 0x20, 0xc0, 0x2f, 0xb1, 0x1a,
  0x09, 0xe9, 0x01, 0xb0, 0x6f, 0x2f, 0xb0, 0x0a, 0xd6, 0xb4, 0x2b, 0x0d,
  0x00, 0x1a, 0x04, 0x2b, 0xb0, 0x17, 0x20, 0xd6, 0x11, 0xb4, 0x25, 0x0c,
  0x00, 0x2d, 0x04, 0x2b, 0xb0, 0x2b, 0x10, 0xb1, 0x5d, 0x01, 0x2b, 0xb0,
  0x68, 0x32, 0xb4, 0x54, 0x0c, 0x00, 0x2e, 0x04, 0x2b, 0xb0, 0x47, 0x32,
  0xb2, 0x54, 0x5d, 0x0a, 0x2b, 0xb3, 0x40, 0x54, 0x4f, 0x09, 0x2b, 0xb2,
  0x5d, 0x54, 0x0a, 0x2b, 0xb3, 0x40, 0x5d, 0x41, 0x09, 0x2b, 0xb1, 0x70,
  0x01, 0x2b, 0xb1, 0x0a, 0x17, 0x11, 0x12, 0xb0, 0x28, 0x39, 0xb0, 0x25,
  0x11, 0xb1, 0x27, 0x29, 0x39, 0x39, 0xb1, 0x5d, 0x2b, 0x11, 0x12, 0xb0,
  0x63, 0x39, 0xb0, 0x54, 0x11, 0xb0, 0x43, 0x39, 0x00, 0xb1, 0x65, 0x60,
  0x11, 0x12, 0xb0, 0x42, 0x39, 0xb0, 0x2e, 0x11, 0xb1, 0x48, 0x6c, 0x39,
  0x39, 0xb1, 0x1a, 0x07, 0x11, 0x12, 0xb5, 0x1d, 0x25, 0x2b, 0x43, 0x44,
  0x47, 0x24, 0x17, 0x39, 0x30, 0x31, 0x13, 0x34, 0x36, 0x33, 0x32, 0x17,
  0x16, 0x37, 0x32, 0x36, 0x35, 0x34, 0x26, 0x23, 0x22, 0x07, 0x06, 0x27,
  0x26, 0x27, 0x26, 0x37, 0x36, 0x35, 0x34, 0x26, 0x23, 0x22, 0x07, 0x06,
  0x26, 0x37, 0x3e, 0x01, 0x33, 0x32, 0x16, 0x15, 0x14, 0x07, 0x06, 0x17,
  0x16, 0x15, 0x14, 0x06, 0x23, 0x22, 0x26, 0x12, 0x26, 0x37, 0x01, 0x36,
  0x37, 0x33, 0x32, 0x16, 0x07, 0x01, 0x06, 0x07, 0x27, 0x01, 0x3d, 0x02,
  0x01, 0x36, 0x17, 0x16, 0x07, 0x11, 0x14, 0x17, 0x33, 0x32, 0x17, 0x16,
  0x15, 0x14, 0x2b, 0x01, 0x06, 0x07, 0x17, 0x06, 0x2b, 0x01, 0x22, 0x27,
  0x26, 0x27, 0x37, 0x26, 0x27, 0x23, 0x22, 0x26, 0x36, 0x16, 0x3b, 0x01,
  0x36, 0x3d, 0x01, 0x34, 0x27, 0x26, 0x0f, 0x01, 0x23, 0x29, 0x1a, 0x1d,
  0x48, 0x2b, 0x25, 0x37, 0x58, 0x3b, 0x29, 0x23, 0x25, 0x14, 0x0f, 0x0a,
  0x08, 0x0a, 0x12, 0x9c, 0x32, 0x27, 0x58, 0x35, 0x08, 0x46, 0x09, 0x23,
  0x87, 0x51, 0x4c, 0x6d, 0x44, 0x12, 0x14, 0x87, 0xc8, 0x81, 0x4e, 0x81,
  0xa4, 0x09, 0x07, 0x03, 0xca, 0x08, 0x27, 0x2b, 0x0c, 0x0b, 0x08, 0xfc,
  0x3b, 0x0e, 0x19, 0x37, 0x02, 0x4a, 0x01, 0x6a, 0x21, 0x19, 0x17, 0x03,
  0x15, 0x51, 0x10, 0x07, 0x06, 0x12, 0x5c, 0x10, 0x05, 0x02, 0x06, 0x0e,
  0x34, 0x23, 0x0c, 0x12, 0x02, 0x02, 0x06, 0x13, 0xfc, 0x0a, 0x14, 0x91,
  0x04, 0x06, 0x83, 0x15, 0x02, 0x04, 0x04, 0x94, 0x02, 0xb4, 0x19, 0x23,
  0x34, 0x1f, 0x01, 0x60, 0x44, 0x35, 0x45, 0x1a, 0x14, 0x10, 0x0a, 0x10,
  0x14, 0x0b, 0x62, 0x42, 0x1f, 0x29, 0x69, 0x0a, 0x14, 0x13, 0x52, 0x5c,
  0x4c, 0x3d, 0x3f, 0x3a, 0x0c, 0x05, 0x2b, 0x8b, 0x6a, 0x9e, 0x35, 0xfd,
  0x31, 0x1d, 0x04, 0x05, 0x60, 0x0c, 0x01, 0x1d, 0x0a, 0xfa, 0xaa, 0x12,
  0x01, 0x02, 0x01, 0x0b, 0x02, 0x02, 0x1c, 0x01, 0xcf, 0x0a, 0x06, 0x04,
  0x14, 0xfe, 0x7b, 0x0a, 0x01, 0x10, 0x0f, 0x12, 0x2f, 0x04, 0x0c, 0xa8,
  0x1b, 0x04, 0x02, 0x0f, 0xac, 0x10, 0x02, 0x0c, 0x61, 0x0d, 0x01, 0x0a,
  0xc0, 0x0c, 0x02, 0x02, 0x08, 0xc2, 0x00, 0x00, 0x00, 0x02, 0x00, 0x52,
  0xfe, 0x02, 0x02, 0x8f, 0x03, 0x79, 0x00, 0x21, 0x00, 0x2c, 0x00, 0x81,
  0x00, 0xb2, 0x25, 0x01, 0x00, 0x2b, 0xb4, 0x2a, 0x0a, 0x00, 0x12, 0x04,
  0x2b, 0xb0, 0x1f, 0x2f, 0xb4, 0x18, 0x0a, 0x00, 0x16, 0x04, 0x2b, 0xb2,
  0x18, 0x1f, 0x0a, 0x2b, 0xb3, 0x00, 0x18, 0x1b, 0x09, 0x2b, 0x01, 0xb0,
  0x2d, 0x2f, 0xb0, 0x00, 0xd6, 0xb4, 0x16, 0x0c, 0x00, 0x2f, 0x04, 0x2b,
  0xb2, 0x16, 0x00, 0x0a, 0x2b, 0xb3, 0x00, 0x16, 0x1d, 0x09, 0x2b, 0xb0,
  0x16, 0x10, 0xb1, 0x06, 0x01, 0x2b, 0xb4, 0x10, 0x0c, 0x00, 0x40, 0x04,
  0x2b, 0xb0, 0x27, 0x32, 0xb0, 0x10, 0x10, 0xb1, 0x22, 0x0f, 0xe9, 0xb0,
  0x22, 0x2f, 0xb1, 0x2e, 0x01, 0x2b, 0xb1, 0x22, 0x16, 0x11, 0x12, 0xb0,
  0x14, 0x39, 0xb0, 0x06, 0x11, 0xb4, 0x04, 0x0a, 0x13, 0x24, 0x2a, 0x24,
  0x17, 0x39, 0xb0, 0x10, 0x12, 0xb0, 0x25, 0x39, 0x00, 0xb1, 0x2a, 0x18,
  0x11, 0x12, 0xb1, 0x00, 0x0c, 0x39, 0x39, 0x30, 0x31, 0x17, 0x34, 0x37,
  0x36, 0x37, 0x36, 0x35, 0x34, 0x26, 0x27, 0x26, 0x37, 0x36, 0x16, 0x17,
  0x16, 0x15, 0x14, 0x06, 0x07, 0x0e, 0x01, 0x14, 0x16, 0x33, 0x32, 0x36,
  0x33, 0x32, 0x15, 0x14, 0x23, 0x22, 0x26, 0x13, 0x34, 0x36, 0x32, 0x16,
  0x15, 0x14, 0x06, 0x23, 0x22, 0x26, 0x52, 0x91, 0x35, 0x5f, 0x56, 0x1d,
  0x33, 0x12, 0x16, 0x0e, 0x29, 0x09, 0x6a, 0x4c, 0x58, 0x89, 0x62, 0x6a,
  0x62, 0x1f, 0x67, 0x1a, 0x87, 0xc4, 0xa8, 0xd1, 0xdd, 0x46, 0x66, 0x46,
  0x46, 0x33, 0x35, 0x44, 0x73, 0xc9, 0x66, 0x25, 0x23, 0x21, 0x37, 0x21,
  0x35, 0x3c, 0x14, 0x0a, 0x06, 0x08, 0x0c, 0x83, 0x62, 0x4a, 0x58, 0x23,
  0x33, 0x63, 0xa3, 0x5f, 0x0f, 0x58, 0x71, 0xdb, 0x04, 0x2b, 0x2f, 0x42,
  0x40, 0x31, 0x33, 0x42, 0x42, 0x00, 0x00, 0x00, 0x00, 0x03, 0x00, 0x1d,
  0xff, 0xf8, 0x05, 0x86, 0x07, 0x0c, 0x00, 0x4d, 0x00, 0x5a, 0x00, 0x68,
  0x00, 0x56, 0x00, 0xb2, 0x4c, 0x00, 0x00, 0x2b, 0xb1, 0x22, 0x24, 0x33,
  0x33, 0xb1, 0x02, 0x06, 0xe9, 0xb3, 0x1d, 0x2b, 0x42, 0x45, 0x24, 0x17,
  0x32, 0xb2, 0x11, 0x02, 0x00, 0x2b, 0xb4, 0x37, 0x5d, 0x22, 0x11, 0x0d,
  0x2b, 0xb4, 0x37, 0x0a, 0x00, 0x24, 0x04, 0x2b, 0x01, 0xb0, 0x69, 0x2f,
  0xb1, 0x6a, 0x01, 0x2b, 0x00, 0xb1, 0x02, 0x4c, 0x11, 0x12, 0xb0, 0x23,
  0x39, 0xb0, 0x37, 0x11, 0xb3, 0x1a, 0x1b, 0x33, 0x44, 0x24, 0x17, 0x39,
  0xb0, 0x5d, 0x12, 0xb0, 0x16, 0x39, 0xb0, 0x11, 0x11, 0xb1, 0x09, 0x66,
  0x39, 0x39, 0x30, 0x31, 0x37, 0x36, 0x37, 0x32, 0x37, 0x36, 0x37, 0x36,
  0x37, 0x01, 0x27, 0x26, 0x3e, 0x02, 0x3a, 0x01, 0x3b, 0x01, 0x32, 0x17,
  0x1a, 0x01, 0x16, 0x17, 0x16, 0x17, 0x1e, 0x01, 0x3b, 0x01, 0x32, 0x16,
  0x06, 0x23, 0x26, 0x05, 0x22, 0x27, 0x26, 0x35, 0x34, 0x36, 0x3b, 0x01,
  0x3e, 0x01, 0x27, 0x2e, 0x01, 0x27, 0x2e, 0x01, 0x07, 0x06, 0x27, 0x22,
  0x0e, 0x02, 0x07, 0x06, 0x07, 0x06, 0x15, 0x14, 0x17, 0x32, 0x36, 0x17,
  0x16, 0x15, 0x06, 0x23, 0x24, 0x07, 0x23, 0x26, 0x01, 0x26, 0x36, 0x33,
  0x37, 0x32, 0x17, 0x16, 0x17, 0x14, 0x06, 0x27, 0x26, 0x03, 0x06, 0x17,
  0x16, 0x37, 0x32, 0x36, 0x27, 0x26, 0x27, 0x2e, 0x01, 0x07, 0x06, 0x1d,
  0x02, 0x10, 0x5c, 0x1b, 0x0e, 0x1b, 0x19, 0x08, 0x01, 0x81, 0x0f, 0x02,
  0x06, 0x0d, 0x0e, 0x12, 0x0d, 0x08, 0x06, 0x5c, 0x0f, 0x6a, 0xaa, 0x5e,
  0x0d, 0x14, 0x25, 0x1b, 0x37, 0x43, 0x0f, 0x0c, 0x0a, 0x0a, 0x0c, 0xec,
  0xfe, 0xc7, 0x10, 0x07, 0x02, 0x11, 0x14, 0x5e, 0x3f, 0x22, 0x17, 0x19,
  0x5a, 0x18, 0x04, 0x27, 0x0f, 0x6d, 0xd2, 0x0a, 0x0d, 0x08, 0x0a, 0x02,
  0x35, 0x4e, 0x10, 0x74, 0x0e, 0x2c, 0x12, 0x0e, 0x04, 0x0c, 0xfe, 0xac,
  0x66, 0x17, 0x1f, 0x01, 0xee, 0x0a, 0x16, 0x13, 0x9b, 0x1f, 0x08, 0x36,
  0x31, 0x29, 0x0d, 0x6d, 0x8c, 0x04, 0x1c, 0x81, 0x77, 0x0a, 0x0a, 0x04,
  0x44, 0x39, 0x04, 0x12, 0x04, 0x27, 0x37, 0x0c, 0x01, 0x1e, 0x10, 0x3e,
  0x3d, 0x17, 0x04, 0x17, 0x35, 0x04, 0x06, 0x04, 0x02, 0x14, 0xfe, 0xe7,
  0xfe, 0x40, 0xfa, 0x23, 0x35, 0x6b, 0x4a, 0x2f, 0x22, 0x23, 0x0a, 0x08,
  0x10, 0x06, 0x13, 0x14, 0x0d, 0x02, 0x33, 0x39, 0x42, 0xf3, 0x42, 0x0c,
  0x11, 0x02, 0x06, 0x06, 0x09, 0x06, 0x10, 0x04, 0xae, 0xb5, 0x27, 0x1e,
  0x35, 0x02, 0x04, 0x02, 0x02, 0x25, 0x23, 0x06, 0x06, 0x06, 0x06, 0xe3,
  0x0a, 0x1d, 0x02, 0x10, 0x8b, 0xc3, 0x12, 0x09, 0x0d, 0x8d, 0xfc, 0xaa,
  0x12, 0x0d, 0x04, 0x04, 0x13, 0x0c, 0xbc, 0xb9, 0x0a, 0x06, 0x0a, 0x7f,
  0x00, 0x03, 0x00, 0x1d, 0xff, 0xf8, 0x05, 0x86, 0x07, 0x14, 0x00, 0x4d,
  0x00, 0x5b, 0x00, 0x69, 0x00, 0x6c, 0x00, 0xb2, 0x4c, 0x00, 0x00, 0x2b,
  0xb1, 0x22, 0x24, 0x33, 0x33, 0xb1, 0x02, 0x06, 0xe9, 0xb3, 0x1d, 0x2b,
  0x42, 0x45, 0x24, 0x17, 0x32, 0xb2, 0x11, 0x02, 0x00, 0x2b, 0xb4, 0x37,
  0x50, 0x22, 0x11, 0x0d, 0x2b, 0xb4, 0x37, 0x0a, 0x00, 0x24, 0x04, 0x2b,
  0x01, 0xb0, 0x6a, 0x2f, 0xb0, 0x5c, 0xd6, 0xb4, 0x67, 0x0c, 0x00, 0x1e,
  0x04, 0x2b, 0xb1, 0x6b, 0x01, 0x2b, 0xb1, 0x67, 0x5c, 0x11, 0x12, 0xb2,
  0x0b, 0x0f, 0x5b, 0x39, 0x39, 0x39, 0x00, 0xb1, 0x02, 0x4c, 0x11, 0x12,
  0xb0, 0x23, 0x39, 0xb0, 0x37, 0x11, 0xb3, 0x1a, 0x1b, 0x33, 0x44, 0x24,
  0x17, 0x39, 0xb0, 0x50, 0x12, 0xb0, 0x16, 0x39, 0xb0, 0x11, 0x11, 0xb1,
  0x09, 0x59, 0x39, 0x39, 0x30, 0x31, 0x37, 0x36, 0x37, 0x32, 0x37, 0x36,
  0x37, 0x36, 0x37, 0x01, 0x27, 0x26, 0x3e, 0x02, 0x3a, 0x01, 0x3b, 0x01,
  0x32, 0x17, 0x1a, 0x01, 0x16, 0x17, 0x16, 0x17, 0x1e, 0x01, 0x3b, 0x01,
  0x32, 0x16, 0x06, 0x23, 0x26, 0x05, 0x22, 0x27, 0x26, 0x35, 0x34, 0x36,
  0x3b, 0x01, 0x3e, 0x01, 0x27, 0x2e, 0x01, 0x27, 0x2e, 0x01, 0x07, 0x06,
  0x27, 0x22, 0x0e, 0x02, 0x07, 0x06, 0x07, 0x06, 0x15, 0x14, 0x17, 0x32,
  0x36, 0x17, 0x16, 0x15, 0x06, 0x23, 0x24, 0x07, 0x23, 0x26, 0x01, 0x06,
  0x17, 0x16, 0x37, 0x32, 0x36, 0x27, 0x26, 0x27, 0x2e, 0x01, 0x07, 0x06,
  0x03, 0x13, 0x36, 0x17, 0x37, 0x32, 0x1e, 0x01, 0x07, 0x14, 0x07, 0x01,
  0x06, 0x26, 0x1d, 0x02, 0x10, 0x5c, 0x1b, 0x0e, 0x1b, 0x19, 0x08, 0x01,
  0x81, 0x0f, 0x02, 0x06, 0x0d, 0x0e, 0x12, 0x0d, 0x08, 0x06, 0x5c, 0x0f,
  0x6a, 0xaa, 0x5e, 0x0d, 0x14, 0x25, 0x1b, 0x37, 0x43, 0x0f, 0x0c, 0x0a,
  0x0a, 0x0c, 0xec, 0xfe, 0xc7, 0x10, 0x07, 0x02, 0x11, 0x14, 0x5e, 0x3f,
  0x22, 0x17, 0x19, 0x5a, 0x18, 0x04, 0x27, 0x0f, 0x6d, 0xd2, 0x0a, 0x0d,
  0x08, 0x0a, 0x02, 0x35, 0x4e, 0x10, 0x74, 0x0e, 0x2c, 0x12, 0x0e, 0x04,
  0x0c, 0xfe, 0xac, 0x66, 0x17, 0x1f, 0x02, 0x07, 0x04, 0x1c, 0x81, 0x77,
  0x0a, 0x0a, 0x04, 0x44, 0x39, 0x04, 0x12, 0x04, 0x27, 0x19, 0x67, 0x06,
  0x1f, 0xb4, 0x08, 0x0e, 0x08, 0x02, 0x02, 0xfe, 0xdc, 0x0a, 0x32, 0x37,
  0x0c, 0x01, 0x1e, 0x10, 0x3e, 0x3d, 0x17, 0x04, 0x17, 0x35, 0x04, 0x06,
  0x04, 0x02, 0x14, 0xfe, 0xe7, 0xfe, 0x40, 0xfa, 0x23, 0x35, 0x6b, 0x4a,
  0x2f, 0x22, 0x23, 0x0a, 0x08, 0x10, 0x06, 0x13, 0x14, 0x0d, 0x02, 0x33,
  0x39, 0x42, 0xf3, 0x42, 0x0c, 0x11, 0x02, 0x06, 0x06, 0x09, 0x06, 0x10,
  0x04, 0xae, 0xb5, 0x27, 0x1e, 0x35, 0x02, 0x04, 0x02, 0x02, 0x25, 0x23,
  0x06, 0x06, 0x06, 0x02, 0xd7, 0x12, 0x0d, 0x04, 0x04, 0x13, 0x0c, 0xbc,
  0xb9, 0x0a, 0x06, 0x0a, 0x7f, 0x01, 0xd5, 0x01, 0x50, 0x1b, 0x01, 0x02,
  0x04, 0x08, 0x08, 0x08, 0x02, 0xfe, 0xa0, 0x0c, 0x07, 0x00, 0x00, 0x00,
  0x00, 0x03, 0x00, 0x1d, 0xff, 0xf8, 0x05, 0x86, 0x06, 0xf9, 0x00, 0x4e,
  0x00, 0x61, 0x00, 0x6f, 0x00, 0x59, 0x00, 0xb2, 0x4d, 0x00, 0x00, 0x2b,
  0xb1, 0x22, 0x24, 0x33, 0x33, 0xb1, 0x02, 0x06, 0xe9, 0xb3, 0x1d, 0x2b,
  0x43, 0x46, 0x24, 0x17, 0x32, 0xb2, 0x11, 0x02, 0x00, 0x2b, 0xb4, 0x37,
  0x64, 0x22, 0x11, 0x0d, 0x2b, 0xb4, 0x37, 0x0a, 0x00, 0x24, 0x04, 0x2b,
  0x01, 0xb0, 0x70, 0x2f, 0xb1, 0x71, 0x01, 0x2b, 0x00, 0xb1, 0x02, 0x4d,
  0x11, 0x12, 0xb0, 0x23, 0x39, 0xb0, 0x37, 0x11, 0xb4, 0x07, 0x1a, 0x1b,
  0x33, 0x45, 0x24, 0x17, 0x39, 0xb0, 0x64, 0x12, 0xb0, 0x16, 0x39, 0xb0,
  0x11, 0x11, 0xb2, 0x09, 0x15, 0x6d, 0x39, 0x39, 0x39, 0x30, 0x31, 0x37,
  0x36, 0x37, 0x32, 0x37, 0x36, 0x37, 0x36, 0x37, 0x01, 0x27, 0x26, 0x3e,
  0x02, 0x3a, 0x01, 0x3b, 0x01, 0x32, 0x17, 0x1a, 0x01, 0x16, 0x17, 0x16,
  0x17, 0x1e, 0x01, 0x3b, 0x01, 0x32, 0x16, 0x06, 0x23, 0x26, 0x05, 0x22,
  0x27, 0x26, 0x35, 0x34, 0x36, 0x3b, 0x01, 0x3e, 0x01, 0x27, 0x2e, 0x01,
  0x27, 0x2e, 0x01, 0x07, 0x06, 0x27, 0x22, 0x0e, 0x02, 0x07, 0x06, 0x07,
  0x06, 0x15, 0x14, 0x16, 0x17, 0x32, 0x36, 0x17, 0x16, 0x15, 0x06, 0x23,
  0x24, 0x07, 0x23, 0x26, 0x01, 0x13, 0x36, 0x37, 0x3e, 0x01, 0x17, 0x16,
  0x17, 0x13, 0x16, 0x07, 0x06, 0x2f, 0x01, 0x07, 0x06, 0x27, 0x26, 0x13,
  0x06, 0x17, 0x16, 0x37, 0x32, 0x36, 0x27, 0x26, 0x27, 0x2e, 0x01, 0x07,
  0x06, 0x1d, 0x02, 0x12, 0x5a, 0x1b, 0x12, 0x19, 0x02, 0x1d, 0x01, 0x81,
  0x0f, 0x02, 0x06, 0x0d, 0x0e, 0x12, 0x0d, 0x08, 0x08, 0x5c, 0x0d, 0x6a,
  0xaa, 0x5e, 0x0d, 0x29, 0x12, 0x1b, 0x35, 0x43, 0x0f, 0x0c, 0x0a, 0x0a,
  0x0c, 0xec, 0xfe, 0xc9, 0x12, 0x07, 0x02, 0x11, 0x14, 0x60, 0x3d, 0x22,
  0x17, 0x19, 0x5a, 0x18, 0x04, 0x27, 0x0f, 0x6a, 0xd5, 0x08, 0x0f, 0x06,
  0x0c, 0x02, 0x2d, 0x54, 0x12, 0x35, 0x41, 0x08, 0x36, 0x0c, 0x0e, 0x04,
  0x0a, 0xfe, 0xaa, 0x66, 0x17, 0x1f, 0x01, 0xa2, 0xb6, 0x08, 0x13, 0x0c,
  0x79, 0x15, 0x1b, 0x07, 0xb5, 0x0e, 0x10, 0x1d, 0x0c, 0xfa, 0xec, 0x12,
  0x19, 0x0a, 0x69, 0x04, 0x1c, 0x81, 0x77, 0x0a, 0x0a, 0x04, 0x44, 0x39,
  0x02, 0x14, 0x04, 0x27, 0x37, 0x0c, 0x01, 0x1e, 0x14, 0x3a, 0x06, 0x4e,
  0x04, 0x17, 0x35, 0x04, 0x06, 0x04, 0x02, 0x14, 0xfe, 0xe7, 0xfe, 0x40,
  0xfa, 0x23, 0x6a, 0x36, 0x4a, 0x2f, 0x22, 0x23, 0x0a, 0x08, 0x10, 0x06,
  0x13, 0x14, 0x0d, 0x02, 0x33, 0x39, 0x42, 0xf3, 0x42, 0x0c, 0x11, 0x02,
  0x06, 0x06, 0x09, 0x06, 0x12, 0x02, 0x91, 0xd2, 0x2d, 0x18, 0x1b, 0x1a,
  0x02, 0x04, 0x02, 0x02, 0x25, 0x23, 0x06, 0x06, 0x06, 0x05, 0xa2, 0x01,
  0x3f, 0x0c, 0x09, 0x02, 0x02, 0x02, 0x02, 0x13, 0xfe, 0xc9, 0x19, 0x02,
  0x08, 0x0d, 0xd4, 0xd4, 0x10, 0x0d, 0x06, 0xfd, 0x3e, 0x12, 0x0d, 0x04,
  0x04, 0x13, 0x0c, 0xbc, 0xb9, 0x0a, 0x06, 0x0a, 0x7f, 0x00, 0x00, 0x00,
  0x00, 0x03, 0x00, 0x1d, 0xff, 0xf8, 0x05, 0x86, 0x06, 0xb8, 0x00, 0x4d,
  0x00, 0x6c, 0x00, 0x7a, 0x00, 0xb4, 0x00, 0xb2, 0x4c, 0x00, 0x00, 0x2b,
  0xb1, 0x22, 0x24, 0x33, 0x33, 0xb1, 0x02, 0x06, 0xe9, 0xb3, 0x1d, 0x2b,
  0x42, 0x45, 0x24, 0x17, 0x32, 0xb2, 0x11, 0x02, 0x00, 0x2b, 0xb4, 0x37,
  0x6f, 0x22, 0x11, 0x0d, 0x2b, 0xb4, 0x37, 0x0a, 0x00, 0x24, 0x04, 0x2b,
  0xb0, 0x60, 0x2f, 0xb4, 0x54, 0x0a, 0x00, 0x1c, 0x04, 0x2b, 0xb3, 0x64,
  0x54, 0x60, 0x08, 0x2b, 0xb4, 0x50, 0x0a, 0x00, 0x1d, 0x04, 0x2b, 0x01,
  0xb0, 0x7b, 0x2f, 0xb0, 0x4e, 0xd6, 0xb4, 0x6a, 0x0c, 0x00, 0x1e, 0x04,
  0x2b, 0xb0, 0x6a, 0x10, 0xb1, 0x57, 0x01, 0x2b, 0xb4, 0x5d, 0x0c, 0x00,
  0x1e, 0x04, 0x2b, 0xb1, 0x7c, 0x01, 0x2b, 0xb1, 0x6a, 0x4e, 0x11, 0x12,
  0xb0, 0x3d, 0x39, 0xb0, 0x57, 0x11, 0x40, 0x0f, 0x0b, 0x14, 0x24, 0x28,
  0x2c, 0x32, 0x3c, 0x44, 0x47, 0x49, 0x50, 0x09, 0x60, 0x6e, 0x73, 0x24,
  0x17, 0x39, 0xb0, 0x5d, 0x12, 0xb2, 0x2d, 0x30, 0x2f, 0x39, 0x39, 0x39,
  0x00, 0xb1, 0x37, 0x02, 0x11, 0x12, 0xb3, 0x1a, 0x1b, 0x33, 0x44, 0x24,
  0x17, 0x39, 0xb0, 0x6f, 0x11, 0xb0, 0x16, 0x39, 0xb0, 0x11, 0x12, 0xb1,
  0x09, 0x78, 0x39, 0x39, 0xb0, 0x60, 0x11, 0xb0, 0x6c, 0x39, 0xb0, 0x54,
  0x12, 0xb0, 0x67, 0x39, 0x30, 0x31, 0x37, 0x36, 0x37, 0x32, 0x37, 0x36,
  0x37, 0x36, 0x37, 0x01, 0x27, 0x26, 0x3e, 0x02, 0x3a, 0x01, 0x3b, 0x01,
  0x32, 0x17, 0x1a, 0x01, 0x16, 0x17, 0x16, 0x17, 0x1e, 0x01, 0x3b, 0x01,
  0x32, 0x16, 0x06, 0x23, 0x26, 0x05, 0x22, 0x27, 0x26, 0x35, 0x34, 0x36,
  0x3b, 0x01, 0x3e, 0x01, 0x27, 0x2e, 0x01, 0x27, 0x2e, 0x01, 0x07, 0x06,
  0x27, 0x22, 0x0e, 0x02, 0x07, 0x06, 0x07, 0x06, 0x15, 0x14, 0x17, 0x32,
  0x36, 0x17, 0x16, 0x15, 0x06, 0x23, 0x24, 0x07, 0x23, 0x26, 0x01, 0x12,
  0x33, 0x32, 0x17, 0x16, 0x33, 0x32, 0x36, 0x37, 0x34, 0x33, 0x36, 0x07,
  0x16, 0x15, 0x14, 0x06, 0x23, 0x22, 0x27, 0x26, 0x27, 0x22, 0x06, 0x07,
  0x14, 0x06, 0x07, 0x0e, 0x01, 0x13, 0x06, 0x17, 0x16, 0x37, 0x32, 0x36,
  0x27, 0x26, 0x27, 0x2e, 0x01, 0x07, 0x06, 0x1d, 0x02, 0x10, 0x5c, 0x1b,
  0x0e, 0x1b, 0x19, 0x08, 0x01, 0x81, 0x0f, 0x02, 0x06, 0x0d, 0x0e, 0x12,
  0x0d, 0x08, 0x06, 0x5c, 0x0f, 0x6a, 0xaa, 0x5e, 0x0d, 0x14, 0x25, 0x1b,
  0x37, 0x43, 0x0f, 0x0c, 0x0a, 0x0a, 0x0c, 0xec, 0xfe, 0xc7, 0x10, 0x07,
  0x02, 0x11, 0x14, 0x5e, 0x3f, 0x22, 0x17, 0x19, 0x5a, 0x18, 0x04, 0x27,
  0x0f, 0x6d, 0xd2, 0x0a, 0x0d, 0x08, 0x0a, 0x02, 0x35, 0x4e, 0x10, 0x74,
  0x0e, 0x2c, 0x12, 0x0e, 0x04, 0x0c, 0xfe, 0xac, 0x66, 0x17, 0x1f, 0x01,
  0x65, 0x0c, 0xbc, 0x52, 0x77, 0x52, 0x27, 0x23, 0x23, 0x0c, 0x1b, 0x19,
  0x01, 0x04, 0x72, 0x59, 0x52, 0x74, 0x54, 0x25, 0x1f, 0x21, 0x0c, 0x04,
  0x02, 0x06, 0x2d, 0x9e, 0x04, 0x1c, 0x81, 0x77, 0x0a, 0x0a, 0x04, 0x44,
  0x39, 0x04, 0x12, 0x04, 0x27, 0x37, 0x0c, 0x01, 0x1e, 0x10, 0x3e, 0x3d,
  0x17, 0x04, 0x17, 0x35, 0x04, 0x06, 0x04, 0x02, 0x14, 0xfe, 0xe7, 0xfe,
  0x40, 0xfa, 0x23, 0x35, 0x6b, 0x4a, 0x2f, 0x22, 0x23, 0x0a, 0x08, 0x10,
  0x06, 0x13, 0x14, 0x0d, 0x02, 0x33, 0x39, 0x42, 0xf3, 0x42, 0x0c, 0x11,
  0x02, 0x06, 0x06, 0x09, 0x06, 0x10, 0x04, 0xae, 0xb5, 0x27, 0x1e, 0x35,
  0x02, 0x04, 0x02, 0x02, 0x25, 0x23, 0x06, 0x06, 0x06, 0x05, 0x9a, 0x01,
  0x14, 0x52, 0x37, 0x37, 0x50, 0x0c, 0x04, 0x10, 0x0d, 0x0e, 0x6f, 0x8f,
  0x50, 0x3b, 0x01, 0x29, 0x38, 0x04, 0x16, 0x0a, 0x0e, 0x05, 0xfd, 0x50,
  0x12, 0x0d, 0x04, 0x04, 0x13, 0x0c, 0xbc, 0xb9, 0x0a, 0x06, 0x0a, 0x7f,
  0x00, 0x04, 0x00, 0x1d, 0xff, 0xf8, 0x05, 0x86, 0x06, 0x98, 0x00, 0x4d,
  0x00, 0x55, 0x00, 0x63, 0x00, 0x6d, 0x00, 0xa2, 0x00, 0xb2, 0x4c, 0x00,
  0x00, 0x2b, 0xb1, 0x22, 0x24, 0x33, 0x33, 0xb1, 0x02, 0x06, 0xe9, 0xb3,
  0x1d, 0x2b, 0x42, 0x45, 0x24, 0x17, 0x32, 0xb2, 0x11, 0x02, 0x00, 0x2b,
  0xb4, 0x37, 0x58, 0x22, 0x11, 0x0d, 0x2b, 0xb4, 0x37, 0x0a, 0x00, 0x24,
  0x04, 0x2b, 0xb0, 0x6c, 0x2f, 0xb0, 0x54, 0x33, 0xb4, 0x67, 0x0a, 0x00,
  0x11, 0x04, 0x2b, 0xb0, 0x50, 0x32, 0x01, 0xb0, 0x6e, 0x2f, 0xb0, 0x4f,
  0xd6, 0xb4, 0x53, 0x0f, 0x00, 0x19, 0x04, 0x2b, 0xb0, 0x53, 0x10, 0xb1,
  0x65, 0x01, 0x2b, 0xb4, 0x6a, 0x0f, 0x00, 0x19, 0x04, 0x2b, 0xb1, 0x6f,
  0x01, 0x2b, 0xb1, 0x53, 0x4f, 0x11, 0x12, 0x40, 0x0b, 0x0b, 0x0f, 0x37,
  0x3c, 0x44, 0x47, 0x49, 0x09, 0x63, 0x57, 0x58, 0x24, 0x17, 0x39, 0xb0,
  0x65, 0x11, 0xb2, 0x36, 0x5e, 0x62, 0x39, 0x39, 0x39, 0xb0, 0x6a, 0x12,
  0xb7, 0x14, 0x24, 0x2d, 0x2f, 0x35, 0x5c, 0x5d, 0x28, 0x24, 0x17, 0x39,
  0x00, 0xb1, 0x37, 0x02, 0x11, 0x12, 0xb3, 0x1a, 0x1b, 0x33, 0x44, 0x24,
  0x17, 0x39, 0xb1, 0x11, 0x4c, 0x11, 0x12, 0xb1, 0x23, 0x61, 0x39, 0x39,
  0x30, 0x31, 0x37, 0x36, 0x37, 0x32, 0x37, 0x36, 0x37, 0x36, 0x37, 0x01,
  0x27, 0x26, 0x3e, 0x02, 0x3a, 0x01, 0x3b, 0x01, 0x32, 0x17, 0x1a, 0x01,
  0x16, 0x17, 0x16, 0x17, 0x1e, 0x01, 0x3b, 0x01, 0x32, 0x16, 0x06, 0x23,
  0x26, 0x05, 0x22, 0x27, 0x26, 0x35, 0x34, 0x36, 0x3b, 0x01, 0x3e, 0x01,
  0x27, 0x2e, 0x01, 0x27, 0x2e, 0x01, 0x07, 0x06, 0x27, 0x22, 0x0e, 0x02,
  0x07, 0x06, 0x07, 0x06, 0x15, 0x14, 0x17, 0x32, 0x36, 0x17, 0x16, 0x15,
  0x06, 0x23, 0x24, 0x07, 0x23, 0x26, 0x00, 0x34, 0x36, 0x32, 0x16, 0x14,
  0x06, 0x22, 0x13, 0x06, 0x17, 0x16, 0x37, 0x32, 0x36, 0x27, 0x26, 0x27,
  0x2e, 0x01, 0x07, 0x06, 0x12, 0x34, 0x36, 0x33, 0x32, 0x16, 0x14, 0x06,
  0x23, 0x22, 0x1d, 0x02, 0x10, 0x5c, 0x1b, 0x0e, 0x1b, 0x19, 0x08, 0x01,
  0x81, 0x0f, 0x02, 0x06, 0x0d, 0x0e, 0x12, 0x0d, 0x08, 0x06, 0x5c, 0x0f,
  0x6a, 0xaa, 0x5e, 0x0d, 0x14, 0x25, 0x1b, 0x37, 0x43, 0x0f, 0x0c, 0x0a,
  0x0a, 0x0c, 0xec, 0xfe, 0xc7, 0x10, 0x07, 0x02, 0x11, 0x14, 0x5e, 0x3f,
  0x22, 0x17, 0x19, 0x5a, 0x18, 0x04, 0x27, 0x0f, 0x6d, 0xd2, 0x0a, 0x0d,
  0x08, 0x0a, 0x02, 0x35, 0x4e, 0x10, 0x74, 0x0e, 0x2c, 0x12, 0x0e, 0x04,
  0x0c, 0xfe, 0xac, 0x66, 0x17, 0x1f, 0x01, 0x96, 0x48, 0x66, 0x4a, 0x4a,
  0x66, 0x29, 0x04, 0x1c, 0x81, 0x77, 0x0a, 0x0a, 0x04, 0x44, 0x39, 0x04,
  0x12, 0x04, 0x27, 0x97, 0x48, 0x33, 0x35, 0x48, 0x47, 0x36, 0x33, 0x37,
  0x0c, 0x01, 0x1e, 0x10, 0x3e, 0x3d, 0x17, 0x04, 0x17, 0x35, 0x04, 0x06,
  0x04, 0x02, 0x14, 0xfe, 0xe7, 0xfe, 0x40, 0xfa, 0x23, 0x35, 0x6b, 0x4a,
  0x2f, 0x22, 0x23, 0x0a, 0x08, 0x10, 0x06, 0x13, 0x14, 0x0d, 0x02, 0x33,
  0x39, 0x42, 0xf3, 0x42, 0x0c, 0x11, 0x02, 0x06, 0x06, 0x09, 0x06, 0x10,
  0x04, 0xae, 0xb5, 0x27, 0x1e, 0x35, 0x02, 0x04, 0x02, 0x02, 0x25, 0x23,
  0x06, 0x06, 0x06, 0x05, 0xe9, 0x67, 0x48, 0x48, 0x67, 0x47, 0xfd, 0x35,
  0x12, 0x0d, 0x04, 0x04, 0x13, 0x0c, 0xbc, 0xb9, 0x0a, 0x06, 0x0a, 0x7f,
  0x02, 0x16, 0x67, 0x48, 0x48, 0x67, 0x47, 0x00, 0x00, 0x04, 0x00, 0x1d,
  0xff, 0xf8, 0x05, 0x86, 0x07, 0x2b, 0x00, 0x4d, 0x00, 0x57, 0x00, 0x65,
  0x00, 0x6f, 0x00, 0xb0, 0x00, 0xb2, 0x4c, 0x00, 0x00, 0x2b, 0xb1, 0x22,
  0x24, 0x33, 0x33, 0xb1, 0x02, 0x06, 0xe9, 0xb3, 0x1d, 0x2b, 0x42, 0x45,
  0x24, 0x17, 0x32, 0xb2, 0x11, 0x02, 0x00, 0x2b, 0xb4, 0x37, 0x5a, 0x22,
  0x11, 0x0d, 0x2b, 0xb4, 0x37, 0x0a, 0x00, 0x24, 0x04, 0x2b, 0xb0, 0x56,
  0x2f, 0xb1, 0x69, 0x09, 0xe9, 0xb0, 0x6e, 0x2f, 0xb1, 0x51, 0x09, 0xe9,
  0x01, 0xb0, 0x70, 0x2f, 0xb0, 0x4f, 0xd6, 0xb4, 0x67, 0x0c, 0x00, 0x40,
  0x04, 0x2b, 0xb0, 0x67, 0x10, 0xb1, 0x6c, 0x01, 0x2b, 0xb0, 0x28, 0x32,
  0xb4, 0x54, 0x0c, 0x00, 0x51, 0x04, 0x2b, 0xb1, 0x71, 0x01, 0x2b, 0xb1,
  0x67, 0x4f, 0x11, 0x12, 0xb5, 0x37, 0x49, 0x47, 0x58, 0x59, 0x5a, 0x24,
  0x17, 0x39, 0xb0, 0x6c, 0x11, 0xb7, 0x0b, 0x14, 0x09, 0x36, 0x51, 0x56,
  0x65, 0x5f, 0x24, 0x17, 0x39, 0xb0, 0x54, 0x12, 0xb4, 0x24, 0x32, 0x35,
  0x2b, 0x5e, 0x24, 0x17, 0x39, 0x00, 0xb1, 0x37, 0x02, 0x11, 0x12, 0xb3,
  0x1a, 0x1b, 0x33, 0x44, 0x24, 0x17, 0x39, 0xb0, 0x5a, 0x11, 0xb0, 0x16,
  0x39, 0xb0, 0x11, 0x12, 0xb1, 0x09, 0x63, 0x39, 0x39, 0xb1, 0x6e, 0x69,
  0x11, 0x12, 0xb3, 0x4f, 0x53, 0x54, 0x4e, 0x24, 0x17, 0x39, 0x30, 0x31,
  0x37, 0x36, 0x37, 0x32, 0x37, 0x36, 0x37, 0x36, 0x37, 0x01, 0x27, 0x26,
  0x3e, 0x02, 0x3a, 0x01, 0x3b, 0x01, 0x32, 0x17, 0x1a, 0x01, 0x16, 0x17,
  0x16, 0x17, 0x1e, 0x01, 0x3b, 0x01, 0x32, 0x16, 0x06, 0x23, 0x26, 0x05,
  0x22, 0x27, 0x26, 0x35, 0x34, 0x36, 0x3b, 0x01, 0x3e, 0x01, 0x27, 0x2e,
  0x01, 0x27, 0x2e, 0x01, 0x07, 0x06, 0x27, 0x22, 0x0e, 0x02, 0x07, 0x06,
  0x07, 0x06, 0x15, 0x14, 0x17, 0x32, 0x36, 0x17, 0x16, 0x15, 0x06, 0x23,
  0x24, 0x07, 0x23, 0x26, 0x00, 0x34, 0x36, 0x33, 0x32, 0x16, 0x14, 0x06,
  0x23, 0x22, 0x03, 0x06, 0x17, 0x16, 0x37, 0x32, 0x36, 0x27, 0x26, 0x27,
  0x2e, 0x01, 0x07, 0x06, 0x02, 0x14, 0x16, 0x33, 0x32, 0x36, 0x34, 0x26,
  0x23, 0x22, 0x1d, 0x02, 0x10, 0x5c, 0x1b, 0x0e, 0x1b, 0x19, 0x08, 0x01,
  0x81, 0x0f, 0x02, 0x06, 0x0d, 0x0e, 0x12, 0x0d, 0x08, 0x06, 0x5c, 0x0f,
  0x6a, 0xaa, 0x5e, 0x0d, 0x14, 0x25, 0x1b, 0x37, 0x43, 0x0f, 0x0c, 0x0a,
  0x0a, 0x0c, 0xec, 0xfe, 0xc7, 0x10, 0x07, 0x02, 0x11, 0x14, 0x5e, 0x3f,
  0x22, 0x17, 0x19, 0x5a, 0x18, 0x04, 0x27, 0x0f, 0x6d, 0xd2, 0x0a, 0x0d,
  0x08, 0x0a, 0x02, 0x35, 0x4e, 0x10, 0x74, 0x0e, 0x2c, 0x12, 0x0e, 0x04,
  0x0c, 0xfe, 0xac, 0x66, 0x17, 0x1f, 0x01, 0xe8, 0x7b, 0x58, 0x54, 0x7b,
  0x7b, 0x54, 0x58, 0x5c, 0x04, 0x1c, 0x81, 0x77, 0x0a, 0x0a, 0x04, 0x44,
  0x39, 0x04, 0x12, 0x04, 0x27, 0x21, 0x44, 0x2f, 0x2d, 0x41, 0x41, 0x2d,
  0x2f, 0x37, 0x0c, 0x01, 0x1e, 0x10, 0x3e, 0x3d, 0x17, 0x04, 0x17, 0x35,
  0x04, 0x06, 0x04, 0x02, 0x14, 0xfe, 0xe7, 0xfe, 0x40, 0xfa, 0x23, 0x35,
  0x6b, 0x4a, 0x2f, 0x22, 0x23, 0x0a, 0x08, 0x10, 0x06, 0x13, 0x14, 0x0d,
  0x02, 0x33, 0x39, 0x42, 0xf3, 0x42, 0x0c, 0x11, 0x02, 0x06, 0x06, 0x09,
  0x06, 0x10, 0x04, 0xae, 0xb5, 0x27, 0x1e, 0x35, 0x02, 0x04, 0x02, 0x02,
  0x25, 0x23, 0x06, 0x06, 0x06, 0x06, 0x00, 0xb0, 0x7b, 0x7b, 0xb0, 0x7b,
  0xfd, 0x52, 0x12, 0x0d, 0x04, 0x04, 0x13, 0x0c, 0xbc, 0xb9, 0x0a, 0x06,
  0x0a, 0x7f, 0x02, 0xb4, 0x5e, 0x44, 0x44, 0x5e, 0x44, 0x00, 0x00, 0x00,
  0x00, 0x02, 0xff, 0x8d, 0xff, 0xf4, 0x06, 0xfe, 0x05, 0x44, 0x00, 0x87,
  0x00, 0x94, 0x00, 0xfb, 0x00, 0xb2, 0x38, 0x01, 0x00, 0x2b, 0xb2, 0x66,
  0x00, 0x00, 0x2b, 0xb0, 0x83, 0x33, 0xb1, 0x50, 0x09, 0xe9, 0xb2, 0x85,
  0x00, 0x00, 0x2b, 0xb0, 0x81, 0x33, 0xb1, 0x02, 0x05, 0xe9, 0xb1, 0x6c,
  0x7b, 0x32, 0x32, 0xb2, 0x15, 0x02, 0x00, 0x2b, 0xb0, 0x12, 0x33, 0xb1,
  0x2a, 0x09, 0xe9, 0xb2, 0x13, 0x02, 0x00, 0x2b, 0xb0, 0x16, 0x33, 0xb1,
  0x0e, 0x07, 0xe9, 0xb2, 0x2a, 0x15, 0x0a, 0x2b, 0xb3, 0x40, 0x2a, 0x1f,
  0x09, 0x2b, 0xb4, 0x8b, 0x74, 0x85, 0x38, 0x0d, 0x2b, 0xb1, 0x8b, 0x0a,
  0xe9, 0xb4, 0x2f, 0x4a, 0x85, 0x38, 0x0d, 0x2b, 0xb1, 0x2f, 0x0a, 0xe9,
  0x01, 0xb0, 0x95, 0x2f, 0xb0, 0x70, 0xd6, 0xb0, 0x8e, 0x32, 0xb1, 0x4d,
  0x0b, 0xe9, 0xb0, 0x2c, 0x32, 0xb2, 0x70, 0x4d, 0x0a, 0x2b, 0xb3, 0x40,
  0x70, 0x69, 0x09, 0x2b, 0xb0, 0x4d, 0x10, 0xb1, 0x46, 0x01, 0x2b, 0xb4,
  0x40, 0x0c, 0x00, 0x2f, 0x04, 0x2b, 0xb0, 0x40, 0x10, 0xb1, 0x25, 0x01,
  0x2b, 0xb4, 0x1c, 0x0c, 0x00, 0x2f, 0x04, 0x2b, 0xb0, 0x1c, 0x10, 0xb1,
  0x57, 0x01, 0x2b, 0xb0, 0x5a, 0x32, 0xb4, 0x62, 0x0c, 0x00, 0x2f, 0x04,
  0x2b, 0xb1, 0x96, 0x01, 0x2b, 0xb1, 0x46, 0x4d, 0x11, 0x12, 0xb0, 0x36,
  0x39, 0xb0, 0x40, 0x11, 0xb2, 0x37, 0x15, 0x42, 0x39, 0x39, 0x39, 0xb0,
  0x25, 0x12, 0xb0, 0x26, 0x39, 0xb0, 0x1c, 0x11, 0xb0, 0x18, 0x39, 0x00,
  0xb1, 0x50, 0x02, 0x11, 0x12, 0xb0, 0x03, 0x39, 0xb0, 0x74, 0x11, 0xb5,
  0x40, 0x46, 0x43, 0x5f, 0x60, 0x79, 0x24, 0x17, 0x39, 0xb0, 0x8b, 0x12,
  0xb0, 0x47, 0x39, 0xb1, 0x2a, 0x38, 0x11, 0x12, 0xb2, 0x1a, 0x0a, 0x92,
  0x39, 0x39, 0x39, 0xb1, 0x15, 0x85, 0x11, 0x12, 0xb1, 0x18, 0x6e, 0x39,
  0x39, 0x30, 0x31, 0x26, 0x36, 0x37, 0x3e, 0x01, 0x37, 0x01, 0x36, 0x37,
  0x36, 0x35, 0x34, 0x26, 0x23, 0x22, 0x26, 0x3f, 0x01, 0x36, 0x37, 0x16,
  0x24, 0x17, 0x32, 0x17, 0x1e, 0x01, 0x17, 0x15, 0x14, 0x2b, 0x01, 0x22,
  0x2e, 0x03, 0x35, 0x2e, 0x01, 0x2b, 0x01, 0x21, 0x22, 0x07, 0x11, 0x14,
  0x33, 0x37, 0x32, 0x37, 0x36, 0x37, 0x36, 0x37, 0x36, 0x17, 0x3a, 0x01,
  0x3b, 0x01, 0x32, 0x17, 0x10, 0x17, 0x16, 0x23, 0x06, 0x27, 0x22, 0x27,
  0x2e, 0x01, 0x0f, 0x01, 0x22, 0x15, 0x11, 0x14, 0x16, 0x33, 0x16, 0x37,
  0x3e, 0x01, 0x37, 0x36, 0x37, 0x34, 0x36, 0x37, 0x35, 0x34, 0x33, 0x34,
  0x3b, 0x01, 0x32, 0x15, 0x06, 0x07, 0x06, 0x23, 0x21, 0x22, 0x37, 0x35,
  0x34, 0x1f, 0x01, 0x16, 0x3f, 0x01, 0x35, 0x34, 0x23, 0x21, 0x22, 0x07,
  0x03, 0x06, 0x15, 0x14, 0x17, 0x32, 0x15, 0x17, 0x16, 0x06, 0x23, 0x22,
  0x26, 0x22, 0x07, 0x22, 0x27, 0x01, 0x06, 0x16, 0x33, 0x21, 0x32, 0x35,
  0x11, 0x34, 0x27, 0x26, 0x07, 0x06, 0x77, 0x08, 0x1d, 0x44, 0x58, 0x41,
  0x01, 0xfe, 0x35, 0x05, 0x08, 0x27, 0x44, 0x10, 0x0e, 0x02, 0x02, 0x04,
  0x16, 0x91, 0x03, 0x2a, 0x4b, 0x33, 0x01, 0x02, 0x0e, 0x02, 0x0a, 0x1f,
  0x06, 0x0a, 0x06, 0x05, 0x04, 0x14, 0x33, 0x2d, 0x3a, 0xfe, 0xbd, 0x33,
  0x01, 0x2e, 0xed, 0x25, 0x29, 0x1f, 0x10, 0x1f, 0x10, 0x06, 0x11, 0x04,
  0x0c, 0x06, 0x06, 0x12, 0x01, 0x02, 0x02, 0x13, 0x10, 0x12, 0x10, 0x03,
  0x0c, 0x39, 0x65, 0xf8, 0x27, 0x36, 0x62, 0x2d, 0xa8, 0x64, 0x44, 0x1f,
  0x2f, 0x16, 0x02, 0x02, 0x02, 0x11, 0x1a, 0x15, 0x02, 0x19, 0x02, 0x39,
  0xfb, 0xdd, 0x21, 0x02, 0x30, 0x3f, 0xa0, 0x02, 0x02, 0x1d, 0xfe, 0x75,
  0x1b, 0x0e, 0xa6, 0x2f, 0x83, 0x19, 0x02, 0x02, 0x0d, 0x0e, 0x21, 0xc0,
  0xa0, 0x2f, 0x14, 0x03, 0x02, 0x73, 0x08, 0x12, 0x17, 0x01, 0x31, 0x23,
  0x0c, 0x06, 0x09, 0x8f, 0x27, 0x12, 0x02, 0x08, 0x4c, 0x6d, 0x03, 0x54,
  0x58, 0x0a, 0x0e, 0x13, 0x1d, 0x14, 0x06, 0x0a, 0x1d, 0x12, 0x01, 0x04,
  0x06, 0x02, 0x19, 0x29, 0xc3, 0x1c, 0x13, 0x08, 0x06, 0x0f, 0x08, 0x12,
  0x02, 0x60, 0x46, 0x25, 0xfe, 0x4e, 0x21, 0x05, 0x04, 0x02, 0x0c, 0x17,
  0x5c, 0x17, 0x01, 0x1f, 0xfe, 0xbe, 0x2e, 0x1d, 0x06, 0x04, 0x19, 0x64,
  0x2f, 0x02, 0x04, 0x35, 0xfe, 0xaa, 0x68, 0x30, 0x04, 0x04, 0x04, 0x15,
  0x27, 0x3d, 0x58, 0x02, 0x0a, 0x02, 0x05, 0x04, 0x06, 0x27, 0x2f, 0xdb,
  0x25, 0x16, 0x15, 0x1d, 0x01, 0x02, 0x06, 0x94, 0x49, 0xcf, 0x25, 0x18,
  0xfe, 0xef, 0x4e, 0x1e, 0x39, 0x01, 0x12, 0x1d, 0x0c, 0x0a, 0x04, 0x04,
  0x18, 0x02, 0x7f, 0x0a, 0x12, 0x37, 0x02, 0x04, 0x21, 0x0a, 0x04, 0x0c,
  0xdb, 0x00, 0x00, 0x00, 0x00, 0x01, 0x00, 0x73, 0xfe, 0x02, 0x05, 0x98,
  0x05, 0x52, 0x00, 0x4f, 0x00, 0xa8, 0x00, 0xb2, 0x4d, 0x00, 0x00, 0x2b,
  0xb0, 0x2c, 0x33, 0xb1, 0x1b, 0x04, 0xe9, 0xb2, 0x03, 0x02, 0x00, 0x2b,
  0xb1, 0x15, 0x04, 0xe9, 0xb0, 0x38, 0x2f, 0xb1, 0x42, 0x07, 0xe9, 0x01,
  0xb0, 0x50, 0x2f, 0xb0, 0x00, 0xd6, 0xb1, 0x18, 0x0f, 0xe9, 0xb0, 0x18,
  0x10, 0xb1, 0x45, 0x01, 0x2b, 0xb1, 0x35, 0x0c, 0xe9, 0xb0, 0x35, 0x10,
  0xb1, 0x12, 0x01, 0x2b, 0xb4, 0x0f, 0x0c, 0x00, 0x1e, 0x04, 0x2b, 0xb1,
  0x51, 0x01, 0x2b, 0xb1, 0x45, 0x18, 0x11, 0x12, 0xb5, 0x2f, 0x32, 0x38,
  0x3b, 0x4b, 0x4d, 0x24, 0x17, 0x39, 0xb0, 0x35, 0x11, 0xb4, 0x03, 0x1b,
  0x2c, 0x33, 0x15, 0x24, 0x17, 0x39, 0xb0, 0x12, 0x12, 0xb4, 0x07, 0x05,
  0x13, 0x26, 0x2a, 0x24, 0x17, 0x39, 0xb0, 0x0f, 0x11, 0xb2, 0x09, 0x08,
  0x20, 0x39, 0x39, 0x39, 0x00, 0xb1, 0x42, 0x38, 0x11, 0x12, 0xb0, 0x3e,
  0x39, 0xb0, 0x4d, 0x11, 0xb1, 0x35, 0x3f, 0x39, 0x39, 0xb0, 0x1b, 0x12,
  0xb1, 0x26, 0x28, 0x39, 0x39, 0xb0, 0x15, 0x11, 0xb4, 0x00, 0x0e, 0x11,
  0x06, 0x21, 0x24, 0x17, 0x39, 0xb0, 0x03, 0x12, 0xb3, 0x05, 0x07, 0x08,
  0x09, 0x24, 0x17, 0x39, 0x30, 0x31, 0x13, 0x10, 0x00, 0x21, 0x32, 0x17,
  0x16, 0x37, 0x36, 0x32, 0x17, 0x16, 0x07, 0x14, 0x06, 0x17, 0x0e, 0x01,
  0x27, 0x2e, 0x01, 0x23, 0x22, 0x00, 0x11, 0x10, 0x00, 0x33, 0x32, 0x37,
  0x3e, 0x01, 0x37, 0x36, 0x17, 0x16, 0x07, 0x06, 0x07, 0x26, 0x23, 0x22,
  0x07, 0x06, 0x23, 0x07, 0x06, 0x15, 0x1e, 0x01, 0x33, 0x1e, 0x01, 0x15,
  0x14, 0x06, 0x23, 0x22, 0x27, 0x26, 0x37, 0x36, 0x37, 0x36, 0x17, 0x16,
  0x17, 0x32, 0x36, 0x35, 0x34, 0x07, 0x22, 0x07, 0x06, 0x26, 0x37, 0x13,
  0x24, 0x00, 0x73, 0x01, 0xa1, 0x01, 0x50, 0x93, 0xbd, 0x48, 0x1d, 0x08,
  0x27, 0x02, 0x19, 0x05, 0x04, 0x02, 0x04, 0x31, 0x08, 0x35, 0xdc, 0x9d,
  0xf8, 0xfe, 0xdd, 0x01, 0x40, 0xf7, 0xb6, 0x98, 0x29, 0x2b, 0x27, 0x04,
  0x27, 0x19, 0x02, 0x31, 0x5f, 0x1b, 0x14, 0x3d, 0x63, 0x5e, 0x85, 0x35,
  0x04, 0x02, 0x08, 0x02, 0x3b, 0x4e, 0x70, 0x50, 0x2f, 0x27, 0x17, 0x0e,
  0x06, 0x03, 0x04, 0x0e, 0x1f, 0x0e, 0x2b, 0x3c, 0x3a, 0x1d, 0x64, 0x08,
  0x0e, 0x06, 0xa6, 0xfe, 0xcf, 0xfe, 0x87, 0x02, 0x89, 0x01, 0x3b, 0x01,
  0x8e, 0x46, 0x1b, 0x17, 0x06, 0x08, 0x68, 0x50, 0x12, 0x55, 0x16, 0x12,
  0x0b, 0x0d, 0x9a, 0xab, 0xfe, 0xbd, 0xfe, 0xf1, 0xfe, 0xe9, 0xfe, 0x90,
  0x87, 0x25, 0x39, 0x46, 0x12, 0x04, 0x04, 0x0c, 0xaa, 0x9e, 0x06, 0x1e,
  0x1d, 0x62, 0x08, 0x05, 0x02, 0x02, 0x08, 0x5c, 0x3f, 0x50, 0x71, 0x0e,
  0x08, 0x17, 0x0c, 0x02, 0x0c, 0x03, 0x06, 0x01, 0x3a, 0x27, 0x4a, 0x01,
  0x33, 0x04, 0x06, 0x0b, 0x01, 0x18, 0x0e, 0x01, 0x7f, 0x00, 0x00, 0x00,
  0x00, 0x02, 0x00, 0x32, 0xff, 0xfa, 0x04, 0xa2, 0x07, 0x0c, 0x00, 0x5a,
  0x00, 0x67, 0x00, 0xb8, 0x00, 0xb2, 0x58, 0x00, 0x00, 0x2b, 0xb1, 0x02,
  0x04, 0xe9, 0xb1, 0x46, 0x09, 0xe9, 0xb2, 0x16, 0x02, 0x00, 0x2b, 0xb1,
  0x27, 0x08, 0xe9, 0xb2, 0x16, 0x02, 0x00, 0x2b, 0xb1, 0x0a, 0x05, 0xe9,
  0xb4, 0x2e, 0x40, 0x58, 0x16, 0x0d, 0x2b, 0xb1, 0x2e, 0x09, 0xe9, 0x01,
  0xb0, 0x68, 0x2f, 0xb0, 0x06, 0xd6, 0xb1, 0x43, 0x0b, 0xe9, 0xb0, 0x2a,
  0x32, 0xb0, 0x43, 0x10, 0xb1, 0x66, 0x01, 0x2b, 0xb4, 0x63, 0x0c, 0x00,
  0x1e, 0x04, 0x2b, 0xb0, 0x63, 0x10, 0xb1, 0x3c, 0x01, 0x2b, 0xb0, 0x32,
  0x32, 0xb4, 0x38, 0x0c, 0x00, 0x1e, 0x04, 0x2b, 0xb0, 0x38, 0x10, 0xb1,
  0x22, 0x01, 0x2b, 0xb4, 0x1e, 0x0c, 0x00, 0x1e, 0x04, 0x2b, 0xb0, 0x1e,
  0x10, 0xb1, 0x4c, 0x01, 0x2b, 0xb4, 0x50, 0x0c, 0x00, 0x1e, 0x04, 0x2b,
  0xb1, 0x69, 0x01, 0x2b, 0xb1, 0x66, 0x43, 0x11, 0x12, 0xb1, 0x40, 0x67,
  0x39, 0x39, 0xb1, 0x3c, 0x63, 0x11, 0x12, 0xb0, 0x3d, 0x39, 0xb0, 0x38,
  0x11, 0xb0, 0x23, 0x39, 0xb1, 0x1e, 0x22, 0x11, 0x12, 0xb2, 0x19, 0x1a,
  0x56, 0x39, 0x39, 0x39, 0x00, 0xb1, 0x40, 0x46, 0x11, 0x12, 0xb3, 0x3a,
  0x3b, 0x4f, 0x50, 0x24, 0x17, 0x39, 0xb1, 0x27, 0x2e, 0x11, 0x12, 0xb2,
  0x1d, 0x1f, 0x33, 0x39, 0x39, 0x39, 0x30, 0x31, 0x3e, 0x02, 0x33, 0x3e,
  0x01, 0x35, 0x11, 0x34, 0x26, 0x23, 0x2a, 0x03, 0x2e, 0x02, 0x27, 0x26,
  0x37, 0x36, 0x33, 0x24, 0x17, 0x32, 0x07, 0x1e, 0x02, 0x17, 0x06, 0x27,
  0x26, 0x27, 0x2e, 0x01, 0x27, 0x26, 0x07, 0x22, 0x06, 0x15, 0x11, 0x14,
  0x16, 0x3b, 0x01, 0x32, 0x36, 0x37, 0x36, 0x17, 0x16, 0x17, 0x16, 0x03,
  0x14, 0x07, 0x06, 0x27, 0x2e, 0x01, 0x2b, 0x01, 0x06, 0x15, 0x11, 0x14,
  0x16, 0x3b, 0x01, 0x32, 0x36, 0x37, 0x36, 0x37, 0x36, 0x37, 0x36, 0x17,
  0x14, 0x0e, 0x01, 0x07, 0x06, 0x23, 0x20, 0x05, 0x26, 0x27, 0x01, 0x26,
  0x36, 0x33, 0x37, 0x32, 0x17, 0x16, 0x17, 0x14, 0x06, 0x27, 0x26, 0x2d,
  0x0a, 0x1d, 0x4a, 0x64, 0x33, 0x33, 0x6c, 0x04, 0x0b, 0x08, 0x0a, 0x06,
  0x09, 0x08, 0x02, 0x06, 0x0e, 0x06, 0x1d, 0x02, 0x9e, 0xf4, 0x27, 0x01,
  0x08, 0x07, 0x02, 0x02, 0x04, 0x2d, 0x0e, 0x01, 0x14, 0x4a, 0x7f, 0xc5,
  0x4d, 0x0c, 0x1b, 0x12, 0x0b, 0xf1, 0x79, 0x35, 0x0f, 0x04, 0x29, 0x0a,
  0x06, 0x04, 0x06, 0x19, 0x23, 0x01, 0x10, 0x38, 0x79, 0xeb, 0x1d, 0x2b,
  0x6f, 0xa3, 0x73, 0x50, 0x1b, 0x31, 0x1a, 0x04, 0x11, 0x25, 0x06, 0x0c,
  0x0f, 0x02, 0x04, 0x4e, 0xfd, 0x27, 0xfe, 0xf2, 0x14, 0x05, 0x01, 0x73,
  0x08, 0x14, 0x13, 0x9d, 0x1d, 0x0a, 0x42, 0x23, 0x29, 0x0b, 0x73, 0x16,
  0x2e, 0x04, 0x04, 0x43, 0x83, 0x03, 0x0b, 0x83, 0x4c, 0x02, 0x04, 0x08,
  0x04, 0x0c, 0x1f, 0x0a, 0x04, 0x04, 0x14, 0x42, 0x6e, 0x58, 0x11, 0x14,
  0x0e, 0x02, 0x15, 0x7d, 0x3f, 0x02, 0x06, 0x04, 0x21, 0x0c, 0xfe, 0x62,
  0x10, 0x1b, 0x29, 0x6f, 0x0e, 0x04, 0x02, 0x1d, 0x64, 0xfe, 0xf8, 0x1b,
  0x02, 0x04, 0x0e, 0x6a, 0x2e, 0x04, 0x1b, 0xfe, 0xa8, 0x77, 0x2f, 0x13,
  0x1e, 0x3b, 0x6b, 0x12, 0x05, 0x04, 0x0c, 0x42, 0x75, 0x6c, 0x0a, 0x1d,
  0x02, 0x04, 0x0a, 0x06, 0xdb, 0x0a, 0x1d, 0x02, 0x10, 0xb8, 0x96, 0x12,
  0x09, 0x0d, 0x98, 0x00, 0x00, 0x02, 0x00, 0x32, 0xff, 0xfa, 0x04, 0xa2,
  0x07, 0x14, 0x00, 0x5a, 0x00, 0x69, 0x00, 0xb9, 0x00, 0xb2, 0x58, 0x00,
  0x00, 0x2b, 0xb1, 0x02, 0x04, 0xe9, 0xb1, 0x46, 0x09, 0xe9, 0xb2, 0x16,
  0x02, 0x00, 0x2b, 0xb1, 0x27, 0x08, 0xe9, 0xb2, 0x16, 0x02, 0x00, 0x2b,
  0xb1, 0x0a, 0x05, 0xe9, 0xb4, 0x2e, 0x40, 0x58, 0x16, 0x0d, 0x2b, 0xb1,
  0x2e, 0x09, 0xe9, 0x01, 0xb0, 0x6a, 0x2f, 0xb0, 0x06, 0xd6, 0xb1, 0x43,
  0x0b, 0xe9, 0xb0, 0x2a, 0x32, 0xb0, 0x43, 0x10, 0xb1, 0x5b, 0x01, 0x2b,
  0xb4, 0x67, 0x0c, 0x00, 0x1e, 0x04, 0x2b, 0xb2, 0x67, 0x5b, 0x0a, 0x2b,
  0xb3, 0x00, 0x67, 0x63, 0x09, 0x2b, 0xb0, 0x67, 0x10, 0xb1, 0x3c, 0x01,
  0x2b, 0xb0, 0x32, 0x32, 0xb4, 0x38, 0x0c, 0x00, 0x1e, 0x04, 0x2b, 0xb0,
  0x38, 0x10, 0xb1, 0x22, 0x01, 0x2b, 0xb4, 0x1e, 0x0c, 0x00, 0x1e, 0x04,
  0x2b, 0xb0, 0x1e, 0x10, 0xb1, 0x4c, 0x01, 0x2b, 0xb4, 0x50, 0x0c, 0x00,
  0x1e, 0x04, 0x2b, 0xb1, 0x6b, 0x01, 0x2b, 0xb1, 0x3c, 0x67, 0x11, 0x12,
  0xb0, 0x3d, 0x39, 0xb0, 0x38, 0x11, 0xb0, 0x23, 0x39, 0xb1, 0x1e, 0x22,
  0x11, 0x12, 0xb2, 0x19, 0x1a, 0x56, 0x39, 0x39, 0x39, 0x00, 0xb1, 0x40,
  0x46, 0x11, 0x12, 0xb3, 0x3a, 0x3b, 0x4f, 0x50, 0x24, 0x17, 0x39, 0xb1,
  0x27, 0x2e, 0x11, 0x12, 0xb2, 0x1d, 0x1f, 0x33, 0x39, 0x39, 0x39, 0x30,
  0x31, 0x3e, 0x02, 0x33, 0x3e, 0x01, 0x35, 0x11, 0x34, 0x26, 0x23, 0x2a,
  0x03, 0x2e, 0x02, 0x27, 0x26, 0x37, 0x36, 0x33, 0x24, 0x17, 0x32, 0x07,
  0x1e, 0x02, 0x17, 0x06, 0x27, 0x26, 0x27, 0x2e, 0x01, 0x27, 0x26, 0x07,
  0x22, 0x06, 0x15, 0x11, 0x14, 0x16, 0x3b, 0x01, 0x32, 0x36, 0x37, 0x36,
  0x17, 0x16, 0x17, 0x16, 0x03, 0x14, 0x07, 0x06, 0x27, 0x2e, 0x01, 0x2b,
  0x01, 0x06, 0x15, 0x11, 0x14, 0x16, 0x3b, 0x01, 0x32, 0x36, 0x37, 0x36,
  0x37, 0x36, 0x37, 0x36, 0x17, 0x14, 0x0e, 0x01, 0x07, 0x06, 0x23, 0x20,
  0x05, 0x26, 0x27, 0x01, 0x13, 0x36, 0x17, 0x37, 0x32, 0x1e, 0x01, 0x15,
  0x14, 0x06, 0x07, 0x01, 0x06, 0x26, 0x2d, 0x0a, 0x1d, 0x4a, 0x64, 0x33,
  0x33, 0x6c, 0x04, 0x0b, 0x08, 0x0a, 0x06, 0x09, 0x08, 0x02, 0x06, 0x0e,
  0x06, 0x1d, 0x02, 0x9e, 0xf4, 0x27, 0x01, 0x08, 0x07, 0x02, 0x02, 0x04,
  0x2d, 0x0e, 0x01, 0x14, 0x4a, 0x7f, 0xc5, 0x4d, 0x0c, 0x1b, 0x12, 0x0b,
  0xf1, 0x79, 0x35, 0x0f, 0x04, 0x29, 0x0a, 0x06, 0x04, 0x06, 0x19, 0x23,
  0x01, 0x10, 0x38, 0x79, 0xeb, 0x1d, 0x2b, 0x6f, 0xa3, 0x73, 0x50, 0x1b,
  0x31, 0x1a, 0x04, 0x11, 0x25, 0x06, 0x0c, 0x0f, 0x02, 0x04, 0x4e, 0xfd,
  0x27, 0xfe, 0xf2, 0x14, 0x05, 0x01, 0xd7, 0x65, 0x06, 0x1e, 0xb7, 0x08,
  0x0c, 0x08, 0x02, 0x02, 0xfe, 0xdb, 0x0a, 0x2f, 0x16, 0x2e, 0x04, 0x04,
  0x43, 0x83, 0x03, 0x0b, 0x83, 0x4c, 0x02, 0x04, 0x08, 0x04, 0x0c, 0x1f,
  0x0a, 0x04, 0x04, 0x14, 0x42, 0x6e, 0x58, 0x11, 0x14, 0x0e, 0x02, 0x15,
  0x7d, 0x3f, 0x02, 0x06, 0x04, 0x21, 0x0c, 0xfe, 0x62, 0x10, 0x1b, 0x29,
  0x6f, 0x0e, 0x04, 0x02, 0x1d, 0x64, 0xfe, 0xf8, 0x1b, 0x02, 0x04, 0x0e,
  0x6a, 0x2e, 0x04, 0x1b, 0xfe, 0xa8, 0x77, 0x2f, 0x13, 0x1e, 0x3b, 0x6b,
  0x12, 0x05, 0x04, 0x0c, 0x42, 0x75, 0x6c, 0x0a, 0x1d, 0x02, 0x04, 0x0a,
  0x05, 0xa0, 0x01, 0x50, 0x1b, 0x01, 0x02, 0x04, 0x08, 0x08, 0x02, 0x06,
  0x02, 0xfe, 0xa0, 0x0c, 0x07, 0x00, 0x00, 0x00, 0x00, 0x02, 0x00, 0x32,
  0xff, 0xfa, 0x04, 0xa2, 0x06, 0xf9, 0x00, 0x5a, 0x00, 0x6d, 0x00, 0xa4,
  0x00, 0xb2, 0x58, 0x00, 0x00, 0x2b, 0xb1, 0x02, 0x04, 0xe9, 0xb1, 0x46,
  0x09, 0xe9, 0xb2, 0x16, 0x02, 0x00, 0x2b, 0xb1, 0x27, 0x08, 0xe9, 0xb2,
  0x16, 0x02, 0x00, 0x2b, 0xb1, 0x0a, 0x05, 0xe9, 0xb4, 0x2e, 0x40, 0x58,
  0x16, 0x0d, 0x2b, 0xb1, 0x2e, 0x09, 0xe9, 0x01, 0xb0, 0x6e, 0x2f, 0xb0,
  0x06, 0xd6, 0xb1, 0x43, 0x0b, 0xe9, 0xb0, 0x2a, 0x32, 0xb0, 0x43, 0x10,
  0xb1, 0x3c, 0x01, 0x2b, 0xb0, 0x32, 0x32, 0xb4, 0x38, 0x0c, 0x00, 0x1e,
  0x04, 0x2b, 0xb0, 0x38, 0x10, 0xb1, 0x22, 0x01, 0x2b, 0xb4, 0x1e, 0x0c,
  0x00, 0x1e, 0x04, 0x2b, 0xb0, 0x1e, 0x10, 0xb1, 0x4c, 0x01, 0x2b, 0xb4,
  0x50, 0x0c, 0x00, 0x1e, 0x04, 0x2b, 0xb1, 0x6f, 0x01, 0x2b, 0xb1, 0x3c,
  0x43, 0x11, 0x12, 0xb2, 0x5e, 0x65, 0x69, 0x39, 0x39, 0x39, 0xb0, 0x38,
  0x11, 0xb0, 0x23, 0x39, 0xb1, 0x1e, 0x22, 0x11, 0x12, 0xb2, 0x19, 0x1a,
  0x56, 0x39, 0x39, 0x39, 0x00, 0xb1, 0x40, 0x46, 0x11, 0x12, 0xb3, 0x3a,
  0x3b, 0x4f, 0x50, 0x24, 0x17, 0x39, 0xb1, 0x27, 0x2e, 0x11, 0x12, 0xb2,
  0x1d, 0x1f, 0x33, 0x39, 0x39, 0x39, 0x30, 0x31, 0x3e, 0x02, 0x33, 0x3e,
  0x01, 0x35, 0x11, 0x34, 0x26, 0x23, 0x2a, 0x03, 0x2e, 0x02, 0x27, 0x26,
  0x37, 0x36, 0x33, 0x24, 0x17, 0x32, 0x07, 0x1e, 0x02, 0x17, 0x06, 0x27,
  0x26, 0x27, 0x2e, 0x01, 0x27, 0x26, 0x07, 0x22, 0x06, 0x15, 0x11, 0x14,
  0x16, 0x3b, 0x01, 0x32, 0x36, 0x37, 0x36, 0x17, 0x16, 0x17, 0x16, 0x03,
  0x14, 0x07, 0x06, 0x27, 0x2e, 0x01, 0x2b, 0x01, 0x06, 0x15, 0x11, 0x14,
  0x16, 0x3b, 0x01, 0x32, 0x36, 0x37, 0x36, 0x37, 0x36, 0x37, 0x36, 0x17,
  0x14, 0x0e, 0x01, 0x07, 0x06, 0x23, 0x20, 0x05, 0x26, 0x27, 0x01, 0x13,
  0x36, 0x37, 0x3e, 0x01, 0x17, 0x16, 0x17, 0x13, 0x16, 0x07, 0x06, 0x2f,
  0x01, 0x07, 0x06, 0x27, 0x26, 0x2d, 0x0a, 0x1d, 0x4a, 0x64, 0x33, 0x33,
  0x6c, 0x04, 0x0b, 0x08, 0x0a, 0x06, 0x09, 0x08, 0x02, 0x06, 0x0e, 0x06,
  0x1d, 0x02, 0x9e, 0xf4, 0x27, 0x01, 0x08, 0x07, 0x02, 0x02, 0x04, 0x2d,
  0x0e, 0x01, 0x14, 0x4a, 0x7f, 0xc5, 0x4d, 0x0c, 0x1b, 0x12, 0x0b, 0xf1,
  0x79, 0x35, 0x0f, 0x04, 0x29, 0x0a, 0x06, 0x04, 0x06, 0x19, 0x23, 0x01,
  0x10, 0x38, 0x79, 0xeb, 0x1d, 0x2b, 0x6f, 0xa3, 0x73, 0x50, 0x1b, 0x31,
  0x1a, 0x04, 0x11, 0x25, 0x06, 0x0c, 0x0f, 0x02, 0x04, 0x4e, 0xfd, 0x27,
  0xfe, 0xf2, 0x14, 0x05, 0x01, 0x29, 0xb4, 0x08, 0x13, 0x0c, 0x79, 0x15,
  0x1b, 0x07, 0xb5, 0x0e, 0x10, 0x1d, 0x0c, 0xfa, 0xec, 0x12, 0x19, 0x08,
  0x16, 0x2e, 0x04, 0x04, 0x43, 0x83, 0x03, 0x0b, 0x83, 0x4c, 0x02, 0x04,
  0x08, 0x04, 0x0c, 0x1f, 0x0a, 0x04, 0x04, 0x14, 0x42, 0x6e, 0x58, 0x11,
  0x14, 0x0e, 0x02, 0x15, 0x7d, 0x3f, 0x02, 0x06, 0x04, 0x21, 0x0c, 0xfe,
  0x62, 0x10, 0x1b, 0x29, 0x6f, 0x0e, 0x04, 0x02, 0x1d, 0x64, 0xfe, 0xf8,
  0x1b, 0x02, 0x04, 0x0e, 0x6a, 0x2e, 0x04, 0x1b, 0xfe, 0xa8, 0x77, 0x2f,
  0x13, 0x1e, 0x3b, 0x6b, 0x12, 0x05, 0x04, 0x0c, 0x42, 0x75, 0x6c, 0x0a,
  0x1d, 0x02, 0x04, 0x0a, 0x05, 0x9a, 0x01, 0x3f, 0x0c, 0x09, 0x02, 0x02,
  0x02, 0x02, 0x13, 0xfe, 0xc9, 0x19, 0x02, 0x08, 0x0d, 0xd4, 0xd4, 0x10,
  0x0d, 0x06, 0x00, 0x00, 0x00, 0x03, 0x00, 0x32, 0xff, 0xfa, 0x04, 0xa2,
  0x06, 0x91, 0x00, 0x5a, 0x00, 0x65, 0x00, 0x6f, 0x00, 0xcc, 0x00, 0xb2,
  0x58, 0x00, 0x00, 0x2b, 0xb1, 0x02, 0x04, 0xe9, 0xb1, 0x46, 0x09, 0xe9,
  0xb2, 0x16, 0x02, 0x00, 0x2b, 0xb1, 0x27, 0x08, 0xe9, 0xb2, 0x16, 0x02,
  0x00, 0x2b, 0xb1, 0x0a, 0x05, 0xe9, 0xb4, 0x2e, 0x40, 0x58, 0x16, 0x0d,
  0x2b, 0xb1, 0x2e, 0x09, 0xe9, 0xb0, 0x6e, 0x2f, 0xb0, 0x63, 0x33, 0xb4,
  0x69, 0x0a, 0x00, 0x12, 0x04, 0x2b, 0xb0, 0x5e, 0x32, 0x01, 0xb0, 0x70,
  0x2f, 0xb0, 0x06, 0xd6, 0xb1, 0x43, 0x0b, 0xe9, 0xb0, 0x2a, 0x32, 0xb0,
  0x5b, 0x20, 0xd6, 0x11, 0xb1, 0x61, 0x0f, 0xe9, 0xb0, 0x43, 0x10, 0xb1,
  0x67, 0x01, 0x2b, 0xb1, 0x6c, 0x0f, 0xe9, 0xb0, 0x6c, 0x10, 0xb1, 0x3c,
  0x01, 0x2b, 0xb0, 0x32, 0x32, 0xb4, 0x38, 0x0c, 0x00, 0x1e, 0x04, 0x2b,
  0xb0, 0x38, 0x10, 0xb1, 0x22, 0x01, 0x2b, 0xb4, 0x1e, 0x0c, 0x00, 0x1e,
  0x04, 0x2b, 0xb0, 0x1e, 0x10, 0xb1, 0x4c, 0x01, 0x2b, 0xb4, 0x50, 0x0c,
  0x00, 0x1e, 0x04, 0x2b, 0xb1, 0x71, 0x01, 0x2b, 0xb1, 0x61, 0x5b, 0x11,
  0x12, 0xb0, 0x40, 0x39, 0xb1, 0x3c, 0x6c, 0x11, 0x12, 0xb0, 0x3d, 0x39,
  0xb0, 0x38, 0x11, 0xb0, 0x23, 0x39, 0xb1, 0x1e, 0x22, 0x11, 0x12, 0xb2,
  0x19, 0x1a, 0x56, 0x39, 0x39, 0x39, 0x00, 0xb1, 0x40, 0x46, 0x11, 0x12,
  0xb3, 0x3a, 0x3b, 0x4f, 0x50, 0x24, 0x17, 0x39, 0xb1, 0x27, 0x2e, 0x11,
  0x12, 0xb2, 0x1d, 0x1f, 0x33, 0x39, 0x39, 0x39, 0x30, 0x31, 0x3e, 0x02,
  0x33, 0x3e, 0x01, 0x35, 0x11, 0x34, 0x26, 0x23, 0x2a, 0x03, 0x2e, 0x02,
  0x27, 0x26, 0x37, 0x36, 0x33, 0x24, 0x17, 0x32, 0x07, 0x1e, 0x02, 0x17,
  0x06, 0x27, 0x26, 0x27, 0x2e, 0x01, 0x27, 0x26, 0x07, 0x22, 0x06, 0x15,
  0x11, 0x14, 0x16, 0x3b, 0x01, 0x32, 0x36, 0x37, 0x36, 0x17, 0x16, 0x17,
  0x16, 0x03, 0x14, 0x07, 0x06, 0x27, 0x2e, 0x01, 0x2b, 0x01, 0x06, 0x15,
  0x11, 0x14, 0x16, 0x3b, 0x01, 0x32, 0x36, 0x37, 0x36, 0x37, 0x36, 0x37,
  0x36, 0x17, 0x14, 0x0e, 0x01, 0x07, 0x06, 0x23, 0x20, 0x05, 0x26, 0x27,
  0x01, 0x34, 0x36, 0x33, 0x32, 0x16, 0x15, 0x14, 0x06, 0x22, 0x26, 0x24,
  0x34, 0x36, 0x33, 0x32, 0x16, 0x14, 0x06, 0x23, 0x22, 0x2d, 0x0a, 0x1d,
  0x4a, 0x64, 0x33, 0x33, 0x6c, 0x04, 0x0b, 0x08, 0x0a, 0x06, 0x09, 0x08,
  0x02, 0x06, 0x0e, 0x06, 0x1d, 0x02, 0x9e, 0xf4, 0x27, 0x01, 0x08, 0x07,
  0x02, 0x02, 0x04, 0x2d, 0x0e, 0x01, 0x14, 0x4a, 0x7f, 0xc5, 0x4d, 0x0c,
  0x1b, 0x12, 0x0b, 0xf1, 0x79, 0x35, 0x0f, 0x04, 0x29, 0x0a, 0x06, 0x04,
  0x06, 0x19, 0x23, 0x01, 0x10, 0x38, 0x79, 0xeb, 0x1d, 0x2b, 0x6f, 0xa3,
  0x73, 0x50, 0x1b, 0x31, 0x1a, 0x04, 0x11, 0x25, 0x06, 0x0c, 0x0f, 0x02,
  0x04, 0x4e, 0xfd, 0x27, 0xfe, 0xf2, 0x14, 0x05, 0x01, 0x29, 0x44, 0x31,
  0x2f, 0x46, 0x44, 0x62, 0x44, 0x01, 0x58, 0x46, 0x2f, 0x33, 0x44, 0x44,
  0x33, 0x2f, 0x16, 0x2e, 0x04, 0x04, 0x43, 0x83, 0x03, 0x0b, 0x83, 0x4c,
  0x02, 0x04, 0x08, 0x04, 0x0c, 0x1f, 0x0a, 0x04, 0x04, 0x14, 0x42, 0x6e,
  0x58, 0x11, 0x14, 0x0e, 0x02, 0x15, 0x7d, 0x3f, 0x02, 0x06, 0x04, 0x21,
  0x0c, 0xfe, 0x62, 0x10, 0x1b, 0x29, 0x6f, 0x0e, 0x04, 0x02, 0x1d, 0x64,
  0xfe, 0xf8, 0x1b, 0x02, 0x04, 0x0e, 0x6a, 0x2e, 0x04, 0x1b, 0xfe, 0xa8,
  0x77, 0x2f, 0x13, 0x1e, 0x3b, 0x6b, 0x12, 0x05, 0x04, 0x0c, 0x42, 0x75,
  0x6c, 0x0a, 0x1d, 0x02, 0x04, 0x0a, 0x06, 0x15, 0x2f, 0x45, 0x45, 0x2f,
  0x31, 0x44, 0x44, 0x02, 0x5e, 0x45, 0x43, 0x62, 0x44, 0x00, 0x00, 0x00,
  0x00, 0x02, 0x00, 0x6a, 0xff, 0xfa, 0x02, 0x8f, 0x07, 0x0c, 0x00, 0x29,
  0x00, 0x36, 0x00, 0x6f, 0x00, 0xb2, 0x28, 0x00, 0x00, 0x2b, 0xb0, 0x26,
  0x33, 0xb1, 0x02, 0x05, 0xe9, 0xb0, 0x20, 0x32, 0xb2, 0x0f, 0x02, 0x00,
  0x2b, 0xb0, 0x12, 0x33, 0xb1, 0x0b, 0x03, 0xe9, 0xb0, 0x16, 0x32, 0x01,
  0xb0, 0x37, 0x2f, 0xb0, 0x06, 0xd6, 0xb1, 0x1d, 0x0b, 0xe9, 0xb0, 0x32,
  0x32, 0xb2, 0x06, 0x1d, 0x0a, 0x2b, 0xb3, 0x40, 0x06, 0x00, 0x09, 0x2b,
  0xb0, 0x0d, 0x32, 0xb0, 0x1d, 0x10, 0xb4, 0x35, 0x0c, 0x00, 0x1e, 0x04,
  0x2b, 0xb0, 0x35, 0x2f, 0xb1, 0x38, 0x01, 0x2b, 0xb1, 0x35, 0x06, 0x11,
  0x12, 0xb1, 0x27, 0x36, 0x39, 0x39, 0x00, 0xb1, 0x02, 0x28, 0x11, 0x12,
  0xb1, 0x00, 0x27, 0x39, 0x39, 0xb0, 0x0b, 0x11, 0xb0, 0x01, 0x39, 0xb0,
  0x0f, 0x12, 0xb0, 0x11, 0x39, 0x30, 0x31, 0x37, 0x34, 0x17, 0x3e, 0x01,
  0x3f, 0x01, 0x11, 0x27, 0x2e, 0x01, 0x27, 0x26, 0x37, 0x36, 0x33, 0x32,
  0x04, 0x37, 0x36, 0x17, 0x16, 0x07, 0x22, 0x06, 0x23, 0x0e, 0x01, 0x15,
  0x11, 0x14, 0x16, 0x17, 0x32, 0x17, 0x1e, 0x01, 0x06, 0x23, 0x26, 0x07,
  0x22, 0x13, 0x26, 0x36, 0x33, 0x37, 0x32, 0x17, 0x16, 0x17, 0x16, 0x06,
  0x27, 0x26, 0x6a, 0x13, 0x5e, 0x2d, 0x04, 0x02, 0x02, 0x02, 0x2d, 0x52,
  0x25, 0x0f, 0x06, 0x16, 0x08, 0x01, 0x8a, 0x45, 0x1f, 0x02, 0x06, 0x10,
  0x04, 0x13, 0x06, 0x5e, 0x2f, 0x39, 0x54, 0x17, 0x08, 0x0c, 0x04, 0x0a,
  0x08, 0xfe, 0xfe, 0x19, 0x25, 0x0a, 0x15, 0x12, 0x9e, 0x1d, 0x0a, 0x3b,
  0x29, 0x02, 0x29, 0x0c, 0x6d, 0x19, 0x27, 0x01, 0x08, 0x30, 0x54, 0x47,
  0x03, 0x0b, 0x47, 0x52, 0x36, 0x08, 0x04, 0x2f, 0x0e, 0x0a, 0x0a, 0x01,
  0x17, 0x2b, 0x02, 0x02, 0x02, 0x44, 0x8d, 0xfc, 0xae, 0x50, 0x35, 0x02,
  0x02, 0x08, 0x23, 0x1d, 0x08, 0x08, 0x06, 0xe9, 0x0a, 0x1d, 0x02, 0x10,
  0x9c, 0xb2, 0x12, 0x09, 0x0d, 0x8d, 0x00, 0x00, 0x00, 0x02, 0x00, 0x6a,
  0xff, 0xfa, 0x02, 0x8f, 0x07, 0x14, 0x00, 0x29, 0x00, 0x38, 0x00, 0x6c,
  0x00, 0xb2, 0x28, 0x00, 0x00, 0x2b, 0xb0, 0x26, 0x33, 0xb1, 0x02, 0x05,
  0xe9, 0xb0, 0x20, 0x32, 0xb2, 0x0f, 0x02, 0x00, 0x2b, 0xb0, 0x12, 0x33,
  0xb1, 0x0b, 0x03, 0xe9, 0xb0, 0x16, 0x32, 0x01, 0xb0, 0x39, 0x2f, 0xb0,
  0x06, 0xd6, 0xb1, 0x1d, 0x0b, 0xe9, 0xb2, 0x06, 0x1d, 0x0a, 0x2b, 0xb3,
  0x40, 0x06, 0x00, 0x09, 0x2b, 0xb0, 0x0d, 0x32, 0xb0, 0x06, 0x10, 0xb0,
  0x2a, 0x20, 0xd6, 0x11, 0xb4, 0x36, 0x0c, 0x00, 0x1e, 0x04, 0x2b, 0xb1,
  0x3a, 0x01, 0x2b, 0xb1, 0x1d, 0x36, 0x11, 0x12, 0xb0, 0x27, 0x39, 0x00,
  0xb1, 0x02, 0x28, 0x11, 0x12, 0xb1, 0x00, 0x27, 0x39, 0x39, 0xb0, 0x0b,
  0x11, 0xb0, 0x01, 0x39, 0xb0, 0x0f, 0x12, 0xb0, 0x11, 0x39, 0x30, 0x31,
  0x37, 0x34, 0x17, 0x3e, 0x01, 0x3f, 0x01, 0x11, 0x27, 0x2e, 0x01, 0x27,
  0x26, 0x37, 0x36, 0x33, 0x32, 0x04, 0x37, 0x36, 0x17, 0x16, 0x07, 0x22,
  0x06, 0x23, 0x0e, 0x01, 0x15, 0x11, 0x14, 0x16, 0x17, 0x32, 0x17, 0x1e,
  0x01, 0x06, 0x23, 0x26, 0x07, 0x22, 0x1b, 0x01, 0x36, 0x17, 0x37, 0x32,
  0x1e, 0x01, 0x07, 0x14, 0x15, 0x07, 0x01, 0x06, 0x26, 0x6a, 0x13, 0x5e,
  0x2d, 0x04, 0x02, 0x02, 0x02, 0x2d, 0x52, 0x25, 0x0f, 0x06, 0x16, 0x0a,
  0x01, 0x88, 0x45, 0x1f, 0x02, 0x06, 0x10, 0x04, 0x13, 0x06, 0x5e, 0x2f,
  0x39, 0x54, 0x17, 0x08, 0x0c, 0x04, 0x0a, 0x08, 0xfe, 0xfe, 0x19, 0x88,
  0x64, 0x0e, 0x19, 0xb4, 0x08, 0x0f, 0x08, 0x02, 0x02, 0xfe, 0xdb, 0x0a,
  0x31, 0x19, 0x27, 0x01, 0x08, 0x30, 0x54, 0x47, 0x03, 0x0b, 0x47, 0x52,
  0x36, 0x08, 0x04, 0x2f, 0x0e, 0x0a, 0x0a, 0x01, 0x17, 0x2b, 0x02, 0x02,
  0x02, 0x44, 0x8d, 0xfc, 0xae, 0x50, 0x35, 0x02, 0x02, 0x08, 0x23, 0x1d,
  0x08, 0x08, 0x05, 0xae, 0x01, 0x50, 0x1b, 0x01, 0x02, 0x04, 0x08, 0x08,
  0x02, 0x04, 0x04, 0xfe, 0xa0, 0x0c, 0x07, 0x00, 0x00, 0x02, 0x00, 0x44,
  0xff, 0xfa, 0x02, 0x8e, 0x06, 0xf9, 0x00, 0x12, 0x00, 0x3d, 0x00, 0x5b,
  0x00, 0xb2, 0x3c, 0x00, 0x00, 0x2b, 0xb0, 0x3a, 0x33, 0xb1, 0x16, 0x05,
  0xe9, 0xb0, 0x34, 0x32, 0xb2, 0x23, 0x02, 0x00, 0x2b, 0xb0, 0x26, 0x33,
  0xb1, 0x1f, 0x03, 0xe9, 0xb0, 0x2a, 0x32, 0x01, 0xb0, 0x3e, 0x2f, 0xb0,
  0x1a, 0xd6, 0xb1, 0x31, 0x0b, 0xe9, 0xb2, 0x1a, 0x31, 0x0a, 0x2b, 0xb3,
  0x40, 0x1a, 0x13, 0x09, 0x2b, 0xb0, 0x21, 0x32, 0xb1, 0x3f, 0x01, 0x2b,
  0xb1, 0x31, 0x1a, 0x11, 0x12, 0xb2, 0x03, 0x0e, 0x3b, 0x39, 0x39, 0x39,
  0x00, 0xb1, 0x16, 0x3c, 0x11, 0x12, 0xb0, 0x3b, 0x39, 0xb1, 0x23, 0x1f,
  0x11, 0x12, 0xb0, 0x25, 0x39, 0x30, 0x31, 0x1b, 0x01, 0x36, 0x37, 0x3e,
  0x01, 0x17, 0x16, 0x17, 0x13, 0x16, 0x07, 0x06, 0x2f, 0x01, 0x07, 0x06,
  0x27, 0x26, 0x13, 0x34, 0x36, 0x33, 0x3e, 0x01, 0x3f, 0x01, 0x11, 0x27,
  0x2e, 0x01, 0x27, 0x26, 0x37, 0x36, 0x33, 0x32, 0x04, 0x37, 0x36, 0x17,
  0x16, 0x07, 0x22, 0x06, 0x23, 0x0e, 0x01, 0x15, 0x11, 0x14, 0x16, 0x17,
  0x32, 0x17, 0x1e, 0x01, 0x06, 0x23, 0x24, 0x07, 0x22, 0x44, 0xb4, 0x08,
  0x12, 0x0c, 0x7a, 0x14, 0x1b, 0x08, 0xb4, 0x0e, 0x10, 0x1d, 0x0c, 0xfa,
  0xeb, 0x12, 0x19, 0x08, 0x28, 0x0d, 0x06, 0x60, 0x2d, 0x04, 0x02, 0x02,
  0x02, 0x2d, 0x54, 0x25, 0x0f, 0x06, 0x16, 0x08, 0x01, 0x8a, 0x47, 0x1f,
  0x02, 0x06, 0x10, 0x06, 0x13, 0x04, 0x5e, 0x31, 0x3b, 0x52, 0x17, 0x08,
  0x0c, 0x06, 0x0a, 0x08, 0xff, 0x00, 0xfc, 0x1b, 0x05, 0xa2, 0x01, 0x3f,
  0x0c, 0x09, 0x02, 0x02, 0x02, 0x02, 0x13, 0xfe, 0xc9, 0x19, 0x02, 0x08,
  0x0d, 0xd4, 0xd4, 0x10, 0x0d, 0x06, 0xfa, 0x80, 0x0c, 0x1a, 0x08, 0x30,
  0x54, 0x47, 0x03, 0x0b, 0x47, 0x52, 0x36, 0x08, 0x04, 0x2f, 0x0e, 0x0a,
  0x0a, 0x01, 0x17, 0x29, 0x04, 0x02, 0x02, 0x46, 0x8b, 0xfc, 0xae, 0x50,
  0x35, 0x02, 0x02, 0x08, 0x23, 0x1d, 0x08, 0x08, 0x00, 0x03, 0x00, 0x37,
  0xff, 0xfa, 0x02, 0x9a, 0x06, 0x98, 0x00, 0x07, 0x00, 0x31, 0x00, 0x3b,
  0x00, 0xad, 0x00, 0xb2, 0x30, 0x00, 0x00, 0x2b, 0xb0, 0x2e, 0x33, 0xb1,
  0x0a, 0x05, 0xe9, 0xb0, 0x28, 0x32, 0xb2, 0x17, 0x02, 0x00, 0x2b, 0xb0,
  0x1a, 0x33, 0xb1, 0x13, 0x03, 0xe9, 0xb0, 0x1e, 0x32, 0xb0, 0x3a, 0x2f,
  0xb0, 0x06, 0x33, 0xb4, 0x35, 0x0a, 0x00, 0x11, 0x04, 0x2b, 0xb0, 0x02,
  0x32, 0x01, 0xb0, 0x3c, 0x2f, 0xb0, 0x0e, 0xd6, 0xb1, 0x25, 0x0b, 0xe9,
  0xb2, 0x0e, 0x25, 0x0a, 0x2b, 0xb3, 0x40, 0x0e, 0x08, 0x09, 0x2b, 0xb0,
  0x15, 0x32, 0xb3, 0x05, 0x25, 0x0e, 0x08, 0x2b, 0xb4, 0x01, 0x0f, 0x00,
  0x19, 0x04, 0x2b, 0xb0, 0x01, 0x2f, 0xb4, 0x05, 0x0f, 0x00, 0x19, 0x04,
  0x2b, 0xb3, 0x33, 0x25, 0x0e, 0x08, 0x2b, 0xb4, 0x38, 0x0f, 0x00, 0x19,
  0x04, 0x2b, 0xb1, 0x3d, 0x01, 0x2b, 0xb1, 0x0e, 0x01, 0x11, 0x12, 0xb3,
  0x03, 0x06, 0x17, 0x30, 0x24, 0x17, 0x39, 0xb1, 0x33, 0x05, 0x11, 0x12,
  0xb0, 0x2f, 0x39, 0xb1, 0x38, 0x25, 0x11, 0x12, 0xb5, 0x19, 0x1d, 0x2c,
  0x2e, 0x35, 0x3a, 0x24, 0x17, 0x39, 0x00, 0xb1, 0x0a, 0x30, 0x11, 0x12,
  0xb1, 0x08, 0x2f, 0x39, 0x39, 0xb0, 0x13, 0x11, 0xb0, 0x09, 0x39, 0xb0,
  0x17, 0x12, 0xb0, 0x19, 0x39, 0x30, 0x31, 0x12, 0x34, 0x36, 0x32, 0x16,
  0x14, 0x06, 0x22, 0x03, 0x34, 0x17, 0x3e, 0x01, 0x3f, 0x01, 0x11, 0x27,
  0x2e, 0x01, 0x27, 0x26, 0x37, 0x36, 0x33, 0x32, 0x04, 0x37, 0x36, 0x17,
  0x16, 0x07, 0x22, 0x06, 0x23, 0x0e, 0x01, 0x15, 0x11, 0x14, 0x16, 0x17,
  0x32, 0x17, 0x1e, 0x01, 0x06, 0x23, 0x26, 0x07, 0x22, 0x00, 0x34, 0x36,
  0x33, 0x32, 0x16, 0x14, 0x06, 0x23, 0x22, 0x37, 0x48, 0x66, 0x48, 0x48,
  0x66, 0x15, 0x13, 0x5e, 0x2d, 0x04, 0x02, 0x02, 0x02, 0x2d, 0x52, 0x25,
  0x0f, 0x06, 0x16, 0x08, 0x01, 0x8a, 0x45, 0x1f, 0x02, 0x06, 0x10, 0x04,
  0x13, 0x06, 0x5e, 0x2f, 0x39, 0x54, 0x17, 0x08, 0x0c, 0x04, 0x0a, 0x08,
  0xfe, 0xfe, 0x19, 0x01, 0x38, 0x47, 0x34, 0x35, 0x48, 0x48, 0x35, 0x33,
  0x05, 0xe9, 0x67, 0x48, 0x48, 0x67, 0x47, 0xfa, 0x77, 0x27, 0x01, 0x08,
  0x30, 0x54, 0x47, 0x03, 0x0b, 0x47, 0x52, 0x36, 0x08, 0x04, 0x2f, 0x0e,
  0x0a, 0x0a, 0x01, 0x17, 0x2b, 0x02, 0x02, 0x02, 0x44, 0x8d, 0xfc, 0xae,
  0x50, 0x35, 0x02, 0x02, 0x08, 0x23, 0x1d, 0x08, 0x08, 0x05, 0xef, 0x67,
  0x48, 0x48, 0x67, 0x47, 0x00, 0x02, 0x00, 0x00, 0xff, 0xf4, 0x05, 0xf2,
  0x05, 0x56, 0x00, 0x37, 0x00, 0x58, 0x00, 0x88, 0x00, 0xb2, 0x1e, 0x00,
  0x00, 0x2b, 0xb1, 0x3b, 0x03, 0xe9, 0xb2, 0x20, 0x00, 0x00, 0x2b, 0xb1,
  0x27, 0x04, 0xe9, 0xb2, 0x13, 0x02, 0x00, 0x2b, 0xb1, 0x48, 0x03, 0xe9,
  0xb2, 0x10, 0x02, 0x00, 0x2b, 0xb1, 0x0c, 0x04, 0xe9, 0xb4, 0x35, 0x04,
  0x20, 0x13, 0x0d, 0x2b, 0xb0, 0x4f, 0x33, 0xb4, 0x35, 0x0a, 0x00, 0x1f,
  0x04, 0x2b, 0xb0, 0x55, 0x32, 0x01, 0xb0, 0x59, 0x2f, 0xb0, 0x32, 0xd6,
  0xb0, 0x08, 0x32, 0xb1, 0x38, 0x0b, 0xe9, 0xb0, 0x4c, 0x32, 0xb2, 0x38,
  0x32, 0x0a, 0x2b, 0xb3, 0x40, 0x38, 0x53, 0x09, 0x2b, 0xb2, 0x32, 0x38,
  0x0a, 0x2b, 0xb3, 0x40, 0x32, 0x00, 0x09, 0x2b, 0xb0, 0x38, 0x10, 0xb1,
  0x41, 0x01, 0x2b, 0xb1, 0x18, 0x0f, 0xe9, 0xb1, 0x5a, 0x01, 0x2b, 0xb1,
  0x41, 0x38, 0x11, 0x12, 0xb1, 0x13, 0x1e, 0x39, 0x39, 0x00, 0xb1, 0x04,
  0x35, 0x11, 0x12, 0xb2, 0x18, 0x41, 0x53, 0x39, 0x39, 0x39, 0x30, 0x31,
  0x11, 0x35, 0x34, 0x17, 0x33, 0x32, 0x37, 0x36, 0x37, 0x11, 0x34, 0x26,
  0x23, 0x22, 0x37, 0x34, 0x3f, 0x01, 0x36, 0x21, 0x32, 0x04, 0x17, 0x16,
  0x11, 0x14, 0x00, 0x07, 0x0e, 0x01, 0x23, 0x20, 0x07, 0x06, 0x26, 0x35,
  0x34, 0x37, 0x36, 0x37, 0x3b, 0x01, 0x32, 0x16, 0x33, 0x32, 0x36, 0x37,
  0x36, 0x34, 0x35, 0x11, 0x34, 0x23, 0x07, 0x26, 0x01, 0x14, 0x16, 0x33,
  0x32, 0x36, 0x37, 0x36, 0x12, 0x35, 0x34, 0x02, 0x27, 0x26, 0x27, 0x26,
  0x23, 0x22, 0x07, 0x06, 0x15, 0x11, 0x14, 0x33, 0x25, 0x32, 0x1d, 0x01,
  0x06, 0x23, 0x05, 0x22, 0x15, 0x27, 0xa2, 0x10, 0x06, 0x0e, 0x01, 0x38,
  0x7d, 0x1f, 0x01, 0x1e, 0xa8, 0x9a, 0x01, 0x35, 0xcb, 0x01, 0x12, 0x6d,
  0xf8, 0xfe, 0xe1, 0xdf, 0x68, 0x82, 0xcf, 0xfe, 0x3f, 0x49, 0x08, 0x10,
  0x04, 0x08, 0x08, 0x06, 0x06, 0x02, 0x0f, 0x04, 0x5c, 0x3f, 0x03, 0x02,
  0x25, 0xae, 0x1b, 0x01, 0xb4, 0x2d, 0x7b, 0x8f, 0x92, 0x4a, 0x98, 0xb3,
  0x70, 0x63, 0x77, 0xdc, 0x6f, 0x54, 0x3b, 0x1b, 0x1f, 0x27, 0x01, 0x25,
  0x2d, 0x0a, 0x21, 0xfe, 0xd7, 0x25, 0x02, 0x7b, 0x48, 0x1f, 0x01, 0x06,
  0x06, 0x1b, 0x01, 0x23, 0x96, 0x3b, 0x25, 0x23, 0x06, 0x06, 0x06, 0x44,
  0x4f, 0xb6, 0xfe, 0xbe, 0xe9, 0xfe, 0x7e, 0x3f, 0x1f, 0x0c, 0x02, 0x02,
  0x0c, 0x08, 0x29, 0x06, 0x10, 0x01, 0x02, 0x33, 0x52, 0x14, 0x2f, 0x13,
  0x01, 0x1c, 0x1f, 0x02, 0x04, 0xfe, 0x65, 0x64, 0x28, 0x17, 0x23, 0x46,
  0x01, 0x37, 0xbc, 0x9c, 0x01, 0x04, 0x4e, 0x5c, 0x16, 0x0c, 0x02, 0x0c,
  0x23, 0xfe, 0x21, 0x23, 0x02, 0x25, 0x3d, 0x25, 0x02, 0x27, 0x00, 0x00,
  0x00, 0x02, 0x00, 0x46, 0xff, 0xe9, 0x06, 0x71, 0x06, 0xb8, 0x00, 0x49,
  0x00, 0x68, 0x00, 0xcd, 0x00, 0xb2, 0x49, 0x00, 0x00, 0x2b, 0xb0, 0x47,
  0x33, 0xb1, 0x04, 0x04, 0xe9, 0xb0, 0x41, 0x32, 0xb2, 0x32, 0x00, 0x00,
  0x2b, 0xb2, 0x0e, 0x02, 0x00, 0x2b, 0xb0, 0x24, 0x33, 0xb1, 0x09, 0x03,
  0xe9, 0xb1, 0x20, 0x2d, 0x32, 0x32, 0xb0, 0x5c, 0x2f, 0xb4, 0x50, 0x0a,
  0x00, 0x1c, 0x04, 0x2b, 0xb3, 0x60, 0x50, 0x5c, 0x08, 0x2b, 0xb4, 0x4c,
  0x0a, 0x00, 0x1d, 0x04, 0x2b, 0x01, 0xb0, 0x69, 0x2f, 0xb0, 0x06, 0xd6,
  0xb1, 0x3c, 0x0c, 0xe9, 0xb2, 0x06, 0x3c, 0x0a, 0x2b, 0xb3, 0x40, 0x06,
  0x0c, 0x09, 0x2b, 0xb0, 0x3c, 0x10, 0xb1, 0x4a, 0x01, 0x2b, 0xb4, 0x66,
  0x0c, 0x00, 0x1e, 0x04, 0x2b, 0xb0, 0x66, 0x10, 0xb1, 0x53, 0x01, 0x2b,
  0xb4, 0x59, 0x0c, 0x00, 0x1e, 0x04, 0x2b, 0xb0, 0x59, 0x10, 0xb1, 0x17,
  0x01, 0x2b, 0xb1, 0x31, 0x0c, 0xe9, 0xb1, 0x6a, 0x01, 0x2b, 0xb1, 0x4a,
  0x3c, 0x11, 0x12, 0xb3, 0x10, 0x37, 0x12, 0x42, 0x24, 0x17, 0x39, 0xb0,
  0x66, 0x11, 0xb0, 0x47, 0x39, 0xb0, 0x53, 0x12, 0xb5, 0x20, 0x24, 0x45,
  0x4c, 0x22, 0x5c, 0x24, 0x17, 0x39, 0xb1, 0x17, 0x59, 0x11, 0x12, 0xb1,
  0x13, 0x25, 0x39, 0x39, 0x00, 0xb1, 0x09, 0x04, 0x11, 0x12, 0xb4, 0x13,
  0x14, 0x30, 0x37, 0x38, 0x24, 0x17, 0x39, 0xb0, 0x0e, 0x11, 0xb1, 0x0c,
  0x12, 0x39, 0x39, 0xb0, 0x5c, 0x12, 0xb0, 0x68, 0x39, 0xb0, 0x50, 0x11,
  0xb0, 0x63, 0x39, 0x30, 0x31, 0x16, 0x26, 0x37, 0x36, 0x37, 0x32, 0x35,
  0x11, 0x26, 0x27, 0x06, 0x26, 0x35, 0x34, 0x33, 0x16, 0x37, 0x32, 0x17,
  0x01, 0x16, 0x37, 0x36, 0x35, 0x11, 0x34, 0x2e, 0x01, 0x27, 0x26, 0x27,
  0x26, 0x27, 0x22, 0x26, 0x36, 0x33, 0x16, 0x25, 0x32, 0x1e, 0x01, 0x15,
  0x16, 0x06, 0x23, 0x0e, 0x01, 0x15, 0x11, 0x14, 0x06, 0x27, 0x26, 0x09,
  0x01, 0x26, 0x0e, 0x01, 0x15, 0x11, 0x14, 0x17, 0x16, 0x17, 0x16, 0x36,
  0x16, 0x17, 0x16, 0x06, 0x23, 0x24, 0x07, 0x01, 0x12, 0x33, 0x32, 0x17,
  0x16, 0x33, 0x32, 0x36, 0x37, 0x34, 0x33, 0x36, 0x07, 0x16, 0x15, 0x14,
  0x06, 0x23, 0x22, 0x27, 0x26, 0x27, 0x22, 0x06, 0x07, 0x14, 0x06, 0x07,
  0x0e, 0x01, 0x4a, 0x08, 0x0a, 0x0a, 0x14, 0x9e, 0x37, 0x6f, 0x08, 0x08,
  0x21, 0xaa, 0x7b, 0x1d, 0x14, 0x03, 0x45, 0x0c, 0x13, 0x04, 0x02, 0x0c,
  0x0c, 0x12, 0x28, 0x21, 0x4f, 0x0c, 0x0d, 0x0a, 0x0f, 0x96, 0x01, 0x61,
  0x04, 0x07, 0x02, 0x02, 0x0d, 0x12, 0x77, 0x33, 0x48, 0x06, 0x0e, 0xfe,
  0x25, 0xfe, 0x25, 0x06, 0x0b, 0x06, 0x0c, 0x14, 0x4f, 0x0e, 0x29, 0x2d,
  0x04, 0x0a, 0x0a, 0x19, 0xfe, 0xb2, 0x97, 0x01, 0xcf, 0x0c, 0xbd, 0x52,
  0x76, 0x52, 0x27, 0x23, 0x23, 0x0c, 0x1b, 0x19, 0x01, 0x04, 0x72, 0x58,
  0x52, 0x75, 0x54, 0x25, 0x1f, 0x20, 0x0d, 0x04, 0x02, 0x06, 0x2d, 0x0a,
  0x37, 0x0a, 0x0e, 0x01, 0x76, 0x04, 0x0b, 0x29, 0x02, 0x02, 0x16, 0x0e,
  0x21, 0x04, 0x04, 0x18, 0xfc, 0x41, 0x12, 0x1e, 0x08, 0x09, 0x02, 0xa4,
  0x3d, 0x35, 0x32, 0x0c, 0x12, 0x06, 0x04, 0x05, 0x24, 0x21, 0x06, 0x08,
  0x10, 0x15, 0x02, 0x14, 0x0a, 0x04, 0x36, 0x76, 0xfb, 0xc6, 0x1b, 0x08,
  0x0f, 0x0e, 0x02, 0x1d, 0x02, 0x1c, 0x04, 0x08, 0x16, 0x11, 0xfd, 0x0d,
  0x68, 0x24, 0x42, 0x05, 0x02, 0x04, 0x08, 0x09, 0x12, 0x2f, 0x06, 0x08,
  0x05, 0xa2, 0x01, 0x14, 0x52, 0x37, 0x37, 0x50, 0x0c, 0x04, 0x10, 0x0d,
  0x0e, 0x6f, 0x8f, 0x50, 0x3b, 0x01, 0x29, 0x38, 0x04, 0x16, 0x0a, 0x0e,
  0x05, 0x00, 0x00, 0x00, 0x00, 0x03, 0x00, 0x6d, 0xff, 0xd9, 0x06, 0x27,
  0x07, 0x0c, 0x00, 0x0b, 0x00, 0x19, 0x00, 0x26, 0x00, 0x47, 0x00, 0xb2,
  0x09, 0x00, 0x00, 0x2b, 0xb1, 0x0f, 0x04, 0xe9, 0xb2, 0x03, 0x02, 0x00,
  0x2b, 0xb1, 0x17, 0x06, 0xe9, 0x01, 0xb0, 0x27, 0x2f, 0xb0, 0x00, 0xd6,
  0xb1, 0x0c, 0x0f, 0xe9, 0xb0, 0x0c, 0x10, 0xb1, 0x14, 0x01, 0x2b, 0xb1,
  0x06, 0x0f, 0xe9, 0xb1, 0x28, 0x01, 0x2b, 0xb1, 0x14, 0x0c, 0x11, 0x12,
  0xb3, 0x03, 0x09, 0x1b, 0x22, 0x24, 0x17, 0x39, 0x00, 0xb1, 0x17, 0x0f,
  0x11, 0x12, 0xb1, 0x06, 0x00, 0x39, 0x39, 0x30, 0x31, 0x13, 0x10, 0x00,
  0x21, 0x20, 0x00, 0x11, 0x10, 0x00, 0x21, 0x20, 0x00, 0x13, 0x10, 0x00,
  0x33, 0x32, 0x3e, 0x02, 0x35, 0x10, 0x00, 0x23, 0x22, 0x02, 0x01, 0x26,
  0x36, 0x33, 0x37, 0x32, 0x17, 0x16, 0x17, 0x14, 0x06, 0x27, 0x26, 0x6d,
  0x01, 0x9f, 0x01, 0x46, 0x01, 0x3f, 0x01, 0x96, 0xfe, 0x60, 0xfe, 0xc7,
  0xfe, 0xc1, 0xfe, 0x5e, 0xdd, 0x01, 0x37, 0xf0, 0x83, 0xbc, 0x6b, 0x2f,
  0xfe, 0xca, 0xfb, 0xd3, 0xfc, 0x01, 0x50, 0x0a, 0x16, 0x12, 0x9c, 0x1f,
  0x08, 0x35, 0x31, 0x29, 0x0c, 0x6d, 0x02, 0x7f, 0x01, 0x39, 0x01, 0x9e,
  0xfe, 0x83, 0xfe, 0xdd, 0xfe, 0xc9, 0xfe, 0x5a, 0x01, 0x85, 0x01, 0x56,
  0xfe, 0xe7, 0xfe, 0x8a, 0x60, 0xac, 0xcd, 0x7b, 0x01, 0x21, 0x01, 0x72,
  0xfe, 0xb2, 0x03, 0x25, 0x0a, 0x1d, 0x02, 0x10, 0x8b, 0xc3, 0x12, 0x09,
  0x0d, 0x8d, 0x00, 0x00, 0x00, 0x03, 0x00, 0x6d, 0xff, 0xd9, 0x06, 0x27,
  0x07, 0x14, 0x00, 0x0b, 0x00, 0x19, 0x00, 0x27, 0x00, 0x55, 0x00, 0xb2,
  0x09, 0x00, 0x00, 0x2b, 0xb1, 0x0f, 0x04, 0xe9, 0xb2, 0x03, 0x02, 0x00,
  0x2b, 0xb1, 0x17, 0x06, 0xe9, 0x01, 0xb0, 0x28, 0x2f, 0xb0, 0x00, 0xd6,
  0xb1, 0x0c, 0x0f, 0xe9, 0xb0, 0x0c, 0x10, 0xb1, 0x1a, 0x01, 0x2b, 0xb4,
  0x25, 0x0c, 0x00, 0x1e, 0x04, 0x2b, 0xb0, 0x25, 0x10, 0xb1, 0x14, 0x01,
  0x2b, 0xb1, 0x06, 0x0f, 0xe9, 0xb1, 0x29, 0x01, 0x2b, 0xb1, 0x14, 0x25,
  0x11, 0x12, 0xb3, 0x09, 0x03, 0x0f, 0x21, 0x24, 0x17, 0x39, 0x00, 0xb1,
  0x17, 0x0f, 0x11, 0x12, 0xb1, 0x06, 0x00, 0x39, 0x39, 0x30, 0x31, 0x13,
  0x10, 0x00, 0x21, 0x20, 0x00, 0x11, 0x10, 0x00, 0x21, 0x20, 0x00, 0x13,
  0x10, 0x00, 0x33, 0x32, 0x3e, 0x02, 0x35, 0x10, 0x00, 0x23, 0x22, 0x02,
  0x01, 0x13, 0x36, 0x17, 0x37, 0x32, 0x1e, 0x01, 0x07, 0x14, 0x07, 0x01,
  0x06, 0x26, 0x6d, 0x01, 0x9f, 0x01, 0x46, 0x01, 0x3f, 0x01, 0x96, 0xfe,
  0x60, 0xfe, 0xc7, 0xfe, 0xc1, 0xfe, 0x5e, 0xdd, 0x01, 0x37, 0xf0, 0x83,
  0xbc, 0x6b, 0x2f, 0xfe, 0xca, 0xfb, 0xd3, 0xfc, 0x01, 0xb4, 0x64, 0x06,
  0x1f, 0xb4, 0x08, 0x0f, 0x08, 0x02, 0x02, 0xfe, 0xdb, 0x0a, 0x2f, 0x02,
  0x7f, 0x01, 0x39, 0x01, 0x9e, 0xfe, 0x83, 0xfe, 0xdd, 0xfe, 0xc9, 0xfe,
  0x5a, 0x01, 0x85, 0x01, 0x56, 0xfe, 0xe7, 0xfe, 0x8a, 0x60, 0xac, 0xcd,
  0x7b, 0x01, 0x21, 0x01, 0x72, 0xfe, 0xb2, 0x01, 0xea, 0x01, 0x50, 0x1b,
  0x01, 0x02, 0x04, 0x08, 0x08, 0x08, 0x02, 0xfe, 0xa0, 0x0c, 0x07, 0x00,
  0x00, 0x03, 0x00, 0x6d, 0xff, 0xd9, 0x06, 0x27, 0x06, 0xf9, 0x00, 0x0b,
  0x00, 0x19, 0x00, 0x2c, 0x00, 0x47, 0x00, 0xb2, 0x09, 0x00, 0x00, 0x2b,
  0xb1, 0x0f, 0x04, 0xe9, 0xb2, 0x03, 0x02, 0x00, 0x2b, 0xb1, 0x17, 0x06,
  0xe9, 0x01, 0xb0, 0x2d, 0x2f, 0xb0, 0x00, 0xd6, 0xb1, 0x0c, 0x0f, 0xe9,
  0xb0, 0x0c, 0x10, 0xb1, 0x14, 0x01, 0x2b, 0xb1, 0x06, 0x0f, 0xe9, 0xb1,
  0x2e, 0x01, 0x2b, 0xb1, 0x14, 0x0c, 0x11, 0x12, 0xb3, 0x03, 0x09, 0x2c,
  0x24, 0x24, 0x17, 0x39, 0x00, 0xb1, 0x17, 0x0f, 0x11, 0x12, 0xb1, 0x06,
  0x00, 0x39, 0x39, 0x30, 0x31, 0x13, 0x10, 0x00, 0x21, 0x20, 0x00, 0x11,
  0x10, 0x00, 0x21, 0x20, 0x00, 0x13, 0x10, 0x00, 0x33, 0x32, 0x3e, 0x02,
  0x35, 0x10, 0x00, 0x23, 0x22, 0x02, 0x01, 0x13, 0x36, 0x37, 0x3e, 0x01,
  0x17, 0x16, 0x17, 0x13, 0x16, 0x07, 0x06, 0x2f, 0x01, 0x07, 0x06, 0x27,
  0x26, 0x6d, 0x01, 0x9f, 0x01, 0x44, 0x01, 0x3f, 0x01, 0x98, 0xfe, 0x60,
  0xfe, 0xc5, 0xfe, 0xc1, 0xfe, 0x60, 0xdd, 0x01, 0x37, 0xf0, 0x83, 0xbc,
  0x6b, 0x2f, 0xfe, 0xca, 0xfb, 0xd3, 0xfc, 0x01, 0x04, 0xb6, 0x08, 0x13,
  0x0c, 0x79, 0x14, 0x17, 0x0c, 0xb2, 0x0e, 0x0e, 0x21, 0x08, 0xfa, 0xeb,
  0x12, 0x19, 0x0a, 0x02, 0x7f, 0x01, 0x39, 0x01, 0x9e, 0xfe, 0x83, 0xfe,
  0xdd, 0xfe, 0xc9, 0xfe, 0x5a, 0x01, 0x85, 0x01, 0x56, 0xfe, 0xe7, 0xfe,
  0x8a, 0x60, 0xac, 0xcd, 0x7b, 0x01, 0x21, 0x01, 0x72, 0xfe, 0xb2, 0x01,
  0xe4, 0x01, 0x3f, 0x0c, 0x09, 0x02, 0x02, 0x02, 0x02, 0x13, 0xfe, 0xc9,
  0x19, 0x02, 0x08, 0x0d, 0xd4, 0xd4, 0x10, 0x0d, 0x06, 0x00, 0x00, 0x00,
  0x00, 0x03, 0x00, 0x6d, 0xff, 0xd9, 0x06, 0x27, 0x06, 0xb8, 0x00, 0x0b,
  0x00, 0x19, 0x00, 0x38, 0x00, 0x8a, 0x00, 0xb2, 0x09, 0x00, 0x00, 0x2b,
  0xb1, 0x0f, 0x04, 0xe9, 0xb2, 0x03, 0x02, 0x00, 0x2b, 0xb1, 0x17, 0x06,
  0xe9, 0xb0, 0x2c, 0x2f, 0xb4, 0x20, 0x0a, 0x00, 0x1c, 0x04, 0x2b, 0xb3,
  0x30, 0x20, 0x2c, 0x08, 0x2b, 0xb4, 0x1c, 0x0a, 0x00, 0x1d, 0x04, 0x2b,
  0x01, 0xb0, 0x39, 0x2f, 0xb0, 0x00, 0xd6, 0xb1, 0x0c, 0x0f, 0xe9, 0xb0,
  0x0c, 0x10, 0xb1, 0x1a, 0x01, 0x2b, 0xb4, 0x36, 0x0c, 0x00, 0x1e, 0x04,
  0x2b, 0xb0, 0x36, 0x10, 0xb1, 0x23, 0x01, 0x2b, 0xb4, 0x29, 0x0c, 0x00,
  0x1e, 0x04, 0x2b, 0xb0, 0x29, 0x10, 0xb1, 0x14, 0x01, 0x2b, 0xb1, 0x06,
  0x0f, 0xe9, 0xb1, 0x3a, 0x01, 0x2b, 0xb1, 0x23, 0x36, 0x11, 0x12, 0xb5,
  0x03, 0x0f, 0x17, 0x1c, 0x09, 0x2c, 0x24, 0x17, 0x39, 0x00, 0xb1, 0x17,
  0x0f, 0x11, 0x12, 0xb1, 0x06, 0x00, 0x39, 0x39, 0xb1, 0x2c, 0x03, 0x11,
  0x12, 0xb0, 0x38, 0x39, 0xb0, 0x20, 0x11, 0xb0, 0x33, 0x39, 0x30, 0x31,
  0x13, 0x10, 0x00, 0x21, 0x20, 0x00, 0x11, 0x10, 0x00, 0x21, 0x20, 0x00,
  0x13, 0x10, 0x00, 0x33, 0x32, 0x3e, 0x02, 0x35, 0x10, 0x00, 0x23, 0x22,
  0x02, 0x13, 0x12, 0x33, 0x32, 0x17, 0x16, 0x33, 0x32, 0x36, 0x37, 0x34,
  0x33, 0x36, 0x07, 0x16, 0x15, 0x14, 0x06, 0x23, 0x22, 0x27, 0x26, 0x27,
  0x22, 0x06, 0x07, 0x14, 0x06, 0x07, 0x0e, 0x01, 0x6d, 0x01, 0x9f, 0x01,
  0x46, 0x01, 0x3f, 0x01, 0x96, 0xfe, 0x60, 0xfe, 0xc7, 0xfe, 0xc1, 0xfe,
  0x5e, 0xdd, 0x01, 0x37, 0xf0, 0x83, 0xbc, 0x6b, 0x2f, 0xfe, 0xca, 0xfb,
  0xd3, 0xfc, 0xac, 0x0c, 0xbc, 0x52, 0x77, 0x52, 0x27, 0x23, 0x23, 0x0c,
  0x1b, 0x19, 0x01, 0x04, 0x72, 0x59, 0x52, 0x74, 0x54, 0x25, 0x1f, 0x21,
  0x0c, 0x04, 0x02, 0x06, 0x2d, 0x02, 0x7f, 0x01, 0x39, 0x01, 0x9e, 0xfe,
  0x83, 0xfe, 0xdd, 0xfe, 0xc9, 0xfe, 0x5a, 0x01, 0x85, 0x01, 0x56, 0xfe,
  0xe7, 0xfe, 0x8a, 0x60, 0xac, 0xcd, 0x7b, 0x01, 0x21, 0x01, 0x72, 0xfe,
  0xb2, 0x01, 0xdc, 0x01, 0x14, 0x52, 0x37, 0x37, 0x50, 0x0c, 0x04, 0x10,
  0x0d, 0x0e, 0x6f, 0x8f, 0x50, 0x3b, 0x01, 0x29, 0x38, 0x04, 0x16, 0x0a,
  0x0e, 0x05, 0x00, 0x00, 0x00, 0x04, 0x00, 0x6d, 0xff, 0xd9, 0x06, 0x27,
  0x06, 0x98, 0x00, 0x0b, 0x00, 0x19, 0x00, 0x21, 0x00, 0x29, 0x00, 0x73,
  0x00, 0xb2, 0x09, 0x00, 0x00, 0x2b, 0xb1, 0x0f, 0x04, 0xe9, 0xb2, 0x03,
  0x02, 0x00, 0x2b, 0xb1, 0x17, 0x06, 0xe9, 0xb0, 0x21, 0x2f, 0xb0, 0x28,
  0x33, 0xb4, 0x1d, 0x0a, 0x00, 0x11, 0x04, 0x2b, 0xb0, 0x24, 0x32, 0x01,
  0xb0, 0x2a, 0x2f, 0xb0, 0x00, 0xd6, 0xb1, 0x0c, 0x0f, 0xe9, 0xb0, 0x0c,
  0x10, 0xb1, 0x1b, 0x01, 0x2b, 0xb4, 0x1f, 0x0f, 0x00, 0x19, 0x04, 0x2b,
  0xb0, 0x1f, 0x10, 0xb1, 0x23, 0x01, 0x2b, 0xb4, 0x27, 0x0f, 0x00, 0x19,
  0x04, 0x2b, 0xb0, 0x27, 0x10, 0xb1, 0x14, 0x01, 0x2b, 0xb1, 0x06, 0x0f,
  0xe9, 0xb1, 0x2b, 0x01, 0x2b, 0xb1, 0x23, 0x1f, 0x11, 0x12, 0xb3, 0x09,
  0x0f, 0x17, 0x03, 0x24, 0x17, 0x39, 0x00, 0xb1, 0x17, 0x0f, 0x11, 0x12,
  0xb1, 0x06, 0x00, 0x39, 0x39, 0x30, 0x31, 0x13, 0x10, 0x00, 0x21, 0x20,
  0x00, 0x11, 0x10, 0x00, 0x21, 0x20, 0x00, 0x13, 0x10, 0x00, 0x33, 0x32,
  0x3e, 0x02, 0x35, 0x10, 0x00, 0x23, 0x22, 0x02, 0x12, 0x34, 0x36, 0x32,
  0x16, 0x14, 0x06, 0x22, 0x24, 0x34, 0x36, 0x32, 0x16, 0x14, 0x06, 0x22,
  0x6d, 0x01, 0x9f, 0x01, 0x46, 0x01, 0x3f, 0x01, 0x96, 0xfe, 0x60, 0xfe,
  0xc7, 0xfe, 0xc1, 0xfe, 0x5e, 0xdd, 0x01, 0x37, 0xf0, 0x83, 0xbc, 0x6b,
  0x2f, 0xfe, 0xca, 0xfb, 0xd3, 0xfc, 0xd5, 0x49, 0x67, 0x48, 0x48, 0x67,
  0x01, 0x23, 0x48, 0x66, 0x4a, 0x4a, 0x66, 0x02, 0x7f, 0x01, 0x39, 0x01,
  0x9e, 0xfe, 0x83, 0xfe, 0xdd, 0xfe, 0xc9, 0xfe, 0x5a, 0x01, 0x85, 0x01,
  0x56, 0xfe, 0xe7, 0xfe, 0x8a, 0x60, 0xac, 0xcd, 0x7b, 0x01, 0x21, 0x01,
  0x72, 0xfe, 0xb2, 0x02, 0x2b, 0x67, 0x48, 0x48, 0x67, 0x47, 0x47, 0x67,
  0x48, 0x48, 0x67, 0x47, 0x00, 0x01, 0x00, 0xdf, 0x00, 0xbc, 0x04, 0xcb,
  0x04, 0xb0, 0x00, 0x2a, 0x00, 0x00, 0x37, 0x26, 0x37, 0x01, 0x36, 0x27,
  0x01, 0x26, 0x3f, 0x01, 0x36, 0x17, 0x16, 0x17, 0x16, 0x36, 0x37, 0x36,
  0x37, 0x3e, 0x01, 0x1f, 0x01, 0x16, 0x07, 0x06, 0x00, 0x07, 0x06, 0x17,
  0x01, 0x16, 0x0f, 0x01, 0x06, 0x27, 0x01, 0x26, 0x07, 0x06, 0x07, 0x06,
  0x27, 0xdf, 0x21, 0x21, 0x01, 0x73, 0x1f, 0x1d, 0xfe, 0x98, 0x2b, 0x1e,
  0x2b, 0x1b, 0x1a, 0x9e, 0xd5, 0x17, 0x1a, 0x1b, 0x89, 0xcd, 0x0a, 0x31,
  0x07, 0x35, 0x1b, 0x1d, 0x21, 0xfe, 0xd5, 0x2f, 0x21, 0x1d, 0x01, 0x74,
  0x27, 0x1e, 0x2d, 0x23, 0x19, 0xfe, 0xa0, 0x2b, 0x31, 0x64, 0xf2, 0x25,
  0x25, 0xe3, 0x1d, 0x1f, 0x01, 0x72, 0x1f, 0x1f, 0x01, 0x6c, 0x2b, 0x1d,
  0x2b, 0x1b, 0x1b, 0x98, 0xe3, 0x14, 0x02, 0x16, 0x7f, 0xe6, 0x0e, 0x0c,
  0x06, 0x2f, 0x1b, 0x1e, 0x1f, 0xfe, 0xcf, 0x2b, 0x19, 0x1c, 0xfe, 0x8d,
  0x27, 0x19, 0x24, 0x1d, 0x18, 0x01, 0x67, 0x2f, 0x35, 0x6f, 0xe9, 0x25,
  0x23, 0x00, 0x00, 0x00, 0x00, 0x03, 0x00, 0x66, 0xff, 0x75, 0x06, 0x71,
  0x05, 0x98, 0x00, 0x28, 0x00, 0x35, 0x00, 0x44, 0x00, 0x74, 0x00, 0xb2,
  0x15, 0x00, 0x00, 0x2b, 0xb1, 0x3a, 0x06, 0xe9, 0xb0, 0x33, 0x2f, 0xb1,
  0x03, 0x06, 0xe9, 0x01, 0xb0, 0x45, 0x2f, 0xb0, 0x01, 0xd6, 0xb1, 0x29,
  0x0f, 0xe9, 0xb0, 0x29, 0x10, 0xb1, 0x3e, 0x01, 0x2b, 0xb1, 0x12, 0x0f,
  0xe9, 0xb1, 0x46, 0x01, 0x2b, 0xb1, 0x29, 0x01, 0x11, 0x12, 0xb2, 0x1a,
  0x22, 0x24, 0x39, 0x39, 0x39, 0xb0, 0x3e, 0x11, 0x40, 0x0c, 0x07, 0x0e,
  0x03, 0x10, 0x15, 0x19, 0x25, 0x0f, 0x28, 0x26, 0x30, 0x37, 0x24, 0x17,
  0x39, 0xb0, 0x12, 0x12, 0xb2, 0x08, 0x0d, 0x0c, 0x39, 0x39, 0x39, 0x00,
  0xb1, 0x33, 0x3a, 0x11, 0x12, 0x40, 0x0c, 0x01, 0x05, 0x07, 0x0e, 0x12,
  0x17, 0x18, 0x19, 0x25, 0x2c, 0x06, 0x41, 0x24, 0x17, 0x39, 0xb0, 0x03,
  0x11, 0xb0, 0x0d, 0x39, 0x30, 0x31, 0x12, 0x10, 0x00, 0x21, 0x32, 0x17,
  0x16, 0x3f, 0x01, 0x36, 0x1f, 0x01, 0x16, 0x0f, 0x01, 0x06, 0x17, 0x16,
  0x11, 0x10, 0x00, 0x21, 0x22, 0x27, 0x26, 0x0f, 0x01, 0x06, 0x2f, 0x01,
  0x2e, 0x02, 0x34, 0x26, 0x36, 0x3f, 0x01, 0x36, 0x34, 0x27, 0x03, 0x14,
  0x17, 0x16, 0x37, 0x00, 0x01, 0x36, 0x27, 0x26, 0x23, 0x22, 0x00, 0x13,
  0x06, 0x17, 0x16, 0x33, 0x32, 0x37, 0x36, 0x35, 0x34, 0x27, 0x26, 0x07,
  0x06, 0x00, 0x66, 0x01, 0xc3, 0x01, 0x4c, 0xf6, 0xc0, 0x14, 0x17, 0x7d,
  0x10, 0x15, 0x10, 0x14, 0x1c, 0x79, 0x10, 0x18, 0xe2, 0xfe, 0x43, 0xfe,
  0xbb, 0xe3, 0xc7, 0x23, 0x19, 0x99, 0x17, 0x10, 0x08, 0x06, 0x03, 0x0a,
  0x02, 0x04, 0x04, 0xa0, 0x0c, 0x08, 0x12, 0x7b, 0x1b, 0x1a, 0x01, 0x9e,
  0x01, 0x28, 0x20, 0x1b, 0xa2, 0xe6, 0xd9, 0xfe, 0xe6, 0xdd, 0x17, 0x1d,
  0xa2, 0xc8, 0xfc, 0x8c, 0x76, 0x7a, 0x10, 0x19, 0x62, 0xfd, 0xe5, 0x01,
  0x52, 0x02, 0x6f, 0x01, 0xa5, 0x74, 0x0c, 0x18, 0x98, 0x10, 0x0e, 0x0d,
  0x0e, 0x21, 0x89, 0x12, 0x17, 0xc3, 0xfe, 0xd5, 0xfe, 0xc5, 0xfe, 0x54,
  0x6d, 0x12, 0x1d, 0xb6, 0x1b, 0x0f, 0x04, 0x06, 0x04, 0x08, 0x06, 0x09,
  0x0a, 0x04, 0xb2, 0x0c, 0x1d, 0x06, 0x02, 0x33, 0xf0, 0xaf, 0x25, 0x1f,
  0x01, 0xfa, 0x01, 0x45, 0x1a, 0x17, 0x96, 0xfe, 0xaa, 0xfd, 0x1a, 0x1d,
  0x1c, 0x89, 0xca, 0xa9, 0xe9, 0xfa, 0xb2, 0x17, 0x1d, 0x71, 0xfd, 0x8b,
  0x00, 0x02, 0x00, 0x30, 0xff, 0xd9, 0x06, 0x58, 0x07, 0x0c, 0x00, 0x3b,
  0x00, 0x48, 0x00, 0x76, 0x00, 0xb2, 0x31, 0x00, 0x00, 0x2b, 0xb4, 0x14,
  0x0a, 0x00, 0x1f, 0x04, 0x2b, 0xb2, 0x02, 0x02, 0x00, 0x2b, 0xb0, 0x20,
  0x33, 0xb1, 0x3a, 0x03, 0xe9, 0xb2, 0x09, 0x1c, 0x25, 0x32, 0x32, 0x32,
  0x01, 0xb0, 0x49, 0x2f, 0xb0, 0x36, 0xd6, 0xb1, 0x11, 0x0b, 0xe9, 0xb0,
  0x11, 0x10, 0xb1, 0x47, 0x01, 0x2b, 0xb4, 0x44, 0x0c, 0x00, 0x1e, 0x04,
  0x2b, 0xb0, 0x44, 0x10, 0xb1, 0x18, 0x01, 0x2b, 0xb1, 0x29, 0x0c, 0xe9,
  0xb2, 0x29, 0x18, 0x0a, 0x2b, 0xb3, 0x40, 0x29, 0x24, 0x09, 0x2b, 0xb1,
  0x4a, 0x01, 0x2b, 0xb1, 0x47, 0x11, 0x11, 0x12, 0xb4, 0x04, 0x07, 0x14,
  0x31, 0x3d, 0x24, 0x17, 0x39, 0xb1, 0x18, 0x44, 0x11, 0x12, 0xb0, 0x1f,
  0x39, 0x00, 0xb1, 0x3a, 0x14, 0x11, 0x12, 0xb1, 0x29, 0x36, 0x39, 0x39,
  0x30, 0x31, 0x12, 0x36, 0x33, 0x36, 0x20, 0x17, 0x32, 0x16, 0x06, 0x27,
  0x23, 0x22, 0x06, 0x07, 0x14, 0x06, 0x15, 0x11, 0x14, 0x12, 0x33, 0x20,
  0x37, 0x36, 0x27, 0x11, 0x34, 0x26, 0x2f, 0x01, 0x22, 0x26, 0x33, 0x36,
  0x05, 0x32, 0x14, 0x07, 0x0e, 0x01, 0x15, 0x11, 0x14, 0x0e, 0x02, 0x07,
  0x0e, 0x01, 0x23, 0x20, 0x03, 0x2e, 0x01, 0x35, 0x11, 0x34, 0x26, 0x27,
  0x22, 0x01, 0x26, 0x36, 0x33, 0x37, 0x32, 0x17, 0x16, 0x17, 0x14, 0x06,
  0x27, 0x26, 0x2d, 0x06, 0x0f, 0x2b, 0x01, 0x7f, 0x7e, 0x0c, 0x09, 0x0a,
  0x0b, 0x14, 0x5a, 0x3e, 0x04, 0x02, 0xc1, 0xed, 0x01, 0x31, 0x5b, 0x21,
  0x01, 0x41, 0x77, 0x0e, 0x10, 0x07, 0x17, 0xe3, 0x01, 0x17, 0x12, 0x12,
  0x77, 0x46, 0x06, 0x1f, 0x49, 0x3e, 0x5c, 0xb8, 0x92, 0xfe, 0x77, 0x8d,
  0x1f, 0x10, 0x3c, 0x74, 0x0a, 0x02, 0x41, 0x08, 0x14, 0x13, 0x9d, 0x1d,
  0x0a, 0x3c, 0x29, 0x29, 0x0b, 0x73, 0x05, 0x12, 0x21, 0x04, 0x04, 0x23,
  0x20, 0x02, 0x3a, 0x54, 0x0e, 0x3d, 0x0f, 0xfe, 0x71, 0xfa, 0xfe, 0xdf,
  0xf4, 0x56, 0xc5, 0x01, 0x72, 0xac, 0x61, 0x02, 0x04, 0x3f, 0x04, 0x04,
  0x3d, 0x02, 0x04, 0x61, 0xa6, 0xfe, 0x88, 0x64, 0x69, 0x90, 0x6e, 0x35,
  0x52, 0x46, 0x01, 0x33, 0x46, 0x75, 0x95, 0x02, 0x15, 0x54, 0x2b, 0x02,
  0x01, 0xf1, 0x0a, 0x1d, 0x02, 0x10, 0x9c, 0xb2, 0x12, 0x09, 0x0d, 0x98,
  0x00, 0x02, 0x00, 0x30, 0xff, 0xd9, 0x06, 0x58, 0x07, 0x14, 0x00, 0x3b,
  0x00, 0x4a, 0x00, 0x77, 0x00, 0xb2, 0x31, 0x00, 0x00, 0x2b, 0xb4, 0x14,
  0x0a, 0x00, 0x1f, 0x04, 0x2b, 0xb2, 0x02, 0x02, 0x00, 0x2b, 0xb0, 0x20,
  0x33, 0xb1, 0x3a, 0x03, 0xe9, 0xb2, 0x09, 0x1c, 0x25, 0x32, 0x32, 0x32,
  0x01, 0xb0, 0x4b, 0x2f, 0xb0, 0x36, 0xd6, 0xb1, 0x11, 0x0b, 0xe9, 0xb0,
  0x11, 0x10, 0xb1, 0x3c, 0x01, 0x2b, 0xb4, 0x48, 0x0c, 0x00, 0x1e, 0x04,
  0x2b, 0xb0, 0x48, 0x10, 0xb1, 0x18, 0x01, 0x2b, 0xb1, 0x29, 0x0c, 0xe9,
  0xb2, 0x29, 0x18, 0x0a, 0x2b, 0xb3, 0x40, 0x29, 0x24, 0x09, 0x2b, 0xb1,
  0x4c, 0x01, 0x2b, 0xb1, 0x3c, 0x11, 0x11, 0x12, 0xb1, 0x04, 0x07, 0x39,
  0x39, 0xb1, 0x18, 0x48, 0x11, 0x12, 0xb3, 0x14, 0x1f, 0x31, 0x44, 0x24,
  0x17, 0x39, 0x00, 0xb1, 0x3a, 0x14, 0x11, 0x12, 0xb1, 0x29, 0x36, 0x39,
  0x39, 0x30, 0x31, 0x12, 0x36, 0x33, 0x36, 0x20, 0x17, 0x32, 0x16, 0x06,
  0x27, 0x23, 0x22, 0x06, 0x07, 0x14, 0x06, 0x15, 0x11, 0x14, 0x12, 0x33,
  0x20, 0x37, 0x36, 0x27, 0x11, 0x34, 0x26, 0x2f, 0x01, 0x22, 0x26, 0x33,
  0x36, 0x05, 0x32, 0x14, 0x07, 0x0e, 0x01, 0x15, 0x11, 0x14, 0x0e, 0x02,
  0x07, 0x0e, 0x01, 0x23, 0x20, 0x03, 0x2e, 0x01, 0x35, 0x11, 0x34, 0x26,
  0x27, 0x22, 0x25, 0x13, 0x36, 0x17, 0x37, 0x32, 0x1e, 0x01, 0x15, 0x14,
  0x15, 0x07, 0x01, 0x06, 0x26, 0x2d, 0x06, 0x0f, 0x2b, 0x01, 0x7f, 0x7e,
  0x0c, 0x09, 0x0a, 0x0b, 0x14, 0x5a, 0x3e, 0x04, 0x02, 0xc1, 0xed, 0x01,
  0x31, 0x5b, 0x21, 0x01, 0x41, 0x77, 0x0e, 0x10, 0x07, 0x17, 0xe3, 0x01,
  0x17, 0x12, 0x12, 0x77, 0x46, 0x06, 0x1f, 0x49, 0x3e, 0x5c, 0xb8, 0x92,
  0xfe, 0x77, 0x8d, 0x1f, 0x10, 0x3c, 0x74, 0x0a, 0x02, 0xa5, 0x65, 0x06,
  0x1e, 0xb7, 0x08, 0x0c, 0x08, 0x02, 0xfe, 0xd9, 0x0a, 0x2f, 0x05, 0x12,
  0x21, 0x04, 0x04, 0x23, 0x20, 0x02, 0x3a, 0x54, 0x0e, 0x3d, 0x0f, 0xfe,
  0x71, 0xfa, 0xfe, 0xdf, 0xf4, 0x56, 0xc5, 0x01, 0x72, 0xac, 0x61, 0x02,
  0x04, 0x3f, 0x04, 0x04, 0x3d, 0x02, 0x04, 0x61, 0xa6, 0xfe, 0x88, 0x64,
  0x69, 0x90, 0x6e, 0x35, 0x52, 0x46, 0x01, 0x33, 0x46, 0x75, 0x95, 0x02,
  0x15, 0x54, 0x2b, 0x02, 0xb6, 0x01, 0x50, 0x1b, 0x01, 0x02, 0x04, 0x08,
  0x08, 0x02, 0x04, 0x04, 0xfe, 0xa0, 0x0c, 0x07, 0x00, 0x02, 0x00, 0x30,
  0xff, 0xd9, 0x06, 0x58, 0x06, 0xf9, 0x00, 0x3b, 0x00, 0x4e, 0x00, 0x62,
  0x00, 0xb2, 0x31, 0x00, 0x00, 0x2b, 0xb4, 0x14, 0x0a, 0x00, 0x1f, 0x04,
  0x2b, 0xb2, 0x02, 0x02, 0x00, 0x2b, 0xb0, 0x20, 0x33, 0xb1, 0x3a, 0x03,
  0xe9, 0xb2, 0x09, 0x1c, 0x25, 0x32, 0x32, 0x32, 0x01, 0xb0, 0x4f, 0x2f,
  0xb0, 0x36, 0xd6, 0xb1, 0x11, 0x0b, 0xe9, 0xb0, 0x11, 0x10, 0xb1, 0x18,
  0x01, 0x2b, 0xb1, 0x29, 0x0c, 0xe9, 0xb2, 0x29, 0x18, 0x0a, 0x2b, 0xb3,
  0x40, 0x29, 0x24, 0x09, 0x2b, 0xb1, 0x50, 0x01, 0x2b, 0xb1, 0x18, 0x11,
  0x11, 0x12, 0xb6, 0x04, 0x07, 0x14, 0x1f, 0x31, 0x4e, 0x46, 0x24, 0x17,
  0x39, 0x00, 0xb1, 0x3a, 0x14, 0x11, 0x12, 0xb1, 0x29, 0x36, 0x39, 0x39,
  0x30, 0x31, 0x12, 0x36, 0x33, 0x36, 0x20, 0x17, 0x32, 0x16, 0x06, 0x27,
  0x23, 0x22, 0x06, 0x07, 0x14, 0x06, 0x15, 0x11, 0x14, 0x12, 0x33, 0x20,
  0x37, 0x36, 0x27, 0x11, 0x34, 0x26, 0x2f, 0x01, 0x22, 0x26, 0x33, 0x36,
  0x05, 0x32, 0x14, 0x07, 0x0e, 0x01, 0x15, 0x11, 0x14, 0x0e, 0x02, 0x07,
  0x0e, 0x01, 0x23, 0x20, 0x03, 0x2e, 0x01, 0x35, 0x11, 0x34, 0x26, 0x27,
  0x22, 0x25, 0x13, 0x36, 0x37, 0x3e, 0x01, 0x17, 0x16, 0x17, 0x13, 0x16,
  0x07, 0x06, 0x2f, 0x01, 0x07, 0x06, 0x27, 0x26, 0x2d, 0x06, 0x0f, 0x2b,
  0x01, 0x7f, 0x7e, 0x0c, 0x09, 0x0a, 0x0b, 0x14, 0x5a, 0x3e, 0x04, 0x02,
  0xc1, 0xed, 0x01, 0x31, 0x5b, 0x21, 0x01, 0x41, 0x77, 0x0e, 0x10, 0x07,
  0x17, 0xe3, 0x01, 0x17, 0x12, 0x12, 0x77, 0x46, 0x06, 0x1f, 0x49, 0x3e,
  0x5c, 0xb8, 0x92, 0xfe, 0x77, 0x8d, 0x1f, 0x10, 0x3c, 0x74, 0x0a, 0x01,
  0xf7, 0xb4, 0x08, 0x13, 0x0c, 0x79, 0x17, 0x19, 0x07, 0xb5, 0x0e, 0x10,
  0x1d, 0x0c, 0xfa, 0xec, 0x10, 0x19, 0x0a, 0x05, 0x12, 0x21, 0x04, 0x04,
  0x23, 0x20, 0x02, 0x3a, 0x54, 0x0e, 0x3d, 0x0f, 0xfe, 0x71, 0xfa, 0xfe,
  0xdf, 0xf4, 0x56, 0xc5, 0x01, 0x72, 0xac, 0x61, 0x02, 0x04, 0x3f, 0x04,
  0x04, 0x3d, 0x02, 0x04, 0x61, 0xa6, 0xfe, 0x88, 0x64, 0x69, 0x90, 0x6e,
  0x35, 0x52, 0x46, 0x01, 0x33, 0x46, 0x75, 0x95, 0x02, 0x15, 0x54, 0x2b,
  0x02, 0xb0, 0x01, 0x3f, 0x0c, 0x09, 0x02, 0x02, 0x02, 0x02, 0x13, 0xfe,
  0xc9, 0x19, 0x02, 0x08, 0x0d, 0xd4, 0xd4, 0x10, 0x0d, 0x06, 0x00, 0x00,
  0x00, 0x03, 0x00, 0x30, 0xff, 0xd9, 0x06, 0x58, 0x06, 0x98, 0x00, 0x3b,
  0x00, 0x43, 0x00, 0x4b, 0x00, 0x9e, 0x00, 0xb2, 0x31, 0x00, 0x00, 0x2b,
  0xb4, 0x14, 0x0a, 0x00, 0x1f, 0x04, 0x2b, 0xb2, 0x02, 0x02, 0x00, 0x2b,
  0xb0, 0x20, 0x33, 0xb1, 0x3a, 0x03, 0xe9, 0xb2, 0x09, 0x1c, 0x25, 0x32,
  0x32, 0x32, 0xb0, 0x43, 0x2f, 0xb0, 0x4a, 0x33, 0xb4, 0x3f, 0x0a, 0x00,
  0x11, 0x04, 0x2b, 0xb0, 0x46, 0x32, 0x01, 0xb0, 0x4c, 0x2f, 0xb0, 0x36,
  0xd6, 0xb1, 0x11, 0x0b, 0xe9, 0xb0, 0x11, 0x10, 0xb1, 0x3d, 0x01, 0x2b,
  0xb4, 0x41, 0x0f, 0x00, 0x19, 0x04, 0x2b, 0xb0, 0x41, 0x10, 0xb1, 0x45,
  0x01, 0x2b, 0xb4, 0x49, 0x0f, 0x00, 0x19, 0x04, 0x2b, 0xb0, 0x49, 0x10,
  0xb1, 0x18, 0x01, 0x2b, 0xb1, 0x29, 0x0c, 0xe9, 0xb2, 0x29, 0x18, 0x0a,
  0x2b, 0xb3, 0x40, 0x29, 0x24, 0x09, 0x2b, 0xb1, 0x4d, 0x01, 0x2b, 0xb1,
  0x3d, 0x11, 0x11, 0x12, 0xb0, 0x04, 0x39, 0xb0, 0x41, 0x11, 0xb1, 0x0a,
  0x07, 0x39, 0x39, 0xb0, 0x45, 0x12, 0xb1, 0x31, 0x14, 0x39, 0x39, 0xb0,
  0x49, 0x11, 0xb1, 0x1c, 0x1f, 0x39, 0x39, 0x00, 0xb1, 0x3a, 0x14, 0x11,
  0x12, 0xb1, 0x29, 0x36, 0x39, 0x39, 0x30, 0x31, 0x12, 0x36, 0x33, 0x36,
  0x20, 0x17, 0x32, 0x16, 0x06, 0x27, 0x23, 0x22, 0x06, 0x07, 0x14, 0x06,
  0x15, 0x11, 0x14, 0x12, 0x33, 0x20, 0x37, 0x36, 0x27, 0x11, 0x34, 0x26,
  0x2f, 0x01, 0x22, 0x26, 0x33, 0x36, 0x05, 0x32, 0x14, 0x07, 0x0e, 0x01,
  0x15, 0x11, 0x14, 0x0e, 0x02, 0x07, 0x0e, 0x01, 0x23, 0x20, 0x03, 0x2e,
  0x01, 0x35, 0x11, 0x34, 0x26, 0x27, 0x22, 0x24, 0x34, 0x36, 0x32, 0x16,
  0x14, 0x06, 0x22, 0x24, 0x34, 0x36, 0x32, 0x16, 0x14, 0x06, 0x22, 0x2d,
  0x06, 0x0f, 0x2b, 0x01, 0x7f, 0x7e, 0x0c, 0x09, 0x0a, 0x0b, 0x14, 0x5a,
  0x3e, 0x04, 0x02, 0xc1, 0xed, 0x01, 0x31, 0x5b, 0x21, 0x01, 0x41, 0x77,
  0x0e, 0x10, 0x07, 0x17, 0xe3, 0x01, 0x17, 0x12, 0x12, 0x77, 0x46, 0x06,
  0x1f, 0x49, 0x3e, 0x5c, 0xb8, 0x92, 0xfe, 0x77, 0x8d, 0x1f, 0x10, 0x3c,
  0x74, 0x0a, 0x01, 0xe7, 0x49, 0x67, 0x48, 0x48, 0x67, 0x01, 0x21, 0x4a,
  0x66, 0x48, 0x48, 0x66, 0x05, 0x12, 0x21, 0x04, 0x04, 0x23, 0x20, 0x02,
  0x3a, 0x54, 0x0e, 0x3d, 0x0f, 0xfe, 0x71, 0xfa, 0xfe, 0xdf, 0xf4, 0x56,
  0xc5, 0x01, 0x72, 0xac, 0x61, 0x02, 0x04, 0x3f, 0x04, 0x04, 0x3d, 0x02,
  0x04, 0x61, 0xa6, 0xfe, 0x88, 0x64, 0x69, 0x90, 0x6e, 0x35, 0x52, 0x46,
  0x01, 0x33, 0x46, 0x75, 0x95, 0x02, 0x15, 0x54, 0x2b, 0x02, 0xf7, 0x67,
  0x48, 0x48, 0x67, 0x47, 0x47, 0x67, 0x48, 0x48, 0x67, 0x47, 0x00, 0x00,
  0x00, 0x02, 0x00, 0x21, 0xff, 0xf8, 0x05, 0xd7, 0x07, 0x14, 0x00, 0x47,
  0x00, 0x56, 0x00, 0x8c, 0x00, 0xb2, 0x34, 0x00, 0x00, 0x2b, 0xb1, 0x2e,
  0x04, 0xe9, 0xb1, 0x3b, 0x3e, 0x32, 0x32, 0xb2, 0x1c, 0x02, 0x00, 0x2b,
  0xb0, 0x04, 0x33, 0xb1, 0x19, 0x03, 0xe9, 0xb2, 0x0a, 0x22, 0x46, 0x32,
  0x32, 0x32, 0x01, 0xb0, 0x57, 0x2f, 0xb0, 0x48, 0xd6, 0xb4, 0x54, 0x0c,
  0x00, 0x1e, 0x04, 0x2b, 0xb0, 0x54, 0x10, 0xb1, 0x40, 0x0b, 0x2b, 0xb0,
  0x42, 0x32, 0xb1, 0x2b, 0x0b, 0xe9, 0xb2, 0x2b, 0x40, 0x0a, 0x2b, 0xb3,
  0x40, 0x2b, 0x33, 0x09, 0x2b, 0xb0, 0x2b, 0x10, 0xb1, 0x15, 0x01, 0x2b,
  0xb4, 0x20, 0x0f, 0x00, 0x0c, 0x04, 0x2b, 0xb1, 0x58, 0x01, 0x2b, 0xb1,
  0x2b, 0x54, 0x11, 0x12, 0xb0, 0x41, 0x39, 0xb0, 0x15, 0x11, 0xb4, 0x1a,
  0x1c, 0x34, 0x50, 0x52, 0x24, 0x17, 0x39, 0xb0, 0x20, 0x12, 0xb1, 0x1d,
  0x22, 0x39, 0x39, 0x00, 0xb1, 0x19, 0x2e, 0x11, 0x12, 0xb2, 0x0c, 0x10,
  0x3c, 0x39, 0x39, 0x39, 0xb0, 0x1c, 0x11, 0xb0, 0x20, 0x39, 0x30, 0x31,
  0x13, 0x26, 0x37, 0x36, 0x17, 0x04, 0x37, 0x32, 0x16, 0x06, 0x23, 0x22,
  0x15, 0x14, 0x17, 0x01, 0x16, 0x36, 0x37, 0x13, 0x36, 0x35, 0x34, 0x26,
  0x2b, 0x01, 0x26, 0x36, 0x33, 0x16, 0x25, 0x32, 0x15, 0x14, 0x27, 0x06,
  0x07, 0x06, 0x07, 0x01, 0x1c, 0x02, 0x15, 0x14, 0x16, 0x17, 0x32, 0x36,
  0x17, 0x16, 0x14, 0x23, 0x24, 0x07, 0x22, 0x26, 0x37, 0x36, 0x37, 0x36,
  0x16, 0x33, 0x36, 0x37, 0x36, 0x27, 0x01, 0x2e, 0x01, 0x27, 0x22, 0x25,
  0x13, 0x36, 0x17, 0x37, 0x32, 0x1e, 0x01, 0x15, 0x14, 0x15, 0x07, 0x01,
  0x06, 0x26, 0x21, 0x04, 0x04, 0x04, 0x12, 0x01, 0x8b, 0x9c, 0x08, 0x13,
  0x0a, 0x17, 0x81, 0x42, 0x01, 0x12, 0x08, 0x25, 0x0a, 0xdb, 0x42, 0x2f,
  0x46, 0x14, 0x12, 0x03, 0x15, 0xb2, 0x01, 0x17, 0x12, 0x12, 0x68, 0x42,
  0x1f, 0x4c, 0xfe, 0xd1, 0x33, 0x40, 0x08, 0x31, 0x0a, 0x19, 0x19, 0xfe,
  0x6a, 0xa7, 0x10, 0x0d, 0x06, 0x08, 0x23, 0x0a, 0x2a, 0x04, 0x6d, 0x05,
  0x0a, 0x08, 0xfe, 0x8a, 0x48, 0x60, 0x5f, 0x19, 0x02, 0x5f, 0x64, 0x0e,
  0x17, 0xb7, 0x08, 0x0c, 0x08, 0x02, 0xfe, 0xd9, 0x0a, 0x2f, 0x04, 0xfe,
  0x0c, 0x11, 0x19, 0x01, 0x06, 0x06, 0x21, 0x1e, 0x29, 0x19, 0x66, 0xfe,
  0x5a, 0x0a, 0x12, 0x13, 0x01, 0x72, 0x6d, 0x1c, 0x1f, 0x17, 0x08, 0x39,
  0x06, 0x06, 0x1f, 0x23, 0x01, 0x06, 0x44, 0x21, 0x7f, 0xfd, 0xfe, 0x2d,
  0x7d, 0x83, 0x0e, 0x3b, 0x42, 0x08, 0x02, 0x04, 0x06, 0x46, 0x06, 0x04,
  0x2b, 0x10, 0x14, 0x01, 0x02, 0x04, 0x06, 0x7d, 0x9a, 0x89, 0x02, 0x49,
  0x71, 0x44, 0x04, 0xb8, 0x01, 0x50, 0x1b, 0x01, 0x02, 0x04, 0x08, 0x08,
  0x02, 0x04, 0x04, 0xfe, 0xa0, 0x0c, 0x07, 0x00, 0x00, 0x02, 0x00, 0x27,
  0xff, 0xf6, 0x04, 0x6f, 0x05, 0x46, 0x00, 0x4a, 0x00, 0x5b, 0x00, 0x90,
  0x00, 0xb2, 0x2e, 0x00, 0x00, 0x2b, 0xb0, 0x30, 0x33, 0xb1, 0x29, 0x03,
  0xe9, 0xb0, 0x37, 0x32, 0xb2, 0x03, 0x02, 0x00, 0x2b, 0xb0, 0x05, 0x33,
  0xb1, 0x47, 0x03, 0xe9, 0xb0, 0x0a, 0x32, 0xb4, 0x20, 0x4f, 0x30, 0x03,
  0x0d, 0x2b, 0xb1, 0x20, 0x03, 0xe9, 0xb4, 0x16, 0x57, 0x30, 0x03, 0x0d,
  0x2b, 0xb1, 0x16, 0x07, 0xe9, 0x01, 0xb0, 0x5c, 0x2f, 0xb0, 0x3b, 0xd6,
  0xb1, 0x26, 0x0b, 0xe9, 0xb1, 0x12, 0x4b, 0x32, 0x32, 0xb2, 0x26, 0x3b,
  0x0a, 0x2b, 0xb3, 0x40, 0x26, 0x08, 0x09, 0x2b, 0xb2, 0x3b, 0x26, 0x0a,
  0x2b, 0xb3, 0x40, 0x3b, 0x00, 0x09, 0x2b, 0xb0, 0x26, 0x10, 0xb1, 0x52,
  0x01, 0x2b, 0xb1, 0x1d, 0x0f, 0xe9, 0xb1, 0x5d, 0x01, 0x2b, 0xb1, 0x26,
  0x3b, 0x11, 0x12, 0xb0, 0x2f, 0x39, 0xb0, 0x52, 0x11, 0xb5, 0x04, 0x06,
  0x17, 0x20, 0x2d, 0x2e, 0x24, 0x17, 0x39, 0x00, 0xb1, 0x4f, 0x20, 0x11,
  0x12, 0xb0, 0x23, 0x39, 0xb0, 0x57, 0x11, 0xb0, 0x1d, 0x39, 0x30, 0x31,
  0x13, 0x35, 0x34, 0x37, 0x04, 0x37, 0x32, 0x07, 0x15, 0x14, 0x23, 0x06,
  0x2b, 0x01, 0x0e, 0x01, 0x07, 0x06, 0x07, 0x15, 0x14, 0x16, 0x37, 0x33,
  0x32, 0x17, 0x16, 0x17, 0x16, 0x15, 0x14, 0x04, 0x23, 0x22, 0x27, 0x26,
  0x06, 0x1d, 0x01, 0x14, 0x16, 0x3b, 0x01, 0x16, 0x15, 0x16, 0x23, 0x24,
  0x07, 0x22, 0x26, 0x37, 0x36, 0x37, 0x36, 0x33, 0x32, 0x37, 0x36, 0x37,
  0x35, 0x11, 0x34, 0x27, 0x26, 0x27, 0x26, 0x23, 0x26, 0x27, 0x2b, 0x01,
  0x22, 0x27, 0x26, 0x01, 0x14, 0x17, 0x16, 0x33, 0x32, 0x36, 0x35, 0x34,
  0x26, 0x27, 0x26, 0x23, 0x22, 0x07, 0x06, 0x15, 0x27, 0x1d, 0x01, 0x91,
  0x75, 0x1f, 0x01, 0x08, 0x02, 0x0a, 0x15, 0x42, 0x2a, 0x08, 0x0e, 0x01,
  0x19, 0x10, 0x42, 0xa4, 0x7f, 0x5a, 0x48, 0x83, 0xfe, 0xe7, 0xf2, 0x54,
  0x3f, 0x0c, 0x09, 0x44, 0x5e, 0x2b, 0x2b, 0x04, 0x25, 0xfe, 0xd1, 0xfe,
  0x12, 0x10, 0x02, 0x04, 0x06, 0x06, 0x1d, 0x60, 0x14, 0x0e, 0x01, 0x0f,
  0x0a, 0x23, 0x06, 0x12, 0x23, 0x0c, 0x0d, 0x1c, 0x0e, 0x05, 0x10, 0x01,
  0x95, 0x1b, 0x27, 0x2d, 0xa0, 0xc6, 0x49, 0x42, 0x52, 0x81, 0x27, 0x23,
  0x2d, 0x05, 0x1f, 0x12, 0x14, 0x01, 0x08, 0x06, 0x13, 0x16, 0x17, 0x02,
  0x04, 0x0c, 0x0f, 0x17, 0x30, 0x2d, 0x0e, 0x1b, 0x02, 0x1f, 0x17, 0x39,
  0x68, 0xae, 0xc3, 0xe3, 0x0a, 0x02, 0x10, 0x0b, 0x45, 0x54, 0x3a, 0x04,
  0x10, 0x2f, 0x08, 0x0a, 0x08, 0x10, 0x17, 0x08, 0x0a, 0x21, 0x17, 0x2f,
  0x64, 0x03, 0x5a, 0x73, 0x18, 0x12, 0x05, 0x02, 0x02, 0x02, 0x02, 0x04,
  0xfc, 0x8e, 0x2b, 0x07, 0x06, 0xc7, 0xa2, 0x62, 0x93, 0x23, 0x2b, 0x04,
  0x0c, 0x19, 0x00, 0x00, 0x00, 0x01, 0x00, 0x27, 0xff, 0xdd, 0x04, 0x04,
  0x05, 0xb0, 0x00, 0x50, 0x00, 0xcc, 0x00, 0xb2, 0x4e, 0x00, 0x00, 0x2b,
  0xb0, 0x4c, 0x33, 0xb1, 0x03, 0x03, 0xe9, 0xb0, 0x46, 0x32, 0xb2, 0x1e,
  0x00, 0x00, 0x2b, 0xb1, 0x28, 0x0a, 0xe9, 0xb0, 0x45, 0x32, 0xb2, 0x28,
  0x1e, 0x0a, 0x2b, 0xb3, 0x00, 0x28, 0x24, 0x09, 0x2b, 0xb0, 0x2f, 0x2f,
  0xb1, 0x36, 0x07, 0xe9, 0xb0, 0x3c, 0x2f, 0xb1, 0x0d, 0x06, 0xe9, 0x01,
  0xb0, 0x51, 0x2f, 0xb0, 0x06, 0xd6, 0xb1, 0x42, 0x0d, 0xe9, 0xb2, 0x42,
  0x06, 0x0a, 0x2b, 0xb3, 0x40, 0x42, 0x48, 0x09, 0x2b, 0xb2, 0x06, 0x42,
  0x0a, 0x2b, 0xb3, 0x40, 0x06, 0x00, 0x09, 0x2b, 0xb0, 0x42, 0x10, 0xb1,
  0x2b, 0x01, 0x2b, 0xb1, 0x1b, 0x0b, 0xe9, 0xb2, 0x2b, 0x1b, 0x0a, 0x2b,
  0xb3, 0x00, 0x2b, 0x21, 0x09, 0x2b, 0xb0, 0x2b, 0x10, 0xb0, 0x39, 0x20,
  0xd6, 0x11, 0xb1, 0x10, 0x0d, 0xe9, 0xb2, 0x39, 0x10, 0x0a, 0x2b, 0xb3,
  0x40, 0x39, 0x33, 0x09, 0x2b, 0xb1, 0x52, 0x01, 0x2b, 0xb1, 0x42, 0x06,
  0x11, 0x12, 0xb0, 0x4d, 0x39, 0xb0, 0x39, 0x11, 0xb5, 0x13, 0x0d, 0x17,
  0x15, 0x2f, 0x4c, 0x24, 0x17, 0x39, 0xb0, 0x2b, 0x12, 0xb0, 0x18, 0x39,
  0x00, 0xb1, 0x03, 0x4e, 0x11, 0x12, 0xb3, 0x00, 0x48, 0x4a, 0x4d, 0x24,
  0x17, 0x39, 0xb0, 0x2f, 0x11, 0xb2, 0x06, 0x18, 0x1b, 0x39, 0x39, 0x39,
  0xb0, 0x36, 0x12, 0xb2, 0x13, 0x08, 0x17, 0x39, 0x39, 0x39, 0xb0, 0x3c,
  0x11, 0xb0, 0x10, 0x39, 0x30, 0x31, 0x37, 0x34, 0x36, 0x37, 0x3e, 0x01,
  0x3d, 0x01, 0x11, 0x34, 0x36, 0x37, 0x36, 0x33, 0x32, 0x16, 0x15, 0x14,
  0x06, 0x07, 0x0e, 0x01, 0x16, 0x17, 0x16, 0x17, 0x16, 0x15, 0x14, 0x06,
  0x23, 0x22, 0x26, 0x35, 0x34, 0x36, 0x33, 0x32, 0x17, 0x16, 0x33, 0x32,
  0x36, 0x35, 0x10, 0x27, 0x26, 0x27, 0x22, 0x27, 0x26, 0x35, 0x34, 0x36,
  0x37, 0x3e, 0x01, 0x35, 0x34, 0x26, 0x23, 0x22, 0x06, 0x1d, 0x01, 0x11,
  0x15, 0x14, 0x16, 0x33, 0x1e, 0x01, 0x15, 0x14, 0x07, 0x06, 0x27, 0x26,
  0x07, 0x06, 0x26, 0x27, 0x06, 0x12, 0x50, 0x21, 0x29, 0x42, 0x75, 0xbe,
  0x9c, 0xd4, 0x87, 0x79, 0x0a, 0x04, 0x06, 0x0b, 0x75, 0x5b, 0x73, 0xdb,
  0x96, 0x2f, 0x3d, 0x23, 0x1a, 0x17, 0x2f, 0x2f, 0x0a, 0x29, 0x40, 0xd3,
  0x33, 0x38, 0x14, 0x08, 0x04, 0x06, 0x10, 0x87, 0x90, 0x7f, 0x67, 0x6d,
  0x72, 0x23, 0x48, 0x14, 0x0c, 0x02, 0x06, 0x0c, 0xd9, 0xb5, 0x0e, 0x0a,
  0x17, 0x17, 0x09, 0x02, 0x04, 0x29, 0x58, 0x50, 0x02, 0x09, 0xee, 0xc2,
  0x56, 0x93, 0xbe, 0x8c, 0x68, 0xaa, 0x35, 0x04, 0x07, 0x04, 0x02, 0x21,
  0x57, 0x71, 0xa6, 0xa8, 0xfa, 0x2b, 0x25, 0x1d, 0x2b, 0x1d, 0x14, 0x9f,
  0x7d, 0x01, 0x56, 0x2d, 0x0a, 0x01, 0x08, 0x06, 0x12, 0x0e, 0x09, 0x02,
  0x12, 0x9c, 0x7f, 0x7d, 0x97, 0xb4, 0xb8, 0x85, 0xfd, 0x97, 0x5c, 0x4e,
  0x25, 0x04, 0x0c, 0x18, 0x10, 0x07, 0x0a, 0x02, 0x08, 0x08, 0x02, 0x0e,
  0x00, 0x03, 0x00, 0x33, 0xff, 0xe7, 0x03, 0x2d, 0x05, 0x44, 0x00, 0x36,
  0x00, 0x43, 0x00, 0x50, 0x00, 0xb4, 0x00, 0xb2, 0x18, 0x01, 0x00, 0x2b,
  0xb1, 0x09, 0x08, 0xe9, 0xb2, 0x34, 0x00, 0x00, 0x2b, 0xb0, 0x2b, 0x33,
  0xb1, 0x3a, 0x09, 0xe9, 0xb2, 0x34, 0x00, 0x00, 0x2b, 0xb4, 0x22, 0x0a,
  0x00, 0x21, 0x04, 0x2b, 0xb2, 0x3a, 0x34, 0x0a, 0x2b, 0xb3, 0x40, 0x3a,
  0x27, 0x09, 0x2b, 0xb2, 0x48, 0x02, 0x00, 0x2b, 0x01, 0xb0, 0x51, 0x2f,
  0xb0, 0x14, 0xd6, 0xb0, 0x00, 0x32, 0xb1, 0x0c, 0x0d, 0xe9, 0xb1, 0x37,
  0x0d, 0xe9, 0xb0, 0x0c, 0x10, 0xb1, 0x3d, 0x01, 0x2b, 0xb1, 0x06, 0x4f,
  0x32, 0x32, 0xb1, 0x1f, 0x0d, 0xe9, 0xb4, 0x4c, 0x0c, 0x00, 0x1e, 0x04,
  0x2b, 0xb1, 0x52, 0x01, 0x2b, 0xb1, 0x37, 0x14, 0x11, 0x12, 0xb0, 0x45,
  0x39, 0xb0, 0x0c, 0x11, 0xb0, 0x44, 0x39, 0xb0, 0x3d, 0x12, 0xb7, 0x03,
  0x02, 0x18, 0x2e, 0x34, 0x3a, 0x42, 0x50, 0x24, 0x17, 0x39, 0xb0, 0x4c,
  0x11, 0xb0, 0x2d, 0x39, 0xb0, 0x1f, 0x12, 0xb0, 0x2b, 0x39, 0x00, 0xb1,
  0x3a, 0x34, 0x11, 0x12, 0xb0, 0x31, 0x39, 0xb0, 0x22, 0x11, 0xb3, 0x29,
  0x2d, 0x2e, 0x30, 0x24, 0x17, 0x39, 0xb0, 0x09, 0x12, 0xb6, 0x00, 0x12,
  0x14, 0x1e, 0x3d, 0x3f, 0x42, 0x24, 0x17, 0x39, 0xb1, 0x48, 0x18, 0x11,
  0x12, 0xb0, 0x4e, 0x39, 0x30, 0x31, 0x37, 0x34, 0x37, 0x36, 0x37, 0x36,
  0x2f, 0x01, 0x26, 0x27, 0x22, 0x06, 0x15, 0x14, 0x17, 0x0e, 0x01, 0x07,
  0x06, 0x26, 0x35, 0x34, 0x37, 0x36, 0x33, 0x32, 0x16, 0x17, 0x1e, 0x01,
  0x15, 0x11, 0x14, 0x16, 0x32, 0x37, 0x36, 0x37, 0x36, 0x33, 0x16, 0x07,
  0x06, 0x23, 0x22, 0x27, 0x26, 0x22, 0x0f, 0x01, 0x0e, 0x01, 0x23, 0x22,
  0x26, 0x37, 0x14, 0x16, 0x33, 0x32, 0x36, 0x37, 0x35, 0x34, 0x07, 0x06,
  0x07, 0x06, 0x13, 0x26, 0x36, 0x33, 0x37, 0x32, 0x17, 0x16, 0x17, 0x14,
  0x06, 0x27, 0x26, 0x33, 0xd9, 0x52, 0x71, 0x17, 0x01, 0x02, 0x04, 0x87,
  0x23, 0x52, 0x06, 0x0a, 0x60, 0x10, 0x1b, 0x15, 0x82, 0x68, 0x58, 0x42,
  0x81, 0x22, 0x19, 0x0a, 0x15, 0x31, 0x0c, 0x19, 0x18, 0x0a, 0x09, 0x1e,
  0x10, 0x87, 0x52, 0x58, 0x13, 0x06, 0x04, 0x0a, 0x0a, 0x42, 0x56, 0x39,
  0x58, 0x6f, 0x9e, 0x41, 0x30, 0x21, 0x74, 0x0c, 0x12, 0x2f, 0x63, 0x6f,
  0x03, 0x08, 0x14, 0x13, 0x9d, 0x1d, 0x08, 0x40, 0x27, 0x29, 0x0b, 0x73,
  0xa0, 0x98, 0x39, 0x17, 0x34, 0x0e, 0x17, 0x83, 0xb8, 0x01, 0x3c, 0x20,
  0x23, 0x0f, 0x0a, 0x2f, 0x04, 0x0a, 0x0c, 0x1d, 0x4c, 0x62, 0x54, 0x42,
  0x33, 0x21, 0x3b, 0x63, 0xfe, 0x8c, 0x3d, 0x28, 0x07, 0x08, 0x16, 0x06,
  0x06, 0x2d, 0x77, 0x6b, 0x06, 0x08, 0x08, 0x39, 0x28, 0x67, 0x6c, 0x2f,
  0x41, 0x4b, 0x21, 0xaa, 0x1f, 0x08, 0x17, 0x29, 0x2d, 0x04, 0x11, 0x0a,
  0x1d, 0x02, 0x11, 0xaa, 0xa4, 0x12, 0x08, 0x0c, 0x98, 0x00, 0x00, 0x00,
  0x00, 0x03, 0x00, 0x33, 0xff, 0xe7, 0x03, 0x2d, 0x05, 0x4a, 0x00, 0x36,
  0x00, 0x43, 0x00, 0x52, 0x00, 0xae, 0x00, 0xb2, 0x18, 0x01, 0x00, 0x2b,
  0xb1, 0x09, 0x08, 0xe9, 0xb2, 0x34, 0x00, 0x00, 0x2b, 0xb0, 0x2b, 0x33,
  0xb1, 0x3a, 0x09, 0xe9, 0xb2, 0x34, 0x00, 0x00, 0x2b, 0xb4, 0x22, 0x0a,
  0x00, 0x21, 0x04, 0x2b, 0xb2, 0x3a, 0x34, 0x0a, 0x2b, 0xb3, 0x40, 0x3a,
  0x27, 0x09, 0x2b, 0xb2, 0x47, 0x02, 0x00, 0x2b, 0x01, 0xb0, 0x53, 0x2f,
  0xb0, 0x14, 0xd6, 0xb0, 0x00, 0x32, 0xb1, 0x0c, 0x0d, 0xe9, 0xb1, 0x37,
  0x0d, 0xe9, 0xb0, 0x0c, 0x10, 0xb1, 0x44, 0x01, 0x2b, 0xb4, 0x50, 0x0c,
  0x00, 0x1e, 0x04, 0x2b, 0xb0, 0x50, 0x10, 0xb1, 0x3d, 0x01, 0x2b, 0xb0,
  0x06, 0x32, 0xb1, 0x1f, 0x0d, 0xe9, 0xb1, 0x54, 0x01, 0x2b, 0xb1, 0x50,
  0x14, 0x11, 0x12, 0xb3, 0x03, 0x34, 0x3a, 0x42, 0x24, 0x17, 0x39, 0xb0,
  0x3d, 0x11, 0xb3, 0x2e, 0x18, 0x32, 0x41, 0x24, 0x17, 0x39, 0xb0, 0x1f,
  0x12, 0xb0, 0x2b, 0x39, 0x00, 0xb1, 0x3a, 0x34, 0x11, 0x12, 0xb0, 0x31,
  0x39, 0xb0, 0x22, 0x11, 0xb3, 0x29, 0x2d, 0x2e, 0x30, 0x24, 0x17, 0x39,
  0xb0, 0x09, 0x12, 0xb6, 0x00, 0x12, 0x14, 0x1e, 0x3d, 0x3f, 0x42, 0x24,
  0x17, 0x39, 0xb1, 0x47, 0x18, 0x11, 0x12, 0xb0, 0x51, 0x39, 0x30, 0x31,
  0x37, 0x34, 0x37, 0x36, 0x37, 0x36, 0x2f, 0x01, 0x26, 0x27, 0x22, 0x06,
  0x15, 0x14, 0x17, 0x0e, 0x01, 0x07, 0x06, 0x26, 0x35, 0x34, 0x37, 0x36,
  0x33, 0x32, 0x16, 0x17, 0x1e, 0x01, 0x15, 0x11, 0x14, 0x16, 0x32, 0x37,
  0x36, 0x37, 0x36, 0x33, 0x16, 0x07, 0x06, 0x23, 0x22, 0x27, 0x26, 0x22,
  0x0f, 0x01, 0x0e, 0x01, 0x23, 0x22, 0x26, 0x37, 0x14, 0x16, 0x33, 0x32,
  0x36, 0x37, 0x35, 0x34, 0x07, 0x06, 0x07, 0x06, 0x1b, 0x01, 0x36, 0x3b,
  0x01, 0x32, 0x1e, 0x01, 0x15, 0x14, 0x06, 0x07, 0x01, 0x06, 0x26, 0x33,
  0xd9, 0x52, 0x71, 0x17, 0x01, 0x02, 0x04, 0x87, 0x23, 0x52, 0x06, 0x0a,
  0x60, 0x10, 0x1b, 0x15, 0x82, 0x68, 0x58, 0x42, 0x81, 0x22, 0x19, 0x0a,
  0x15, 0x31, 0x0c, 0x19, 0x18, 0x0a, 0x09, 0x1e, 0x10, 0x87, 0x52, 0x58,
  0x13, 0x06, 0x04, 0x0a, 0x0a, 0x42, 0x56, 0x39, 0x58, 0x6f, 0x9e, 0x41,
  0x30, 0x21, 0x74, 0x0c, 0x12, 0x2f, 0x63, 0x6f, 0x67, 0x65, 0x06, 0x1f,
  0xb6, 0x08, 0x0c, 0x08, 0x02, 0x02, 0xfe, 0xdb, 0x0a, 0x2f, 0xa0, 0x98,
  0x39, 0x17, 0x34, 0x0e, 0x17, 0x83, 0xb8, 0x01, 0x3c, 0x20, 0x23, 0x0f,
  0x0a, 0x2f, 0x04, 0x0a, 0x0c, 0x1d, 0x4c, 0x62, 0x54, 0x42, 0x33, 0x21,
  0x3b, 0x63, 0xfe, 0x8c, 0x3d, 0x28, 0x07, 0x08, 0x16, 0x06, 0x06, 0x2d,
  0x77, 0x6b, 0x06, 0x08, 0x08, 0x39, 0x28, 0x67, 0x6c, 0x2f, 0x41, 0x4b,
  0x21, 0xaa, 0x1f, 0x08, 0x17, 0x29, 0x2d, 0x02, 0xd5, 0x01, 0x50, 0x1b,
  0x02, 0x09, 0x08, 0x02, 0x06, 0x02, 0xfe, 0xa0, 0x0c, 0x08, 0x00, 0x00,
  0x00, 0x03, 0x00, 0x33, 0xff, 0xe7, 0x03, 0x2d, 0x05, 0x30, 0x00, 0x36,
  0x00, 0x49, 0x00, 0x56, 0x00, 0x94, 0x00, 0xb2, 0x18, 0x01, 0x00, 0x2b,
  0xb1, 0x09, 0x08, 0xe9, 0xb2, 0x34, 0x00, 0x00, 0x2b, 0xb0, 0x2b, 0x33,
  0xb1, 0x4d, 0x09, 0xe9, 0xb2, 0x34, 0x00, 0x00, 0x2b, 0xb4, 0x22, 0x0a,
  0x00, 0x21, 0x04, 0x2b, 0xb2, 0x4d, 0x34, 0x0a, 0x2b, 0xb3, 0x40, 0x4d,
  0x27, 0x09, 0x2b, 0x01, 0xb0, 0x57, 0x2f, 0xb0, 0x14, 0xd6, 0xb0, 0x00,
  0x32, 0xb1, 0x0c, 0x0d, 0xe9, 0xb1, 0x4a, 0x0d, 0xe9, 0xb0, 0x0c, 0x10,
  0xb1, 0x50, 0x01, 0x2b, 0xb0, 0x06, 0x32, 0xb1, 0x1f, 0x0d, 0xe9, 0xb1,
  0x58, 0x01, 0x2b, 0xb1, 0x4a, 0x14, 0x11, 0x12, 0xb0, 0x49, 0x39, 0xb1,
  0x50, 0x0c, 0x11, 0x12, 0xb7, 0x03, 0x02, 0x18, 0x2e, 0x34, 0x45, 0x4d,
  0x55, 0x24, 0x17, 0x39, 0xb0, 0x1f, 0x11, 0xb0, 0x2b, 0x39, 0x00, 0xb1,
  0x4d, 0x34, 0x11, 0x12, 0xb0, 0x31, 0x39, 0xb0, 0x22, 0x11, 0xb3, 0x29,
  0x2d, 0x2e, 0x30, 0x24, 0x17, 0x39, 0xb0, 0x09, 0x12, 0xb6, 0x00, 0x12,
  0x14, 0x1e, 0x50, 0x52, 0x55, 0x24, 0x17, 0x39, 0x30, 0x31, 0x37, 0x34,
  0x37, 0x36, 0x37, 0x36, 0x2f, 0x01, 0x26, 0x27, 0x22, 0x06, 0x15, 0x14,
  0x17, 0x0e, 0x01, 0x07, 0x06, 0x26, 0x35, 0x34, 0x37, 0x36, 0x33, 0x32,
  0x16, 0x17, 0x1e, 0x01, 0x15, 0x11, 0x14, 0x16, 0x32, 0x37, 0x36, 0x37,
  0x36, 0x33, 0x16, 0x07, 0x06, 0x23, 0x22, 0x27, 0x26, 0x22, 0x0f, 0x01,
  0x0e, 0x01, 0x23, 0x22, 0x26, 0x1b, 0x01, 0x36, 0x37, 0x3e, 0x01, 0x17,
  0x16, 0x17, 0x13, 0x16, 0x07, 0x06, 0x2f, 0x01, 0x07, 0x06, 0x27, 0x26,
  0x13, 0x14, 0x16, 0x33, 0x32, 0x36, 0x37, 0x35, 0x34, 0x07, 0x06, 0x07,
  0x06, 0x33, 0xd9, 0x52, 0x71, 0x17, 0x01, 0x02, 0x04, 0x87, 0x23, 0x52,
  0x06, 0x0a, 0x60, 0x10, 0x1b, 0x15, 0x82, 0x68, 0x58, 0x42, 0x81, 0x22,
  0x19, 0x0a, 0x15, 0x31, 0x0c, 0x19, 0x18, 0x0a, 0x09, 0x1e, 0x10, 0x87,
  0x52, 0x58, 0x13, 0x06, 0x04, 0x0a, 0x0a, 0x42, 0x56, 0x39, 0x58, 0x6f,
  0x35, 0xb7, 0x08, 0x12, 0x0c, 0x79, 0x15, 0x17, 0x0c, 0xb4, 0x0a, 0x0c,
  0x1d, 0x0c, 0xfa, 0xeb, 0x12, 0x19, 0x0a, 0x6c, 0x41, 0x30, 0x21, 0x74,
  0x0c, 0x12, 0x2f, 0x63, 0x6f, 0xa0, 0x98, 0x39, 0x17, 0x34, 0x0e, 0x17,
  0x83, 0xb8, 0x01, 0x3c, 0x20, 0x23, 0x0f, 0x0a, 0x2f, 0x04, 0x0a, 0x0c,
  0x1d, 0x4c, 0x62, 0x54, 0x42, 0x33, 0x21, 0x3b, 0x63, 0xfe, 0x8c, 0x3d,
  0x28, 0x07, 0x08, 0x16, 0x06, 0x06, 0x2d, 0x77, 0x6b, 0x06, 0x08, 0x08,
  0x39, 0x28, 0x67, 0x03, 0x8b, 0x01, 0x40, 0x0c, 0x08, 0x02, 0x02, 0x02,
  0x02, 0x12, 0xfe, 0xc8, 0x19, 0x01, 0x08, 0x0c, 0xd5, 0xd5, 0x10, 0x0e,
  0x06, 0xfc, 0xe9, 0x2f, 0x41, 0x4b, 0x21, 0xaa, 0x1f, 0x08, 0x17, 0x29,
  0x2d, 0x00, 0x00, 0x00, 0x00, 0x03, 0x00, 0x33, 0xff, 0xe7, 0x03, 0x2d,
  0x04, 0xe5, 0x00, 0x36, 0x00, 0x55, 0x00, 0x62, 0x00, 0xcc, 0x00, 0xb2,
  0x18, 0x01, 0x00, 0x2b, 0xb1, 0x09, 0x08, 0xe9, 0xb2, 0x34, 0x00, 0x00,
  0x2b, 0xb0, 0x2b, 0x33, 0xb1, 0x59, 0x09, 0xe9, 0xb2, 0x34, 0x00, 0x00,
  0x2b, 0xb4, 0x22, 0x0a, 0x00, 0x21, 0x04, 0x2b, 0xb2, 0x59, 0x34, 0x0a,
  0x2b, 0xb3, 0x40, 0x59, 0x27, 0x09, 0x2b, 0xb0, 0x49, 0x2f, 0xb4, 0x3d,
  0x0a, 0x00, 0x1d, 0x04, 0x2b, 0xb3, 0x4d, 0x3d, 0x49, 0x08, 0x2b, 0xb4,
  0x39, 0x0a, 0x00, 0x1d, 0x04, 0x2b, 0x01, 0xb0, 0x63, 0x2f, 0xb0, 0x14,
  0xd6, 0xb1, 0x00, 0x37, 0x32, 0x32, 0xb1, 0x0c, 0x0d, 0xe9, 0xb1, 0x56,
  0x0d, 0xe9, 0xb4, 0x53, 0x0c, 0x00, 0x1e, 0x04, 0x2b, 0xb0, 0x0c, 0x10,
  0xb1, 0x5c, 0x01, 0x2b, 0xb0, 0x06, 0x32, 0xb1, 0x1f, 0x0d, 0xe9, 0xb0,
  0x1f, 0x10, 0xb1, 0x40, 0x01, 0x2b, 0xb4, 0x46, 0x0c, 0x00, 0x1e, 0x04,
  0x2b, 0xb1, 0x64, 0x01, 0x2b, 0xb1, 0x5c, 0x53, 0x11, 0x12, 0xb7, 0x03,
  0x02, 0x18, 0x2e, 0x34, 0x39, 0x3b, 0x4b, 0x24, 0x17, 0x39, 0xb0, 0x1f,
  0x11, 0xb2, 0x2b, 0x3d, 0x49, 0x39, 0x39, 0x39, 0xb0, 0x40, 0x12, 0xb0,
  0x21, 0x39, 0x00, 0xb1, 0x22, 0x59, 0x11, 0x12, 0xb3, 0x29, 0x2d, 0x2e,
  0x30, 0x24, 0x17, 0x39, 0xb0, 0x09, 0x11, 0xb6, 0x00, 0x12, 0x14, 0x1e,
  0x5c, 0x5e, 0x61, 0x24, 0x17, 0x39, 0xb1, 0x49, 0x18, 0x11, 0x12, 0xb0,
  0x55, 0x39, 0xb0, 0x3d, 0x11, 0xb0, 0x50, 0x39, 0x30, 0x31, 0x37, 0x34,
  0x37, 0x36, 0x37, 0x36, 0x2f, 0x01, 0x26, 0x27, 0x22, 0x06, 0x15, 0x14,
  0x17, 0x0e, 0x01, 0x07, 0x06, 0x26, 0x35, 0x34, 0x37, 0x36, 0x33, 0x32,
  0x16, 0x17, 0x1e, 0x01, 0x15, 0x11, 0x14, 0x16, 0x32, 0x37, 0x36, 0x37,
  0x36, 0x33, 0x16, 0x07, 0x06, 0x23, 0x22, 0x27, 0x26, 0x22, 0x0f, 0x01,
  0x0e, 0x01, 0x23, 0x22, 0x26, 0x13, 0x12, 0x33, 0x32, 0x17, 0x16, 0x33,
  0x32, 0x36, 0x37, 0x34, 0x33, 0x36, 0x07, 0x16, 0x15, 0x14, 0x06, 0x23,
  0x22, 0x27, 0x26, 0x27, 0x22, 0x06, 0x07, 0x14, 0x06, 0x07, 0x0e, 0x01,
  0x13, 0x14, 0x16, 0x33, 0x32, 0x36, 0x37, 0x35, 0x34, 0x07, 0x06, 0x07,
  0x06, 0x33, 0xd9, 0x52, 0x71, 0x17, 0x01, 0x02, 0x04, 0x87, 0x23, 0x52,
  0x06, 0x0a, 0x60, 0x10, 0x1b, 0x15, 0x82, 0x68, 0x58, 0x42, 0x81, 0x22,
  0x19, 0x0a, 0x15, 0x31, 0x0c, 0x19, 0x18, 0x0a, 0x09, 0x1e, 0x10, 0x87,
  0x52, 0x58, 0x13, 0x06, 0x04, 0x0a, 0x0a, 0x42, 0x56, 0x39, 0x58, 0x6f,
  0x17, 0x0c, 0xbc, 0x52, 0x77, 0x52, 0x27, 0x23, 0x23, 0x0c, 0x1b, 0x19,
  0x01, 0x04, 0x73, 0x58, 0x52, 0x74, 0x54, 0x25, 0x1f, 0x21, 0x0c, 0x04,
  0x02, 0x06, 0x2d, 0x83, 0x41, 0x30, 0x21, 0x74, 0x0c, 0x12, 0x2f, 0x63,
  0x6f, 0xa0, 0x98, 0x39, 0x17, 0x34, 0x0e, 0x17, 0x83, 0xb8, 0x01, 0x3c,
  0x20, 0x23, 0x0f, 0x0a, 0x2f, 0x04, 0x0a, 0x0c, 0x1d, 0x4c, 0x62, 0x54,
  0x42, 0x33, 0x21, 0x3b, 0x63, 0xfe, 0x8c, 0x3d, 0x28, 0x07, 0x08, 0x16,
  0x06, 0x06, 0x2d, 0x77, 0x6b, 0x06, 0x08, 0x08, 0x39, 0x28, 0x67, 0x03,
  0x79, 0x01, 0x14, 0x52, 0x37, 0x37, 0x50, 0x0c, 0x04, 0x10, 0x0d, 0x0e,
  0x6f, 0x8e, 0x4f, 0x3b, 0x01, 0x29, 0x37, 0x04, 0x17, 0x0a, 0x0e, 0x05,
  0xfd, 0x06, 0x2f, 0x41, 0x4b, 0x21, 0xaa, 0x1f, 0x08, 0x17, 0x29, 0x2d,
  0x00, 0x04, 0x00, 0x33, 0xff, 0xe7, 0x03, 0x2d, 0x04, 0xc9, 0x00, 0x36,
  0x00, 0x41, 0x00, 0x4e, 0x00, 0x59, 0x00, 0xae, 0x00, 0xb2, 0x18, 0x01,
  0x00, 0x2b, 0xb1, 0x09, 0x08, 0xe9, 0xb2, 0x34, 0x00, 0x00, 0x2b, 0xb0,
  0x2b, 0x33, 0xb1, 0x45, 0x09, 0xe9, 0xb2, 0x34, 0x00, 0x00, 0x2b, 0xb4,
  0x22, 0x0a, 0x00, 0x21, 0x04, 0x2b, 0xb2, 0x45, 0x34, 0x0a, 0x2b, 0xb3,
  0x40, 0x45, 0x27, 0x09, 0x2b, 0xb0, 0x57, 0x2f, 0xb0, 0x3f, 0x33, 0xb4,
  0x52, 0x0a, 0x00, 0x12, 0x04, 0x2b, 0xb0, 0x3a, 0x32, 0x01, 0xb0, 0x5a,
  0x2f, 0xb0, 0x37, 0xd6, 0xb1, 0x3d, 0x0f, 0xe9, 0xb0, 0x14, 0x20, 0xd6,
  0x11, 0xb0, 0x00, 0x33, 0xb1, 0x0c, 0x0d, 0xe9, 0xb1, 0x42, 0x0d, 0xe9,
  0xb0, 0x3d, 0x10, 0xb1, 0x48, 0x01, 0x2b, 0xb1, 0x06, 0x4f, 0x32, 0x32,
  0xb1, 0x1f, 0x0d, 0xe9, 0xb1, 0x55, 0x0f, 0xe9, 0xb1, 0x5b, 0x01, 0x2b,
  0xb1, 0x3d, 0x37, 0x11, 0x12, 0xb4, 0x03, 0x02, 0x34, 0x45, 0x4d, 0x24,
  0x17, 0x39, 0xb0, 0x48, 0x11, 0xb4, 0x2f, 0x18, 0x32, 0x4b, 0x4c, 0x24,
  0x17, 0x39, 0xb1, 0x55, 0x14, 0x11, 0x12, 0xb1, 0x21, 0x2b, 0x39, 0x39,
  0x00, 0xb1, 0x22, 0x45, 0x11, 0x12, 0xb3, 0x29, 0x2d, 0x2e, 0x30, 0x24,
  0x17, 0x39, 0xb1, 0x18, 0x34, 0x11, 0x12, 0xb1, 0x12, 0x4a, 0x39, 0x39,
  0x30, 0x31, 0x37, 0x34, 0x37, 0x36, 0x37, 0x36, 0x2f, 0x01, 0x26, 0x27,
  0x22, 0x06, 0x15, 0x14, 0x17, 0x0e, 0x01, 0x07, 0x06, 0x26, 0x35, 0x34,
  0x37, 0x36, 0x33, 0x32, 0x16, 0x17, 0x1e, 0x01, 0x15, 0x11, 0x14, 0x16,
  0x32, 0x37, 0x36, 0x37, 0x36, 0x33, 0x16, 0x07, 0x06, 0x23, 0x22, 0x27,
  0x26, 0x22, 0x0f, 0x01, 0x0e, 0x01, 0x23, 0x22, 0x26, 0x13, 0x34, 0x36,
  0x33, 0x32, 0x16, 0x15, 0x14, 0x06, 0x22, 0x26, 0x13, 0x14, 0x16, 0x33,
  0x32, 0x36, 0x37, 0x35, 0x34, 0x07, 0x06, 0x07, 0x06, 0x01, 0x34, 0x36,
  0x33, 0x32, 0x16, 0x14, 0x06, 0x23, 0x22, 0x26, 0x33, 0xd9, 0x52, 0x71,
  0x17, 0x01, 0x02, 0x04, 0x87, 0x23, 0x52, 0x06, 0x0a, 0x60, 0x10, 0x1b,
  0x15, 0x82, 0x68, 0x58, 0x42, 0x81, 0x22, 0x19, 0x0a, 0x15, 0x31, 0x0c,
  0x19, 0x18, 0x0a, 0x09, 0x1e, 0x10, 0x87, 0x52, 0x58, 0x13, 0x06, 0x04,
  0x0a, 0x0a, 0x42, 0x56, 0x39, 0x58, 0x6f, 0x54, 0x46, 0x31, 0x2f, 0x46,
  0x44, 0x62, 0x46, 0x4a, 0x41, 0x30, 0x21, 0x74, 0x0c, 0x12, 0x2f, 0x63,
  0x6f, 0x01, 0x11, 0x46, 0x2f, 0x31, 0x46, 0x46, 0x31, 0x2f, 0x46, 0xa0,
  0x98, 0x39, 0x17, 0x34, 0x0e, 0x17, 0x83, 0xb8, 0x01, 0x3c, 0x20, 0x23,
  0x0f, 0x0a, 0x2f, 0x04, 0x0a, 0x0c, 0x1d, 0x4c, 0x62, 0x54, 0x42, 0x33,
  0x21, 0x3b, 0x63, 0xfe, 0x8c, 0x3d, 0x28, 0x07, 0x08, 0x16, 0x06, 0x06,
  0x2d, 0x77, 0x6b, 0x06, 0x08, 0x08, 0x39, 0x28, 0x67, 0x04, 0x06, 0x2f,
  0x46, 0x46, 0x2f, 0x31, 0x44, 0x44, 0xfc, 0x97, 0x2f, 0x41, 0x4b, 0x21,
  0xaa, 0x1f, 0x08, 0x17, 0x29, 0x2d, 0x03, 0x4a, 0x2f, 0x46, 0x46, 0x5e,
  0x46, 0x44, 0x00, 0x00, 0x00, 0x04, 0x00, 0x33, 0xff, 0xe7, 0x03, 0x2d,
  0x05, 0x71, 0x00, 0x36, 0x00, 0x40, 0x00, 0x4d, 0x00, 0x57, 0x00, 0xd5,
  0x00, 0xb2, 0x18, 0x01, 0x00, 0x2b, 0xb1, 0x09, 0x08, 0xe9, 0xb2, 0x34,
  0x00, 0x00, 0x2b, 0xb0, 0x2b, 0x33, 0xb1, 0x44, 0x09, 0xe9, 0xb2, 0x34,
  0x00, 0x00, 0x2b, 0xb4, 0x22, 0x0a, 0x00, 0x21, 0x04, 0x2b, 0xb2, 0x44,
  0x34, 0x0a, 0x2b, 0xb3, 0x40, 0x44, 0x27, 0x09, 0x2b, 0xb0, 0x3f, 0x2f,
  0xb1, 0x51, 0x09, 0xe9, 0xb0, 0x56, 0x2f, 0xb1, 0x3a, 0x09, 0xe9, 0x01,
  0xb0, 0x58, 0x2f, 0xb0, 0x38, 0xd6, 0xb4, 0x4f, 0x0c, 0x00, 0x51, 0x04,
  0x2b, 0xb3, 0x0c, 0x4f, 0x38, 0x08, 0x2b, 0xb1, 0x14, 0x0d, 0xe9, 0xb0,
  0x14, 0x2f, 0xb0, 0x00, 0x33, 0xb1, 0x0c, 0x0d, 0xe9, 0xb1, 0x41, 0x0d,
  0xe9, 0xb0, 0x4f, 0x10, 0xb1, 0x47, 0x01, 0x2b, 0xb0, 0x06, 0x32, 0xb1,
  0x1f, 0x0d, 0xe9, 0xb3, 0x54, 0x1f, 0x47, 0x08, 0x2b, 0xb4, 0x3d, 0x0c,
  0x00, 0x40, 0x04, 0x2b, 0xb1, 0x59, 0x01, 0x2b, 0xb1, 0x4f, 0x38, 0x11,
  0x12, 0xb1, 0x02, 0x34, 0x39, 0x39, 0xb0, 0x47, 0x11, 0x40, 0x0a, 0x03,
  0x2e, 0x32, 0x3a, 0x3f, 0x44, 0x18, 0x4c, 0x51, 0x56, 0x24, 0x17, 0x39,
  0xb1, 0x54, 0x14, 0x11, 0x12, 0xb0, 0x2d, 0x39, 0xb0, 0x1f, 0x11, 0xb0,
  0x2b, 0x39, 0x00, 0xb1, 0x22, 0x44, 0x11, 0x12, 0xb3, 0x29, 0x2d, 0x2e,
  0x30, 0x24, 0x17, 0x39, 0xb0, 0x09, 0x11, 0xb6, 0x00, 0x12, 0x14, 0x1e,
  0x47, 0x49, 0x4c, 0x24, 0x17, 0x39, 0xb1, 0x56, 0x51, 0x11, 0x12, 0xb3,
  0x38, 0x3c, 0x3d, 0x37, 0x24, 0x17, 0x39, 0x30, 0x31, 0x37, 0x34, 0x37,
  0x36, 0x37, 0x36, 0x2f, 0x01, 0x26, 0x27, 0x22, 0x06, 0x15, 0x14, 0x17,
  0x0e, 0x01, 0x07, 0x06, 0x26, 0x35, 0x34, 0x37, 0x36, 0x33, 0x32, 0x16,
  0x17, 0x1e, 0x01, 0x15, 0x11, 0x14, 0x16, 0x32, 0x37, 0x36, 0x37, 0x36,
  0x33, 0x16, 0x07, 0x06, 0x23, 0x22, 0x27, 0x26, 0x22, 0x0f, 0x01, 0x0e,
  0x01, 0x23, 0x22, 0x26, 0x12, 0x34, 0x36, 0x33, 0x32, 0x16, 0x14, 0x06,
  0x23, 0x22, 0x03, 0x14, 0x16, 0x33, 0x32, 0x36, 0x37, 0x35, 0x34, 0x07,
  0x06, 0x07, 0x06, 0x12, 0x14, 0x16, 0x33, 0x32, 0x36, 0x34, 0x26, 0x23,
  0x22, 0x33, 0xd9, 0x52, 0x71, 0x17, 0x01, 0x02, 0x04, 0x87, 0x23, 0x52,
  0x06, 0x0a, 0x60, 0x10, 0x1b, 0x15, 0x82, 0x68, 0x58, 0x42, 0x81, 0x22,
  0x19, 0x0a, 0x15, 0x31, 0x0c, 0x19, 0x18, 0x0a, 0x09, 0x1e, 0x10, 0x87,
  0x52, 0x58, 0x13, 0x06, 0x04, 0x0a, 0x0a, 0x42, 0x56, 0x39, 0x58, 0x6f,
  0x8b, 0x7b, 0x58, 0x54, 0x7b, 0x7b, 0x54, 0x58, 0x68, 0x41, 0x30, 0x21,
  0x74, 0x0c, 0x12, 0x2f, 0x63, 0x6f, 0x4f, 0x43, 0x2f, 0x2d, 0x42, 0x42,
  0x2d, 0x2f, 0xa0, 0x98, 0x39, 0x17, 0x34, 0x0e, 0x17, 0x83, 0xb8, 0x01,
  0x3c, 0x20, 0x23, 0x0f, 0x0a, 0x2f, 0x04, 0x0a, 0x0c, 0x1d, 0x4c, 0x62,
  0x54, 0x42, 0x33, 0x21, 0x3b, 0x63, 0xfe, 0x8c, 0x3d, 0x28, 0x07, 0x08,
  0x16, 0x06, 0x06, 0x2d, 0x77, 0x6b, 0x06, 0x08, 0x08, 0x39, 0x28, 0x67,
  0x03, 0xf8, 0xb0, 0x7b, 0x7b, 0xb0, 0x7b, 0xfc, 0xef, 0x2f, 0x41, 0x4b,
  0x21, 0xaa, 0x1f, 0x08, 0x17, 0x29, 0x2d, 0x03, 0xc3, 0x5e, 0x44, 0x44,
  0x5e, 0x43, 0x00, 0x00, 0x00, 0x03, 0x00, 0x4c, 0xff, 0xdd, 0x05, 0x04,
  0x03, 0x77, 0x00, 0x46, 0x00, 0x53, 0x00, 0x5f, 0x00, 0xac, 0x00, 0xb2,
  0x18, 0x01, 0x00, 0x2b, 0xb1, 0x08, 0x08, 0xe9, 0xb2, 0x1e, 0x01, 0x00,
  0x2b, 0xb1, 0x5e, 0x05, 0xe9, 0xb2, 0x3d, 0x00, 0x00, 0x2b, 0xb0, 0x44,
  0x33, 0xb4, 0x30, 0x0a, 0x00, 0x1f, 0x04, 0x2b, 0xb2, 0x3d, 0x00, 0x00,
  0x2b, 0xb1, 0x4a, 0x09, 0xe9, 0xb4, 0x56, 0x29, 0x3d, 0x1e, 0x0d, 0x2b,
  0xb1, 0x56, 0x03, 0xe9, 0x01, 0xb0, 0x60, 0x2f, 0xb0, 0x00, 0xd6, 0xb1,
  0x47, 0x0d, 0xe9, 0xb0, 0x14, 0x20, 0xd6, 0x11, 0xb1, 0x0b, 0x0d, 0xe9,
  0xb0, 0x47, 0x10, 0xb1, 0x4c, 0x01, 0x2b, 0xb0, 0x05, 0x32, 0xb1, 0x2b,
  0x0d, 0xe9, 0xb2, 0x2b, 0x4c, 0x0a, 0x2b, 0xb3, 0x40, 0x2b, 0x26, 0x09,
  0x2b, 0xb1, 0x61, 0x01, 0x2b, 0xb1, 0x4c, 0x0b, 0x11, 0x12, 0xb4, 0x03,
  0x18, 0x42, 0x44, 0x52, 0x24, 0x17, 0x39, 0xb0, 0x2b, 0x11, 0xb3, 0x1a,
  0x1c, 0x3f, 0x41, 0x24, 0x17, 0x39, 0x00, 0xb1, 0x29, 0x30, 0x11, 0x12,
  0x40, 0x09, 0x00, 0x05, 0x35, 0x3f, 0x40, 0x41, 0x47, 0x4c, 0x4e, 0x24,
  0x17, 0x39, 0xb0, 0x56, 0x11, 0xb1, 0x25, 0x12, 0x39, 0x39, 0xb0, 0x08,
  0x12, 0xb6, 0x0e, 0x14, 0x1a, 0x1b, 0x1c, 0x21, 0x22, 0x24, 0x17, 0x39,
  0x30, 0x31, 0x37, 0x34, 0x36, 0x37, 0x36, 0x37, 0x35, 0x34, 0x23, 0x22,
  0x06, 0x15, 0x14, 0x16, 0x14, 0x06, 0x0f, 0x01, 0x06, 0x26, 0x35, 0x34,
  0x37, 0x36, 0x33, 0x32, 0x17, 0x16, 0x37, 0x36, 0x37, 0x32, 0x16, 0x17,
  0x16, 0x17, 0x16, 0x17, 0x15, 0x14, 0x27, 0x21, 0x22, 0x15, 0x14, 0x17,
  0x1e, 0x01, 0x33, 0x32, 0x36, 0x37, 0x3e, 0x01, 0x1f, 0x01, 0x16, 0x07,
  0x06, 0x07, 0x06, 0x07, 0x22, 0x27, 0x26, 0x07, 0x0e, 0x01, 0x23, 0x22,
  0x26, 0x37, 0x14, 0x16, 0x33, 0x36, 0x37, 0x35, 0x34, 0x07, 0x06, 0x07,
  0x0e, 0x01, 0x01, 0x06, 0x17, 0x33, 0x21, 0x32, 0x36, 0x27, 0x2e, 0x01,
  0x23, 0x22, 0x4c, 0x6e, 0x9c, 0x60, 0x5c, 0x91, 0x33, 0x4c, 0x04, 0x06,
  0x0a, 0x71, 0x14, 0x15, 0x87, 0x68, 0x5b, 0x87, 0x58, 0x0c, 0x13, 0x73,
  0x97, 0x6d, 0x85, 0x35, 0x04, 0x08, 0x08, 0x1b, 0x29, 0xfe, 0x0a, 0x33,
  0x1b, 0x1b, 0x8f, 0x54, 0x42, 0x64, 0x3f, 0x08, 0x1b, 0x06, 0x0e, 0x0e,
  0x12, 0x52, 0x58, 0x5e, 0x5e, 0xb0, 0x6d, 0x0c, 0x12, 0x42, 0xa6, 0x46,
  0x56, 0x72, 0xa2, 0x3d, 0x33, 0x52, 0x62, 0x14, 0x42, 0x3d, 0x56, 0x3b,
  0x01, 0xd0, 0x04, 0x2d, 0x05, 0x01, 0x31, 0x0a, 0x0c, 0x02, 0x12, 0x61,
  0x3d, 0x96, 0x98, 0x5a, 0x58, 0x29, 0x17, 0x3b, 0x8f, 0xc5, 0x3a, 0x25,
  0x06, 0x14, 0x0d, 0x10, 0x04, 0x33, 0x0a, 0x1c, 0x17, 0x48, 0x68, 0x4e,
  0x69, 0x0e, 0x14, 0x66, 0x01, 0x63, 0x74, 0x0a, 0x11, 0x14, 0x1b, 0x1f,
  0x19, 0x01, 0x2d, 0x8b, 0x4c, 0x50, 0x69, 0x38, 0x43, 0x08, 0x02, 0x06,
  0x10, 0x0c, 0x17, 0x5e, 0x37, 0x3b, 0x01, 0x9c, 0x14, 0x12, 0x46, 0x58,
  0x6b, 0x6c, 0x35, 0x40, 0x01, 0x60, 0xbe, 0x1d, 0x0a, 0x21, 0x15, 0x1d,
  0x39, 0x01, 0x90, 0x14, 0x01, 0x11, 0x08, 0x56, 0x62, 0x00, 0x00, 0x00,
  0x00, 0x01, 0x00, 0x33, 0xfe, 0x21, 0x03, 0x17, 0x03, 0x75, 0x00, 0x42,
  0x00, 0x7e, 0x00, 0xb2, 0x03, 0x01, 0x00, 0x2b, 0xb1, 0x0d, 0x04, 0xe9,
  0xb2, 0x0d, 0x03, 0x0a, 0x2b, 0xb3, 0x00, 0x0d, 0x09, 0x09, 0x2b, 0xb2,
  0x40, 0x00, 0x00, 0x2b, 0xb1, 0x13, 0x0a, 0xe9, 0xb2, 0x1f, 0x00, 0x00,
  0x2b, 0xb0, 0x28, 0x2f, 0xb1, 0x33, 0x07, 0xe9, 0x01, 0xb0, 0x43, 0x2f,
  0xb0, 0x00, 0xd6, 0xb1, 0x10, 0x0d, 0xe9, 0xb0, 0x10, 0x10, 0xb1, 0x36,
  0x01, 0x2b, 0xb1, 0x25, 0x0c, 0xe9, 0xb1, 0x44, 0x01, 0x2b, 0xb1, 0x36,
  0x10, 0x11, 0x12, 0xb5, 0x0d, 0x21, 0x22, 0x28, 0x2c, 0x41, 0x24, 0x17,
  0x39, 0xb0, 0x25, 0x11, 0xb4, 0x0b, 0x13, 0x1f, 0x23, 0x03, 0x24, 0x17,
  0x39, 0x00, 0xb1, 0x33, 0x28, 0x11, 0x12, 0xb0, 0x2f, 0x39, 0xb0, 0x40,
  0x11, 0xb1, 0x22, 0x25, 0x39, 0x39, 0xb1, 0x0d, 0x13, 0x11, 0x12, 0xb2,
  0x00, 0x16, 0x1b, 0x39, 0x39, 0x39, 0x30, 0x31, 0x13, 0x34, 0x00, 0x33,
  0x32, 0x16, 0x15, 0x14, 0x06, 0x23, 0x22, 0x27, 0x26, 0x23, 0x22, 0x06,
  0x15, 0x14, 0x16, 0x33, 0x32, 0x37, 0x36, 0x17, 0x1e, 0x02, 0x17, 0x16,
  0x07, 0x06, 0x0f, 0x01, 0x06, 0x17, 0x1e, 0x01, 0x15, 0x14, 0x06, 0x23,
  0x22, 0x27, 0x2e, 0x01, 0x37, 0x36, 0x37, 0x36, 0x32, 0x16, 0x33, 0x32,
  0x36, 0x35, 0x34, 0x26, 0x07, 0x06, 0x26, 0x3f, 0x01, 0x36, 0x26, 0x23,
  0x2e, 0x01, 0x33, 0x01, 0x21, 0xcf, 0x64, 0x90, 0x2b, 0x1f, 0x35, 0x4a,
  0x39, 0x3c, 0x66, 0x9c, 0xa0, 0x7b, 0x93, 0x5e, 0x0c, 0x17, 0x06, 0x04,
  0x05, 0x02, 0x10, 0x13, 0x79, 0xaf, 0x25, 0x12, 0x0e, 0x3b, 0x50, 0x73,
  0x4e, 0x2f, 0x29, 0x06, 0x06, 0x04, 0x02, 0x06, 0x04, 0x19, 0x21, 0x04,
  0x2b, 0x39, 0x73, 0x35, 0x06, 0x19, 0x07, 0x83, 0x06, 0x06, 0x0b, 0x9c,
  0xc4, 0x01, 0x8b, 0xcd, 0x01, 0x1d, 0x4a, 0x39, 0x21, 0x2b, 0x48, 0x39,
  0xd9, 0x94, 0x9e, 0xc6, 0x89, 0x1f, 0x06, 0x02, 0x04, 0x09, 0x04, 0x0c,
  0x1b, 0xb8, 0x1a, 0x44, 0x21, 0x02, 0x08, 0x5c, 0x40, 0x50, 0x70, 0x0e,
  0x02, 0x13, 0x0a, 0x02, 0x0c, 0x08, 0x06, 0x38, 0x26, 0x46, 0x08, 0x2f,
  0x06, 0x10, 0x0d, 0xd9, 0x08, 0x14, 0x08, 0xec, 0x00, 0x03, 0x00, 0x31,
  0xff, 0xe1, 0x03, 0x35, 0x05, 0x44, 0x00, 0x22, 0x00, 0x2e, 0x00, 0x3b,
  0x00, 0x52, 0x00, 0xb2, 0x03, 0x01, 0x00, 0x2b, 0xb1, 0x2d, 0x03, 0xe9,
  0xb2, 0x20, 0x00, 0x00, 0x2b, 0xb4, 0x15, 0x0a, 0x00, 0x20, 0x04, 0x2b,
  0xb2, 0x33, 0x02, 0x00, 0x2b, 0xb4, 0x26, 0x0e, 0x20, 0x03, 0x0d, 0x2b,
  0xb1, 0x26, 0x03, 0xe9, 0x01, 0xb0, 0x3c, 0x2f, 0xb0, 0x00, 0xd6, 0xb1,
  0x12, 0x0d, 0xe9, 0xb1, 0x3d, 0x01, 0x2b, 0x00, 0xb1, 0x0e, 0x15, 0x11,
  0x12, 0xb1, 0x00, 0x18, 0x39, 0x39, 0xb1, 0x2d, 0x20, 0x11, 0x12, 0xb0,
  0x05, 0x39, 0xb1, 0x33, 0x03, 0x11, 0x12, 0xb0, 0x39, 0x39, 0x30, 0x31,
  0x13, 0x34, 0x12, 0x33, 0x32, 0x1f, 0x01, 0x16, 0x17, 0x16, 0x07, 0x14,
  0x23, 0x06, 0x25, 0x22, 0x07, 0x06, 0x15, 0x14, 0x16, 0x33, 0x32, 0x37,
  0x36, 0x17, 0x1e, 0x01, 0x07, 0x06, 0x07, 0x06, 0x23, 0x22, 0x02, 0x13,
  0x06, 0x16, 0x33, 0x21, 0x32, 0x36, 0x27, 0x2e, 0x01, 0x23, 0x22, 0x03,
  0x26, 0x36, 0x33, 0x37, 0x32, 0x17, 0x16, 0x17, 0x14, 0x06, 0x27, 0x26,
  0x31, 0xf0, 0xb4, 0xdf, 0x48, 0x0e, 0x1b, 0x10, 0x04, 0x04, 0x1a, 0x9e,
  0xfe, 0x79, 0x25, 0x02, 0x04, 0xb0, 0x81, 0x91, 0x6f, 0x0e, 0x11, 0x0c,
  0x0e, 0x06, 0x44, 0x4d, 0x73, 0x7f, 0xa2, 0xd9, 0xb0, 0x02, 0x1b, 0x08,
  0x01, 0x33, 0x10, 0x23, 0x02, 0x17, 0x66, 0x41, 0x8b, 0x1d, 0x0a, 0x16,
  0x13, 0x9b, 0x1f, 0x08, 0x36, 0x31, 0x29, 0x0d, 0x6d, 0x01, 0x9e, 0xc9,
  0x01, 0x08, 0xb5, 0x22, 0x2d, 0x15, 0x0f, 0x12, 0x12, 0x06, 0x06, 0x15,
  0x17, 0x26, 0x9e, 0xcf, 0x83, 0x0e, 0x03, 0x04, 0x1d, 0x0a, 0x50, 0x3e,
  0x58, 0x01, 0x02, 0x01, 0x92, 0x06, 0x0b, 0x0d, 0x0c, 0x54, 0x5e, 0x01,
  0xec, 0x0a, 0x1d, 0x02, 0x11, 0x8b, 0xc3, 0x12, 0x08, 0x0c, 0x8d, 0x00,
  0x00, 0x03, 0x00, 0x31, 0xff, 0xe1, 0x03, 0x35, 0x05, 0x4a, 0x00, 0x22,
  0x00, 0x2e, 0x00, 0x3c, 0x00, 0x6a, 0x00, 0xb2, 0x03, 0x01, 0x00, 0x2b,
  0xb1, 0x2d, 0x03, 0xe9, 0xb2, 0x20, 0x00, 0x00, 0x2b, 0xb4, 0x15, 0x0a,
  0x00, 0x20, 0x04, 0x2b, 0xb2, 0x32, 0x02, 0x00, 0x2b, 0xb4, 0x26, 0x0e,
  0x20, 0x03, 0x0d, 0x2b, 0xb1, 0x26, 0x03, 0xe9, 0x01, 0xb0, 0x3d, 0x2f,
  0xb0, 0x00, 0xd6, 0xb1, 0x12, 0x0d, 0xe9, 0xb0, 0x12, 0x10, 0xb1, 0x2f,
  0x01, 0x2b, 0xb4, 0x3a, 0x0c, 0x00, 0x1e, 0x04, 0x2b, 0xb1, 0x3e, 0x01,
  0x2b, 0xb1, 0x2f, 0x12, 0x11, 0x12, 0xb1, 0x0e, 0x24, 0x39, 0x39, 0x00,
  0xb1, 0x0e, 0x15, 0x11, 0x12, 0xb1, 0x00, 0x18, 0x39, 0x39, 0xb1, 0x2d,
  0x20, 0x11, 0x12, 0xb0, 0x05, 0x39, 0xb1, 0x32, 0x03, 0x11, 0x12, 0xb0,
  0x3b, 0x39, 0x30, 0x31, 0x13, 0x34, 0x12, 0x33, 0x32, 0x1f, 0x01, 0x16,
  0x17, 0x16, 0x07, 0x14, 0x23, 0x06, 0x25, 0x22, 0x07, 0x06, 0x15, 0x14,
  0x16, 0x33, 0x32, 0x37, 0x36, 0x17, 0x1e, 0x01, 0x07, 0x06, 0x07, 0x06,
  0x23, 0x22, 0x02, 0x13, 0x06, 0x16, 0x33, 0x21, 0x32, 0x36, 0x27, 0x2e,
  0x01, 0x23, 0x22, 0x37, 0x13, 0x36, 0x3b, 0x01, 0x32, 0x1e, 0x01, 0x07,
  0x14, 0x07, 0x01, 0x06, 0x26, 0x31, 0xf0, 0xb4, 0xdf, 0x48, 0x0e, 0x1b,
  0x10, 0x04, 0x04, 0x1a, 0x9e, 0xfe, 0x79, 0x25, 0x02, 0x04, 0xb0, 0x81,
  0x91, 0x6f, 0x0e, 0x11, 0x0c, 0x0e, 0x06, 0x44, 0x4d, 0x73, 0x7f, 0xa2,
  0xd9, 0xb0, 0x02, 0x1b, 0x08, 0x01, 0x33, 0x10, 0x23, 0x02, 0x17, 0x66,
  0x41, 0x8b, 0x47, 0x65, 0x06, 0x1f, 0xb4, 0x0a, 0x0c, 0x08, 0x02, 0x02,
  0xfe, 0xdc, 0x0a, 0x30, 0x01, 0x9e, 0xc9, 0x01, 0x08, 0xb5, 0x22, 0x2d,
  0x15, 0x0f, 0x12, 0x12, 0x06, 0x06, 0x15, 0x17, 0x26, 0x9e, 0xcf, 0x83,
  0x0e, 0x03, 0x04, 0x1d, 0x0a, 0x50, 0x3e, 0x58, 0x01, 0x02, 0x01, 0x92,
  0x06, 0x0b, 0x0d, 0x0c, 0x54, 0x5e, 0xb0, 0x01, 0x50, 0x1b, 0x02, 0x09,
  0x08, 0x08, 0x02, 0xfe, 0xa0, 0x0c, 0x08, 0x00, 0x00, 0x03, 0x00, 0x31,
  0xff, 0xe1, 0x03, 0x35, 0x05, 0x30, 0x00, 0x22, 0x00, 0x35, 0x00, 0x41,
  0x00, 0x53, 0x00, 0xb2, 0x03, 0x01, 0x00, 0x2b, 0xb1, 0x40, 0x03, 0xe9,
  0xb2, 0x20, 0x00, 0x00, 0x2b, 0xb4, 0x15, 0x0a, 0x00, 0x20, 0x04, 0x2b,
  0xb4, 0x39, 0x0e, 0x20, 0x03, 0x0d, 0x2b, 0xb1, 0x39, 0x03, 0xe9, 0x01,
  0xb0, 0x42, 0x2f, 0xb0, 0x00, 0xd6, 0xb1, 0x12, 0x0d, 0xe9, 0xb1, 0x43,
  0x01, 0x2b, 0xb1, 0x12, 0x00, 0x11, 0x12, 0xb0, 0x35, 0x39, 0x00, 0xb1,
  0x0e, 0x15, 0x11, 0x12, 0xb1, 0x00, 0x18, 0x39, 0x39, 0xb0, 0x39, 0x11,
  0xb0, 0x08, 0x39, 0xb0, 0x40, 0x12, 0xb1, 0x07, 0x05, 0x39, 0x39, 0x30,
  0x31, 0x13, 0x34, 0x12, 0x33, 0x32, 0x1f, 0x01, 0x16, 0x17, 0x16, 0x07,
  0x14, 0x23, 0x06, 0x25, 0x22, 0x07, 0x06, 0x15, 0x14, 0x16, 0x33, 0x32,
  0x37, 0x36, 0x17, 0x1e, 0x01, 0x07, 0x06, 0x07, 0x06, 0x23, 0x22, 0x02,
  0x1b, 0x01, 0x36, 0x37, 0x3e, 0x01, 0x17, 0x16, 0x17, 0x13, 0x16, 0x07,
  0x06, 0x2f, 0x01, 0x07, 0x06, 0x27, 0x26, 0x13, 0x06, 0x16, 0x33, 0x21,
  0x32, 0x36, 0x27, 0x2e, 0x01, 0x23, 0x22, 0x31, 0xf0, 0xb4, 0xdf, 0x48,
  0x0e, 0x1b, 0x10, 0x04, 0x04, 0x1a, 0x9e, 0xfe, 0x79, 0x25, 0x02, 0x04,
  0xb0, 0x81, 0x91, 0x6f, 0x0e, 0x11, 0x0c, 0x0e, 0x06, 0x44, 0x4d, 0x73,
  0x7f, 0xa2, 0xd9, 0x71, 0xb6, 0x08, 0x13, 0x0c, 0x79, 0x14, 0x17, 0x0c,
  0xb4, 0x0a, 0x0c, 0x1d, 0x0c, 0xfa, 0xeb, 0x12, 0x19, 0x0a, 0x43, 0x02,
  0x1b, 0x08, 0x01, 0x33, 0x10, 0x23, 0x02, 0x17, 0x66, 0x41, 0x8b, 0x01,
  0x9e, 0xc9, 0x01, 0x08, 0xb5, 0x22, 0x2d, 0x15, 0x0f, 0x12, 0x12, 0x06,
  0x06, 0x15, 0x17, 0x26, 0x9e, 0xcf, 0x83, 0x0e, 0x03, 0x04, 0x1d, 0x0a,
  0x50, 0x3e, 0x58, 0x01, 0x02, 0x02, 0xf6, 0x01, 0x40, 0x0c, 0x08, 0x02,
  0x02, 0x02, 0x02, 0x12, 0xfe, 0xc8, 0x19, 0x01, 0x08, 0x0c, 0xd5, 0xd5,
  0x10, 0x0e, 0x06, 0xfe, 0xa4, 0x06, 0x0b, 0x0d, 0x0c, 0x54, 0x5e, 0x00,
  0x00, 0x04, 0x00, 0x31, 0xff, 0xe1, 0x03, 0x35, 0x04, 0xc9, 0x00, 0x22,
  0x00, 0x2d, 0x00, 0x39, 0x00, 0x44, 0x00, 0x8e, 0x00, 0xb2, 0x03, 0x01,
  0x00, 0x2b, 0xb1, 0x38, 0x03, 0xe9, 0xb2, 0x20, 0x00, 0x00, 0x2b, 0xb4,
  0x15, 0x0a, 0x00, 0x20, 0x04, 0x2b, 0xb4, 0x31, 0x0e, 0x20, 0x03, 0x0d,
  0x2b, 0xb1, 0x31, 0x03, 0xe9, 0xb0, 0x42, 0x2f, 0xb0, 0x2b, 0x33, 0xb4,
  0x3d, 0x0a, 0x00, 0x12, 0x04, 0x2b, 0xb0, 0x26, 0x32, 0x01, 0xb0, 0x45,
  0x2f, 0xb0, 0x00, 0xd6, 0xb1, 0x12, 0x0d, 0xe9, 0xb3, 0x23, 0x12, 0x00,
  0x08, 0x2b, 0xb1, 0x29, 0x0f, 0xe9, 0xb0, 0x12, 0x10, 0xb1, 0x3a, 0x01,
  0x2b, 0xb1, 0x40, 0x0f, 0xe9, 0xb1, 0x46, 0x01, 0x2b, 0xb1, 0x29, 0x12,
  0x11, 0x12, 0xb3, 0x0e, 0x26, 0x2c, 0x2f, 0x24, 0x17, 0x39, 0xb0, 0x3a,
  0x11, 0xb3, 0x15, 0x20, 0x03, 0x38, 0x24, 0x17, 0x39, 0xb0, 0x40, 0x12,
  0xb0, 0x34, 0x39, 0x00, 0xb1, 0x0e, 0x15, 0x11, 0x12, 0xb1, 0x00, 0x18,
  0x39, 0x39, 0xb0, 0x31, 0x11, 0xb0, 0x08, 0x39, 0xb0, 0x38, 0x12, 0xb1,
  0x07, 0x05, 0x39, 0x39, 0x30, 0x31, 0x13, 0x34, 0x12, 0x33, 0x32, 0x1f,
  0x01, 0x16, 0x17, 0x16, 0x07, 0x14, 0x23, 0x06, 0x25, 0x22, 0x07, 0x06,
  0x15, 0x14, 0x16, 0x33, 0x32, 0x37, 0x36, 0x17, 0x1e, 0x01, 0x07, 0x06,
  0x07, 0x06, 0x23, 0x22, 0x02, 0x13, 0x34, 0x36, 0x33, 0x32, 0x16, 0x15,
  0x14, 0x06, 0x22, 0x26, 0x13, 0x06, 0x16, 0x33, 0x21, 0x32, 0x36, 0x27,
  0x2e, 0x01, 0x23, 0x22, 0x13, 0x34, 0x36, 0x33, 0x32, 0x16, 0x14, 0x06,
  0x23, 0x22, 0x26, 0x31, 0xf0, 0xb4, 0xdf, 0x48, 0x0e, 0x1b, 0x10, 0x04,
  0x04, 0x1a, 0x9e, 0xfe, 0x79, 0x25, 0x02, 0x04, 0xb0, 0x81, 0x91, 0x6f,
  0x0e, 0x11, 0x0c, 0x0e, 0x06, 0x44, 0x4d, 0x73, 0x7f, 0xa2, 0xd9, 0x83,
  0x46, 0x31, 0x2f, 0x46, 0x44, 0x62, 0x46, 0x2d, 0x02, 0x1b, 0x08, 0x01,
  0x33, 0x10, 0x23, 0x02, 0x17, 0x66, 0x41, 0x8b, 0xf1, 0x46, 0x2f, 0x31,
  0x44, 0x44, 0x31, 0x2f, 0x46, 0x01, 0x9e, 0xc9, 0x01, 0x08, 0xb5, 0x22,
  0x2d, 0x15, 0x0f, 0x12, 0x12, 0x06, 0x06, 0x15, 0x17, 0x26, 0x9e, 0xcf,
  0x83, 0x0e, 0x03, 0x04, 0x1d, 0x0a, 0x50, 0x3e, 0x58, 0x01, 0x02, 0x03,
  0x71, 0x2f, 0x46, 0x46, 0x2f, 0x31, 0x44, 0x44, 0xfe, 0x52, 0x06, 0x0b,
  0x0d, 0x0c, 0x54, 0x5e, 0x01, 0x25, 0x2f, 0x46, 0x44, 0x62, 0x44, 0x44,
  0x00, 0x02, 0xff, 0xf2, 0xff, 0xfc, 0x01, 0xf8, 0x05, 0x44, 0x00, 0x0c,
  0x00, 0x2e, 0x00, 0x53, 0x00, 0xb2, 0x04, 0x02, 0x00, 0x2b, 0xb0, 0x2c,
  0x2f, 0xb1, 0x0f, 0x03, 0xe9, 0xb0, 0x25, 0x32, 0x01, 0xb0, 0x2f, 0x2f,
  0xb0, 0x13, 0xd6, 0xb1, 0x20, 0x0d, 0xe9, 0xb3, 0x08, 0x20, 0x13, 0x08,
  0x2b, 0xb4, 0x0b, 0x0c, 0x00, 0x1e, 0x04, 0x2b, 0xb0, 0x0b, 0x2f, 0xb4,
  0x08, 0x0c, 0x00, 0x1e, 0x04, 0x2b, 0xb1, 0x30, 0x01, 0x2b, 0xb1, 0x08,
  0x0b, 0x11, 0x12, 0xb0, 0x2b, 0x39, 0xb0, 0x20, 0x11, 0xb0, 0x09, 0x39,
  0x00, 0xb1, 0x04, 0x0f, 0x11, 0x12, 0xb2, 0x0a, 0x0e, 0x1e, 0x39, 0x39,
  0x39, 0x30, 0x31, 0x03, 0x26, 0x36, 0x33, 0x37, 0x32, 0x17, 0x16, 0x17,
  0x16, 0x06, 0x27, 0x26, 0x03, 0x26, 0x17, 0x33, 0x32, 0x36, 0x35, 0x11,
  0x34, 0x26, 0x27, 0x26, 0x27, 0x2e, 0x01, 0x37, 0x25, 0x36, 0x15, 0x11,
  0x14, 0x17, 0x1e, 0x01, 0x3b, 0x01, 0x16, 0x07, 0x14, 0x23, 0x26, 0x07,
  0x06, 0x26, 0x0e, 0x0a, 0x14, 0x12, 0x9e, 0x1d, 0x0a, 0x3b, 0x29, 0x02,
  0x29, 0x0c, 0x6d, 0x6e, 0x04, 0x12, 0x1b, 0x58, 0x23, 0x11, 0x26, 0x2f,
  0x25, 0x0a, 0x03, 0x0a, 0x01, 0x05, 0x29, 0x02, 0x02, 0x25, 0x3f, 0x17,
  0x10, 0x04, 0x0c, 0xba, 0xf7, 0x06, 0x0a, 0x05, 0x1b, 0x0a, 0x1d, 0x02,
  0x11, 0x9c, 0xb2, 0x12, 0x08, 0x0c, 0x8d, 0xfb, 0xb7, 0x23, 0x01, 0x3c,
  0x87, 0x01, 0x6f, 0x4c, 0x1c, 0x08, 0x0a, 0x0d, 0x02, 0x2b, 0x06, 0x5a,
  0x0e, 0x2b, 0xfd, 0x9a, 0x4e, 0x1c, 0x39, 0x20, 0x03, 0x1f, 0x1f, 0x04,
  0x04, 0x02, 0x14, 0x00, 0x00, 0x02, 0x00, 0x29, 0xff, 0xfc, 0x01, 0xfa,
  0x05, 0x4a, 0x00, 0x21, 0x00, 0x2f, 0x00, 0x43, 0x00, 0xb2, 0x25, 0x02,
  0x00, 0x2b, 0xb0, 0x1f, 0x2f, 0xb1, 0x02, 0x03, 0xe9, 0xb0, 0x18, 0x32,
  0x01, 0xb0, 0x30, 0x2f, 0xb0, 0x06, 0xd6, 0xb1, 0x13, 0x0d, 0xe9, 0xb0,
  0x22, 0x20, 0xd6, 0x11, 0xb4, 0x2d, 0x0c, 0x00, 0x1e, 0x04, 0x2b, 0xb1,
  0x31, 0x01, 0x2b, 0xb1, 0x13, 0x2d, 0x11, 0x12, 0xb0, 0x1e, 0x39, 0x00,
  0xb1, 0x25, 0x02, 0x11, 0x12, 0xb3, 0x01, 0x11, 0x2b, 0x2e, 0x24, 0x17,
  0x39, 0x30, 0x31, 0x37, 0x26, 0x17, 0x33, 0x32, 0x36, 0x35, 0x11, 0x34,
  0x26, 0x27, 0x26, 0x27, 0x2e, 0x01, 0x37, 0x25, 0x36, 0x15, 0x11, 0x14,
  0x17, 0x1e, 0x01, 0x3b, 0x01, 0x16, 0x07, 0x14, 0x23, 0x26, 0x07, 0x06,
  0x26, 0x1b, 0x01, 0x36, 0x3b, 0x01, 0x36, 0x16, 0x07, 0x14, 0x07, 0x15,
  0x01, 0x06, 0x26, 0x29, 0x04, 0x12, 0x1b, 0x58, 0x23, 0x11, 0x26, 0x2f,
  0x25, 0x0a, 0x03, 0x0a, 0x01, 0x05, 0x29, 0x02, 0x02, 0x25, 0x3f, 0x17,
  0x10, 0x04, 0x0c, 0xba, 0xf7, 0x06, 0x0a, 0x73, 0x64, 0x0c, 0x1b, 0xb4,
  0x0c, 0x13, 0x02, 0x02, 0xfe, 0xdb, 0x0a, 0x31, 0x1b, 0x23, 0x01, 0x3c,
  0x87, 0x01, 0x6f, 0x4c, 0x1c, 0x08, 0x0a, 0x0d, 0x02, 0x2b, 0x06, 0x5a,
  0x0e, 0x2b, 0xfd, 0x9a, 0x4e, 0x1c, 0x39, 0x20, 0x03, 0x1f, 0x1f, 0x04,
  0x04, 0x02, 0x14, 0x03, 0xd1, 0x01, 0x50, 0x1b, 0x02, 0x0b, 0x0a, 0x02,
  0x04, 0x04, 0xfe, 0xa0, 0x0c, 0x08, 0x00, 0x00, 0x00, 0x02, 0xff, 0xe9,
  0xff, 0xfc, 0x02, 0x2b, 0x05, 0x30, 0x00, 0x12, 0x00, 0x34, 0x00, 0x27,
  0x00, 0xb0, 0x32, 0x2f, 0xb1, 0x15, 0x03, 0xe9, 0xb0, 0x2b, 0x32, 0x01,
  0xb0, 0x35, 0x2f, 0xb0, 0x19, 0xd6, 0xb1, 0x26, 0x0d, 0xe9, 0xb1, 0x36,
  0x01, 0x2b, 0xb1, 0x26, 0x19, 0x11, 0x12, 0xb1, 0x0e, 0x31, 0x39, 0x39,
  0x00, 0x30, 0x31, 0x03, 0x13, 0x36, 0x37, 0x3e, 0x01, 0x17, 0x16, 0x17,
  0x13, 0x16, 0x07, 0x06, 0x2f, 0x01, 0x07, 0x06, 0x27, 0x26, 0x13, 0x26,
  0x17, 0x33, 0x32, 0x36, 0x35, 0x11, 0x34, 0x26, 0x27, 0x26, 0x27, 0x2e,
  0x01, 0x37, 0x25, 0x36, 0x15, 0x11, 0x14, 0x17, 0x1e, 0x01, 0x3b, 0x01,
  0x16, 0x07, 0x14, 0x23, 0x26, 0x07, 0x06, 0x26, 0x17, 0xb7, 0x08, 0x12,
  0x0c, 0x79, 0x15, 0x17, 0x0c, 0xb4, 0x0a, 0x0c, 0x1d, 0x0c, 0xfa, 0xeb,
  0x12, 0x19, 0x0a, 0x43, 0x04, 0x12, 0x1b, 0x58, 0x23, 0x11, 0x26, 0x2f,
  0x25, 0x0a, 0x03, 0x0a, 0x01, 0x05, 0x29, 0x02, 0x02, 0x25, 0x3f, 0x17,
  0x10, 0x04, 0x0c, 0xba, 0xf7, 0x06, 0x0a, 0x03, 0xd9, 0x01, 0x40, 0x0c,
  0x08, 0x02, 0x02, 0x02, 0x02, 0x12, 0xfe, 0xc8, 0x19, 0x01, 0x08, 0x0c,
  0xd5, 0xd5, 0x10, 0x0e, 0x06, 0xfc, 0x4a, 0x23, 0x01, 0x3c, 0x87, 0x01,
  0x6f, 0x4c, 0x1c, 0x08, 0x0a, 0x0d, 0x02, 0x2b, 0x06, 0x5a, 0x0e, 0x2b,
  0xfd, 0x9a, 0x4e, 0x1c, 0x39, 0x20, 0x03, 0x1f, 0x1f, 0x04, 0x04, 0x02,
  0x14, 0x00, 0x00, 0x00, 0x00, 0x03, 0xff, 0xe5, 0xff, 0xfc, 0x02, 0x48,
  0x04, 0xcf, 0x00, 0x07, 0x00, 0x29, 0x00, 0x31, 0x00, 0x7e, 0x00, 0xb0,
  0x27, 0x2f, 0xb1, 0x0a, 0x03, 0xe9, 0xb0, 0x20, 0x32, 0xb0, 0x07, 0x2f,
  0xb0, 0x30, 0x33, 0xb4, 0x03, 0x0a, 0x00, 0x11, 0x04, 0x2b, 0xb0, 0x2c,
  0x32, 0x01, 0xb0, 0x32, 0x2f, 0xb0, 0x0e, 0xd6, 0xb1, 0x1b, 0x0d, 0xe9,
  0xb3, 0x05, 0x1b, 0x0e, 0x08, 0x2b, 0xb4, 0x01, 0x0f, 0x00, 0x19, 0x04,
  0x2b, 0xb0, 0x01, 0x2f, 0xb4, 0x05, 0x0f, 0x00, 0x19, 0x04, 0x2b, 0xb3,
  0x2b, 0x1b, 0x0e, 0x08, 0x2b, 0xb4, 0x2f, 0x0f, 0x00, 0x19, 0x04, 0x2b,
  0xb1, 0x33, 0x01, 0x2b, 0xb1, 0x0e, 0x01, 0x11, 0x12, 0xb4, 0x03, 0x06,
  0x09, 0x16, 0x27, 0x24, 0x17, 0x39, 0xb1, 0x2b, 0x05, 0x11, 0x12, 0xb0,
  0x26, 0x39, 0xb1, 0x2f, 0x1b, 0x11, 0x12, 0xb3, 0x22, 0x25, 0x2c, 0x31,
  0x24, 0x17, 0x39, 0x00, 0xb1, 0x07, 0x0a, 0x11, 0x12, 0xb1, 0x09, 0x19,
  0x39, 0x39, 0x30, 0x31, 0x02, 0x34, 0x36, 0x32, 0x16, 0x14, 0x06, 0x22,
  0x03, 0x26, 0x17, 0x33, 0x32, 0x36, 0x35, 0x11, 0x34, 0x26, 0x27, 0x26,
  0x27, 0x2e, 0x01, 0x37, 0x25, 0x36, 0x15, 0x11, 0x14, 0x17, 0x1e, 0x01,
  0x3b, 0x01, 0x16, 0x07, 0x14, 0x23, 0x26, 0x07, 0x06, 0x26, 0x00, 0x34,
  0x36, 0x32, 0x16, 0x14, 0x06, 0x22, 0x1b, 0x48, 0x66, 0x48, 0x48, 0x66,
  0x04, 0x04, 0x12, 0x1b, 0x58, 0x23, 0x11, 0x26, 0x2f, 0x25, 0x0a, 0x03,
  0x0a, 0x01, 0x05, 0x29, 0x02, 0x02, 0x25, 0x3f, 0x17, 0x10, 0x04, 0x0c,
  0xba, 0xf7, 0x06, 0x0a, 0x01, 0x25, 0x48, 0x66, 0x4a, 0x4a, 0x66, 0x04,
  0x21, 0x66, 0x48, 0x48, 0x66, 0x48, 0xfc, 0x42, 0x23, 0x01, 0x3c, 0x87,
  0x01, 0x6f, 0x4c, 0x1c, 0x08, 0x0a, 0x0d, 0x02, 0x2b, 0x06, 0x5a, 0x0e,
  0x2b, 0xfd, 0x9a, 0x4e, 0x1c, 0x39, 0x20, 0x03, 0x1f, 0x1f, 0x04, 0x04,
  0x02, 0x14, 0x04, 0x13, 0x66, 0x48, 0x48, 0x66, 0x48, 0x00, 0x00, 0x00,
  0x00, 0x02, 0x00, 0x5e, 0xff, 0xdd, 0x04, 0x06, 0x05, 0x5e, 0x00, 0x36,
  0x00, 0x42, 0x00, 0x7b, 0x00, 0xb2, 0x03, 0x01, 0x00, 0x2b, 0xb1, 0x40,
  0x04, 0xe9, 0xb2, 0x34, 0x00, 0x00, 0x2b, 0xb1, 0x3a, 0x06, 0xe9, 0xb2,
  0x20, 0x02, 0x00, 0x2b, 0xb1, 0x1a, 0x08, 0xe9, 0xb2, 0x24, 0x02, 0x00,
  0x2b, 0x01, 0xb0, 0x43, 0x2f, 0xb0, 0x00, 0xd6, 0xb1, 0x37, 0x0d, 0xe9,
  0xb0, 0x37, 0x10, 0xb1, 0x3d, 0x01, 0x2b, 0xb1, 0x30, 0x0d, 0xe9, 0xb1,
  0x44, 0x01, 0x2b, 0xb1, 0x37, 0x00, 0x11, 0x12, 0xb3, 0x10, 0x13, 0x14,
  0x1c, 0x24, 0x17, 0x39, 0xb0, 0x3d, 0x11, 0x40, 0x0a, 0x03, 0x15, 0x07,
  0x1a, 0x22, 0x26, 0x17, 0x2b, 0x34, 0x29, 0x24, 0x17, 0x39, 0x00, 0xb1,
  0x40, 0x3a, 0x11, 0x12, 0xb1, 0x30, 0x00, 0x39, 0x39, 0xb1, 0x1a, 0x03,
  0x11, 0x12, 0xb4, 0x0e, 0x11, 0x22, 0x28, 0x2b, 0x24, 0x17, 0x39, 0xb0,
  0x20, 0x11, 0xb0, 0x27, 0x39, 0x30, 0x31, 0x13, 0x34, 0x00, 0x33, 0x32,
  0x17, 0x16, 0x36, 0x27, 0x26, 0x27, 0x26, 0x27, 0x2e, 0x01, 0x07, 0x05,
  0x06, 0x27, 0x26, 0x3f, 0x01, 0x3e, 0x01, 0x27, 0x26, 0x27, 0x22, 0x26,
  0x3f, 0x01, 0x36, 0x17, 0x16, 0x17, 0x37, 0x36, 0x17, 0x16, 0x0f, 0x01,
  0x06, 0x17, 0x16, 0x17, 0x16, 0x17, 0x16, 0x15, 0x10, 0x07, 0x06, 0x23,
  0x22, 0x00, 0x13, 0x14, 0x12, 0x33, 0x32, 0x36, 0x35, 0x34, 0x02, 0x23,
  0x22, 0x06, 0x5e, 0x01, 0x0a, 0xc3, 0x46, 0x37, 0x14, 0x17, 0x0c, 0x14,
  0x19, 0x2b, 0x48, 0x0c, 0x32, 0x14, 0xfe, 0xfc, 0x14, 0x0d, 0x0e, 0x1c,
  0xe0, 0x0e, 0x04, 0x10, 0x33, 0x59, 0x08, 0x18, 0x08, 0x10, 0x12, 0x21,
  0x98, 0x6f, 0xc0, 0x23, 0x0c, 0x10, 0x1e, 0x73, 0x2f, 0x2b, 0x3b, 0x3e,
  0x3f, 0x27, 0x77, 0x95, 0x81, 0xbb, 0xcd, 0xfe, 0xf6, 0xb0, 0xbd, 0x83,
  0x73, 0x93, 0xba, 0x8a, 0x6d, 0x95, 0x01, 0xae, 0xc5, 0x01, 0x0a, 0x15,
  0x06, 0x15, 0x1c, 0x2d, 0x23, 0x42, 0x3f, 0x0c, 0x09, 0x0a, 0x8a, 0x04,
  0x17, 0x21, 0x0e, 0x75, 0x06, 0x1f, 0x0a, 0x21, 0x1e, 0x15, 0x0e, 0x1d,
  0x1f, 0x0b, 0x29, 0x3f, 0x60, 0x0a, 0x18, 0x19, 0x10, 0x3e, 0x19, 0x1e,
  0x2d, 0x4a, 0x4c, 0x45, 0xd4, 0xe9, 0xfe, 0xee, 0x81, 0x75, 0x01, 0x06,
  0x01, 0x0f, 0xc1, 0xfe, 0xf6, 0xb4, 0x8d, 0xc5, 0x01, 0x04, 0xb6, 0x00,
  0x00, 0x02, 0x00, 0x21, 0xff, 0xfa, 0x04, 0x02, 0x04, 0xe5, 0x00, 0x4c,
  0x00, 0x6b, 0x00, 0xd2, 0x00, 0xb2, 0x1c, 0x01, 0x00, 0x2b, 0xb1, 0x3d,
  0x0a, 0xe9, 0xb0, 0x0c, 0x32, 0xb0, 0x3d, 0x10, 0xb1, 0x0f, 0x07, 0xe9,
  0xb2, 0x11, 0x01, 0x00, 0x2b, 0xb0, 0x30, 0x2f, 0xb0, 0x47, 0x33, 0xb1,
  0x35, 0x03, 0xe9, 0xb2, 0x02, 0x24, 0x43, 0x32, 0x32, 0x32, 0xb0, 0x5f,
  0x2f, 0xb4, 0x53, 0x0a, 0x00, 0x1d, 0x04, 0x2b, 0xb3, 0x63, 0x53, 0x5f,
  0x08, 0x2b, 0xb4, 0x4f, 0x0a, 0x00, 0x1d, 0x04, 0x2b, 0x01, 0xb0, 0x6c,
  0x2f, 0xb0, 0x06, 0xd6, 0xb1, 0x40, 0x0d, 0xe9, 0xb0, 0x14, 0x32, 0xb2,
  0x06, 0x40, 0x0a, 0x2b, 0xb3, 0x40, 0x06, 0x0e, 0x09, 0x2b, 0xb3, 0x4d,
  0x40, 0x06, 0x08, 0x2b, 0xb4, 0x69, 0x0c, 0x00, 0x1e, 0x04, 0x2b, 0xb0,
  0x40, 0x10, 0xb1, 0x3b, 0x01, 0x2b, 0xb1, 0x1e, 0x0d, 0xe9, 0xb3, 0x5a,
  0x1e, 0x3b, 0x08, 0x2b, 0xb4, 0x56, 0x0c, 0x00, 0x1e, 0x04, 0x2b, 0xb0,
  0x56, 0x2f, 0xb4, 0x5a, 0x0c, 0x00, 0x1e, 0x04, 0x2b, 0xb1, 0x6d, 0x01,
  0x2b, 0xb1, 0x3b, 0x69, 0x11, 0x12, 0x40, 0x09, 0x11, 0x1c, 0x2f, 0x33,
  0x45, 0x47, 0x4f, 0x53, 0x5f, 0x24, 0x17, 0x39, 0xb1, 0x1e, 0x56, 0x11,
  0x12, 0xb0, 0x21, 0x39, 0x00, 0xb1, 0x3d, 0x35, 0x11, 0x12, 0x40, 0x09,
  0x0b, 0x15, 0x17, 0x18, 0x1e, 0x25, 0x34, 0x3b, 0x3f, 0x24, 0x17, 0x39,
  0xb0, 0x0f, 0x11, 0xb0, 0x19, 0x39, 0xb1, 0x5f, 0x1c, 0x11, 0x12, 0xb0,
  0x6b, 0x39, 0xb0, 0x53, 0x11, 0xb0, 0x66, 0x39, 0x30, 0x31, 0x3e, 0x01,
  0x3b, 0x01, 0x32, 0x36, 0x35, 0x11, 0x34, 0x27, 0x26, 0x2f, 0x01, 0x26,
  0x34, 0x37, 0x3e, 0x01, 0x37, 0x36, 0x1d, 0x01, 0x14, 0x16, 0x37, 0x36,
  0x37, 0x36, 0x33, 0x32, 0x11, 0x14, 0x06, 0x15, 0x14, 0x16, 0x33, 0x36,
  0x17, 0x16, 0x07, 0x0e, 0x01, 0x23, 0x22, 0x23, 0x22, 0x24, 0x07, 0x22,
  0x26, 0x27, 0x34, 0x17, 0x33, 0x3e, 0x01, 0x37, 0x36, 0x35, 0x34, 0x23,
  0x22, 0x07, 0x11, 0x14, 0x16, 0x33, 0x32, 0x17, 0x14, 0x07, 0x26, 0x04,
  0x27, 0x22, 0x27, 0x13, 0x12, 0x33, 0x32, 0x17, 0x16, 0x33, 0x32, 0x36,
  0x37, 0x34, 0x33, 0x36, 0x15, 0x16, 0x15, 0x14, 0x06, 0x23, 0x22, 0x27,
  0x26, 0x27, 0x22, 0x06, 0x07, 0x14, 0x06, 0x07, 0x0e, 0x01, 0x1d, 0x08,
  0x0e, 0x0c, 0x48, 0x2d, 0x08, 0x08, 0x48, 0x29, 0x0a, 0x0a, 0x21, 0xac,
  0x25, 0x2f, 0x0e, 0x08, 0x60, 0x4a, 0x56, 0x3a, 0xe3, 0x10, 0x21, 0x45,
  0x12, 0x0f, 0x0a, 0x06, 0x02, 0x08, 0x0f, 0x04, 0x02, 0x2b, 0xfe, 0xd3,
  0x2d, 0x14, 0x0b, 0x02, 0x11, 0x0e, 0x44, 0x33, 0x06, 0x0c, 0x95, 0x60,
  0x9c, 0x2d, 0x50, 0x0e, 0x04, 0x1c, 0x2f, 0xfe, 0xd9, 0x32, 0x19, 0x03,
  0xa0, 0x0c, 0xbc, 0x52, 0x77, 0x52, 0x27, 0x23, 0x22, 0x0d, 0x1a, 0x19,
  0x04, 0x73, 0x58, 0x56, 0x70, 0x56, 0x23, 0x1f, 0x21, 0x0c, 0x04, 0x02,
  0x06, 0x2d, 0x14, 0x27, 0x4e, 0x87, 0x01, 0x19, 0x96, 0x10, 0x12, 0x0f,
  0x08, 0x02, 0x31, 0x04, 0x06, 0x4a, 0x08, 0x0c, 0x2f, 0x70, 0x06, 0x19,
  0x06, 0x44, 0x25, 0x29, 0xfe, 0x8f, 0x3d, 0xf6, 0x40, 0x2f, 0x1b, 0x0c,
  0x12, 0x12, 0x19, 0x0c, 0x06, 0x02, 0x02, 0x0c, 0x15, 0x23, 0x01, 0x06,
  0x2e, 0x3f, 0x77, 0xf2, 0xe3, 0x79, 0xfe, 0x31, 0x4e, 0x29, 0x22, 0x21,
  0x02, 0x02, 0x04, 0x04, 0x0a, 0x03, 0xc1, 0x01, 0x14, 0x52, 0x37, 0x37,
  0x50, 0x0c, 0x04, 0x10, 0x0d, 0x0e, 0x6f, 0x8e, 0x4f, 0x3b, 0x01, 0x29,
  0x37, 0x04, 0x17, 0x0a, 0x0e, 0x05, 0x00, 0x00, 0x00, 0x03, 0x00, 0x2f,
  0xff, 0xe1, 0x03, 0xcf, 0x05, 0x44, 0x00, 0x0b, 0x00, 0x17, 0x00, 0x24,
  0x00, 0x69, 0x00, 0xb2, 0x03, 0x01, 0x00, 0x2b, 0xb1, 0x15, 0x06, 0xe9,
  0xb2, 0x09, 0x00, 0x00, 0x2b, 0xb1, 0x0f, 0x04, 0xe9, 0xb2, 0x1c, 0x02,
  0x00, 0x2b, 0x01, 0xb0, 0x25, 0x2f, 0xb0, 0x00, 0xd6, 0xb1, 0x0c, 0x0d,
  0xe9, 0xb0, 0x0c, 0x10, 0xb1, 0x23, 0x01, 0x2b, 0xb4, 0x20, 0x0c, 0x00,
  0x1e, 0x04, 0x2b, 0xb0, 0x20, 0x10, 0xb1, 0x12, 0x01, 0x2b, 0xb1, 0x06,
  0x0b, 0xe9, 0xb1, 0x26, 0x01, 0x2b, 0xb1, 0x23, 0x0c, 0x11, 0x12, 0xb4,
  0x09, 0x03, 0x0f, 0x15, 0x19, 0x24, 0x17, 0x39, 0xb1, 0x12, 0x20, 0x11,
  0x12, 0xb0, 0x21, 0x39, 0x00, 0xb1, 0x15, 0x0f, 0x11, 0x12, 0xb0, 0x00,
  0x39, 0xb1, 0x1c, 0x03, 0x11, 0x12, 0xb0, 0x22, 0x39, 0x30, 0x31, 0x13,
  0x34, 0x00, 0x33, 0x32, 0x00, 0x07, 0x14, 0x00, 0x23, 0x22, 0x00, 0x13,
  0x14, 0x12, 0x33, 0x32, 0x36, 0x35, 0x34, 0x02, 0x23, 0x22, 0x06, 0x13,
  0x26, 0x36, 0x33, 0x37, 0x32, 0x17, 0x16, 0x17, 0x16, 0x06, 0x27, 0x26,
  0x2f, 0x01, 0x08, 0xc5, 0xc7, 0x01, 0x0e, 0x02, 0xfe, 0xf6, 0xc3, 0xc7,
  0xfe, 0xf4, 0xb2, 0xb9, 0x81, 0x6d, 0x91, 0xbb, 0x7f, 0x6d, 0x91, 0x75,
  0x08, 0x14, 0x13, 0x9d, 0x1d, 0x0a, 0x3c, 0x29, 0x02, 0x2b, 0x0b, 0x73,
  0x01, 0xa8, 0xc5, 0x01, 0x04, 0xfe, 0xf8, 0xc3, 0xbe, 0xfe, 0xf9, 0x01,
  0x04, 0x01, 0x04, 0xba, 0xfe, 0xfe, 0xb9, 0x8f, 0xb2, 0x01, 0x00, 0xb4,
  0x02, 0xa8, 0x0a, 0x1d, 0x02, 0x11, 0x9c, 0xb2, 0x12, 0x08, 0x0c, 0x98,
  0x00, 0x03, 0x00, 0x2f, 0xff, 0xe1, 0x03, 0xcf, 0x05, 0x4a, 0x00, 0x0b,
  0x00, 0x17, 0x00, 0x26, 0x00, 0x60, 0x00, 0xb2, 0x03, 0x01, 0x00, 0x2b,
  0xb1, 0x15, 0x06, 0xe9, 0xb2, 0x09, 0x00, 0x00, 0x2b, 0xb1, 0x0f, 0x04,
  0xe9, 0xb2, 0x1b, 0x02, 0x00, 0x2b, 0x01, 0xb0, 0x27, 0x2f, 0xb0, 0x00,
  0xd6, 0xb1, 0x0c, 0x0d, 0xe9, 0xb0, 0x0c, 0x10, 0xb1, 0x18, 0x01, 0x2b,
  0xb4, 0x24, 0x0c, 0x00, 0x1e, 0x04, 0x2b, 0xb0, 0x24, 0x10, 0xb1, 0x12,
  0x01, 0x2b, 0xb1, 0x06, 0x0b, 0xe9, 0xb1, 0x28, 0x01, 0x2b, 0xb1, 0x12,
  0x24, 0x11, 0x12, 0xb3, 0x03, 0x09, 0x0f, 0x1f, 0x24, 0x17, 0x39, 0x00,
  0xb1, 0x15, 0x0f, 0x11, 0x12, 0xb0, 0x00, 0x39, 0xb1, 0x1b, 0x03, 0x11,
  0x12, 0xb0, 0x25, 0x39, 0x30, 0x31, 0x13, 0x34, 0x00, 0x33, 0x32, 0x00,
  0x07, 0x14, 0x00, 0x23, 0x22, 0x00, 0x13, 0x14, 0x12, 0x33, 0x32, 0x36,
  0x35, 0x34, 0x02, 0x23, 0x22, 0x06, 0x1b, 0x01, 0x36, 0x3b, 0x01, 0x32,
  0x1e, 0x01, 0x07, 0x14, 0x15, 0x07, 0x01, 0x06, 0x26, 0x2f, 0x01, 0x08,
  0xc5, 0xc7, 0x01, 0x0e, 0x02, 0xfe, 0xf6, 0xc3, 0xc7, 0xfe, 0xf4, 0xb2,
  0xb9, 0x81, 0x6d, 0x91, 0xbb, 0x7f, 0x6d, 0x91, 0xd9, 0x65, 0x0e, 0x17,
  0xb6, 0x08, 0x0c, 0x0b, 0x02, 0x03, 0xfe, 0xdc, 0x0c, 0x30, 0x01, 0xa8,
  0xc5, 0x01, 0x04, 0xfe, 0xf8, 0xc3, 0xbe, 0xfe, 0xf9, 0x01, 0x04, 0x01,
  0x04, 0xba, 0xfe, 0xfe, 0xb9, 0x8f, 0xb2, 0x01, 0x00, 0xb4, 0x01, 0x6c,
  0x01, 0x50, 0x1b, 0x02, 0x09, 0x08, 0x02, 0x04, 0x04, 0xfe, 0xa0, 0x0c,
  0x08, 0x00, 0x00, 0x00, 0x00, 0x03, 0x00, 0x2f, 0xff, 0xe1, 0x03, 0xcf,
  0x05, 0x30, 0x00, 0x0b, 0x00, 0x1e, 0x00, 0x2a, 0x00, 0x50, 0x00, 0xb2,
  0x03, 0x01, 0x00, 0x2b, 0xb1, 0x28, 0x06, 0xe9, 0xb2, 0x09, 0x00, 0x00,
  0x2b, 0xb1, 0x22, 0x04, 0xe9, 0x01, 0xb0, 0x2b, 0x2f, 0xb0, 0x00, 0xd6,
  0xb1, 0x1f, 0x0d, 0xe9, 0xb0, 0x1f, 0x10, 0xb1, 0x25, 0x01, 0x2b, 0xb1,
  0x06, 0x0b, 0xe9, 0xb1, 0x2c, 0x01, 0x2b, 0xb1, 0x1f, 0x00, 0x11, 0x12,
  0xb0, 0x1e, 0x39, 0xb0, 0x25, 0x11, 0xb2, 0x09, 0x1a, 0x03, 0x39, 0x39,
  0x39, 0xb0, 0x06, 0x12, 0xb0, 0x16, 0x39, 0x00, 0xb1, 0x28, 0x22, 0x11,
  0x12, 0xb0, 0x00, 0x39, 0x30, 0x31, 0x13, 0x34, 0x00, 0x33, 0x32, 0x00,
  0x07, 0x14, 0x00, 0x23, 0x22, 0x00, 0x1b, 0x01, 0x36, 0x37, 0x3e, 0x01,
  0x17, 0x16, 0x17, 0x13, 0x16, 0x07, 0x06, 0x2f, 0x01, 0x07, 0x06, 0x27,
  0x26, 0x13, 0x14, 0x12, 0x33, 0x32, 0x36, 0x35, 0x34, 0x02, 0x23, 0x22,
  0x06, 0x2f, 0x01, 0x08, 0xc5, 0xc7, 0x01, 0x0e, 0x02, 0xfe, 0xf6, 0xc3,
  0xc7, 0xfe, 0xf4, 0xa2, 0xb6, 0x08, 0x13, 0x0c, 0x79, 0x14, 0x17, 0x0c,
  0xb4, 0x0a, 0x0c, 0x1d, 0x0c, 0xf9, 0xec, 0x12, 0x19, 0x0a, 0x14, 0xb9,
  0x81, 0x6d, 0x91, 0xbb, 0x7f, 0x6d, 0x91, 0x01, 0xa8, 0xc5, 0x01, 0x04,
  0xfe, 0xf8, 0xc3, 0xbe, 0xfe, 0xf9, 0x01, 0x04, 0x02, 0xf4, 0x01, 0x40,
  0x0c, 0x08, 0x02, 0x02, 0x02, 0x02, 0x12, 0xfe, 0xc8, 0x19, 0x01, 0x08,
  0x0c, 0xd5, 0xd5, 0x10, 0x0e, 0x06, 0xfe, 0x18, 0xba, 0xfe, 0xfe, 0xb9,
  0x8f, 0xb2, 0x01, 0x00, 0xb4, 0x00, 0x00, 0x00, 0x00, 0x03, 0x00, 0x2f,
  0xff, 0xe1, 0x03, 0xcf, 0x04, 0xe5, 0x00, 0x0b, 0x00, 0x2a, 0x00, 0x36,
  0x00, 0x85, 0x00, 0xb2, 0x03, 0x01, 0x00, 0x2b, 0xb1, 0x34, 0x06, 0xe9,
  0xb2, 0x09, 0x00, 0x00, 0x2b, 0xb1, 0x2e, 0x04, 0xe9, 0xb0, 0x1e, 0x2f,
  0xb4, 0x12, 0x0a, 0x00, 0x1d, 0x04, 0x2b, 0xb3, 0x22, 0x12, 0x1e, 0x08,
  0x2b, 0xb4, 0x0e, 0x0a, 0x00, 0x1d, 0x04, 0x2b, 0x01, 0xb0, 0x37, 0x2f,
  0xb0, 0x00, 0xd6, 0xb1, 0x2b, 0x0d, 0xe9, 0xb0, 0x25, 0x32, 0xb0, 0x2b,
  0x10, 0xb4, 0x0c, 0x0c, 0x00, 0x1e, 0x04, 0x2b, 0xb0, 0x0c, 0x2f, 0xb0,
  0x2b, 0x10, 0xb1, 0x31, 0x01, 0x2b, 0xb1, 0x06, 0x0b, 0xe9, 0xb0, 0x15,
  0x20, 0xd6, 0x11, 0xb4, 0x1b, 0x0c, 0x00, 0x1e, 0x04, 0x2b, 0xb1, 0x38,
  0x01, 0x2b, 0xb1, 0x31, 0x00, 0x11, 0x12, 0xb2, 0x03, 0x09, 0x1e, 0x39,
  0x39, 0x39, 0x00, 0xb1, 0x34, 0x2e, 0x11, 0x12, 0xb0, 0x00, 0x39, 0xb1,
  0x1e, 0x03, 0x11, 0x12, 0xb0, 0x2a, 0x39, 0xb0, 0x12, 0x11, 0xb0, 0x25,
  0x39, 0x30, 0x31, 0x13, 0x34, 0x00, 0x33, 0x32, 0x00, 0x07, 0x14, 0x00,
  0x23, 0x22, 0x00, 0x13, 0x12, 0x33, 0x32, 0x17, 0x16, 0x33, 0x32, 0x36,
  0x37, 0x34, 0x33, 0x36, 0x07, 0x16, 0x15, 0x14, 0x06, 0x23, 0x22, 0x27,
  0x26, 0x27, 0x22, 0x06, 0x07, 0x14, 0x06, 0x07, 0x0e, 0x01, 0x13, 0x14,
  0x12, 0x33, 0x32, 0x36, 0x35, 0x34, 0x02, 0x23, 0x22, 0x06, 0x2f, 0x01,
  0x08, 0xc5, 0xc7, 0x01, 0x0e, 0x02, 0xfe, 0xf6, 0xc3, 0xc7, 0xfe, 0xf4,
  0x7b, 0x0c, 0xbd, 0x52, 0x76, 0x52, 0x27, 0x23, 0x23, 0x0c, 0x1b, 0x19,
  0x01, 0x04, 0x72, 0x58, 0x52, 0x75, 0x54, 0x25, 0x1f, 0x20, 0x0d, 0x04,
  0x02, 0x06, 0x2d, 0x33, 0xb9, 0x81, 0x6d, 0x91, 0xbb, 0x7f, 0x6d, 0x91,
  0x01, 0xa8, 0xc5, 0x01, 0x04, 0xfe, 0xf8, 0xc3, 0xbe, 0xfe, 0xf9, 0x01,
  0x04, 0x02, 0xe2, 0x01, 0x14, 0x52, 0x37, 0x37, 0x50, 0x0c, 0x04, 0x10,
  0x0d, 0x0e, 0x6f, 0x8e, 0x4f, 0x3b, 0x01, 0x29, 0x37, 0x04, 0x17, 0x0a,
  0x0e, 0x05, 0xfe, 0x35, 0xba, 0xfe, 0xfe, 0xb9, 0x8f, 0xb2, 0x01, 0x00,
  0xb4, 0x00, 0x00, 0x00, 0x00, 0x04, 0x00, 0x2f, 0xff, 0xe1, 0x03, 0xcf,
  0x04, 0xc9, 0x00, 0x0b, 0x00, 0x17, 0x00, 0x21, 0x00, 0x2c, 0x00, 0x71,
  0x00, 0xb2, 0x03, 0x01, 0x00, 0x2b, 0xb1, 0x15, 0x06, 0xe9, 0xb2, 0x09,
  0x00, 0x00, 0x2b, 0xb1, 0x0f, 0x04, 0xe9, 0xb0, 0x2a, 0x2f, 0xb0, 0x1f,
  0x33, 0xb4, 0x25, 0x0a, 0x00, 0x12, 0x04, 0x2b, 0xb0, 0x1a, 0x32, 0x01,
  0xb0, 0x2d, 0x2f, 0xb0, 0x00, 0xd6, 0xb1, 0x0c, 0x0d, 0xe9, 0xb0, 0x0c,
  0x10, 0xb1, 0x18, 0x0b, 0x2b, 0xb1, 0x1d, 0x0f, 0xe9, 0xb0, 0x1d, 0x10,
  0xb1, 0x12, 0x01, 0x2b, 0xb1, 0x06, 0x0b, 0xe9, 0xb3, 0x28, 0x06, 0x12,
  0x08, 0x2b, 0xb1, 0x22, 0x0f, 0xe9, 0xb0, 0x22, 0x2f, 0xb1, 0x28, 0x0f,
  0xe9, 0xb1, 0x2e, 0x01, 0x2b, 0xb1, 0x12, 0x00, 0x11, 0x12, 0xb3, 0x03,
  0x09, 0x25, 0x2a, 0x24, 0x17, 0x39, 0x00, 0xb1, 0x15, 0x0f, 0x11, 0x12,
  0xb0, 0x00, 0x39, 0x30, 0x31, 0x13, 0x34, 0x00, 0x33, 0x32, 0x00, 0x07,
  0x14, 0x00, 0x23, 0x22, 0x00, 0x13, 0x14, 0x12, 0x33, 0x32, 0x36, 0x35,
  0x34, 0x02, 0x23, 0x22, 0x06, 0x11, 0x34, 0x36, 0x32, 0x16, 0x15, 0x14,
  0x06, 0x22, 0x26, 0x25, 0x34, 0x36, 0x33, 0x32, 0x16, 0x14, 0x06, 0x23,
  0x22, 0x26, 0x2f, 0x01, 0x08, 0xc5, 0xc7, 0x01, 0x0e, 0x02, 0xfe, 0xf6,
  0xc3, 0xc7, 0xfe, 0xf4, 0xb2, 0xb9, 0x81, 0x6d, 0x91, 0xbb, 0x7f, 0x6d,
  0x91, 0x46, 0x5e, 0x46, 0x44, 0x62, 0x44, 0x01, 0x58, 0x46, 0x2f, 0x33,
  0x44, 0x44, 0x33, 0x2f, 0x46, 0x01, 0xa8, 0xc5, 0x01, 0x04, 0xfe, 0xf8,
  0xc3, 0xbe, 0xfe, 0xf9, 0x01, 0x04, 0x01, 0x04, 0xba, 0xfe, 0xfe, 0xb9,
  0x8f, 0xb2, 0x01, 0x00, 0xb4, 0x01, 0xe1, 0x2f, 0x46, 0x46, 0x2f, 0x31,
  0x44, 0x44, 0x31, 0x2f, 0x46, 0x46, 0x5e, 0x46, 0x44, 0x00, 0x00, 0x00,
  0x00, 0x03, 0x00, 0x98, 0x00, 0xb2, 0x05, 0x0c, 0x04, 0xbc, 0x00, 0x10,
  0x00, 0x19, 0x00, 0x24, 0x00, 0x3f, 0x00, 0xb0, 0x18, 0x2f, 0xb4, 0x14,
  0x0a, 0x00, 0x18, 0x04, 0x2b, 0xb0, 0x0e, 0x2f, 0xb4, 0x03, 0x0a, 0x00,
  0x1f, 0x04, 0x2b, 0xb0, 0x22, 0x2f, 0xb4, 0x1d, 0x0a, 0x00, 0x18, 0x04,
  0x2b, 0x01, 0xb0, 0x25, 0x2f, 0xb0, 0x1a, 0xd6, 0xb0, 0x11, 0x32, 0xb1,
  0x1f, 0x0d, 0xe9, 0xb0, 0x15, 0x32, 0xb1, 0x26, 0x01, 0x2b, 0xb1, 0x1f,
  0x1a, 0x11, 0x12, 0xb0, 0x22, 0x39, 0x00, 0x30, 0x31, 0x13, 0x35, 0x34,
  0x33, 0x21, 0x33, 0x32, 0x17, 0x16, 0x1f, 0x01, 0x16, 0x06, 0x23, 0x21,
  0x22, 0x26, 0x00, 0x34, 0x36, 0x32, 0x16, 0x14, 0x06, 0x23, 0x22, 0x03,
  0x34, 0x36, 0x32, 0x16, 0x15, 0x14, 0x06, 0x23, 0x22, 0x26, 0x98, 0x3f,
  0x03, 0xd3, 0x25, 0x14, 0x09, 0x1b, 0x01, 0x04, 0x02, 0x25, 0x1c, 0xfc,
  0x0c, 0x12, 0x2f, 0x01, 0xdd, 0x33, 0x4a, 0x31, 0x31, 0x25, 0x23, 0x35,
  0x35, 0x46, 0x33, 0x33, 0x23, 0x25, 0x35, 0x02, 0xa0, 0x33, 0x25, 0x02,
  0x06, 0x19, 0x3b, 0x1b, 0x0e, 0x1c, 0xfe, 0x56, 0x4a, 0x31, 0x31, 0x4a,
  0x33, 0x03, 0xbb, 0x23, 0x2c, 0x31, 0x23, 0x25, 0x33, 0x36, 0x00, 0x00,
  0x00, 0x03, 0x00, 0x5e, 0xff, 0x9c, 0x04, 0x08, 0x03, 0x9c, 0x00, 0x26,
  0x00, 0x32, 0x00, 0x3e, 0x00, 0x83, 0x00, 0xb2, 0x03, 0x01, 0x00, 0x2b,
  0xb1, 0x31, 0x06, 0xe9, 0xb2, 0x09, 0x01, 0x00, 0x2b, 0xb2, 0x0d, 0x01,
  0x00, 0x2b, 0xb2, 0x18, 0x00, 0x00, 0x2b, 0xb1, 0x35, 0x04, 0xe9, 0xb2,
  0x22, 0x00, 0x00, 0x2b, 0x01, 0xb0, 0x3f, 0x2f, 0xb0, 0x00, 0xd6, 0xb1,
  0x28, 0x0b, 0xe9, 0xb0, 0x28, 0x10, 0xb1, 0x38, 0x01, 0x2b, 0xb4, 0x15,
  0x0d, 0x00, 0x2e, 0x04, 0x2b, 0xb1, 0x40, 0x01, 0x2b, 0xb1, 0x28, 0x00,
  0x11, 0x12, 0xb2, 0x1c, 0x21, 0x24, 0x39, 0x39, 0x39, 0xb0, 0x38, 0x11,
  0xb5, 0x06, 0x18, 0x1b, 0x03, 0x2e, 0x3e, 0x24, 0x17, 0x39, 0xb0, 0x15,
  0x12, 0xb0, 0x08, 0x39, 0x00, 0xb1, 0x35, 0x18, 0x11, 0x12, 0xb0, 0x1c,
  0x39, 0xb0, 0x31, 0x11, 0x40, 0x0a, 0x05, 0x00, 0x13, 0x15, 0x1a, 0x06,
  0x23, 0x1b, 0x2a, 0x3b, 0x24, 0x17, 0x39, 0xb0, 0x03, 0x12, 0xb1, 0x08,
  0x10, 0x39, 0x39, 0x30, 0x31, 0x13, 0x34, 0x00, 0x33, 0x32, 0x17, 0x16,
  0x36, 0x3f, 0x01, 0x36, 0x17, 0x16, 0x15, 0x16, 0x07, 0x06, 0x07, 0x06,
  0x17, 0x16, 0x15, 0x14, 0x00, 0x23, 0x22, 0x27, 0x26, 0x0f, 0x01, 0x06,
  0x2f, 0x01, 0x26, 0x3f, 0x01, 0x36, 0x27, 0x26, 0x12, 0x10, 0x17, 0x16,
  0x36, 0x37, 0x01, 0x36, 0x27, 0x26, 0x23, 0x22, 0x03, 0x16, 0x33, 0x32,
  0x36, 0x35, 0x34, 0x27, 0x26, 0x07, 0x01, 0x06, 0x5e, 0x01, 0x0c, 0xc9,
  0x91, 0x80, 0x04, 0x14, 0x02, 0x5c, 0x0c, 0x0d, 0x14, 0x0e, 0x1c, 0x12,
  0x3c, 0x0e, 0x0a, 0x81, 0xfe, 0xf4, 0xc3, 0x8f, 0x7d, 0x10, 0x0f, 0x6e,
  0x10, 0x11, 0x17, 0x0a, 0x11, 0x6c, 0x10, 0x0a, 0x83, 0xb9, 0x35, 0x02,
  0x16, 0x06, 0x01, 0x79, 0x0c, 0x0c, 0x58, 0x74, 0x6f, 0x23, 0x58, 0x73,
  0x6f, 0x95, 0x39, 0x08, 0x0d, 0xfe, 0x7f, 0x0c, 0x01, 0xa6, 0xc7, 0x01,
  0x08, 0x52, 0x02, 0x0a, 0x04, 0x6d, 0x0c, 0x0c, 0x10, 0x03, 0x0e, 0x1d,
  0x14, 0x48, 0x0e, 0x0b, 0x83, 0xbe, 0xc3, 0xfe, 0xf8, 0x4e, 0x0a, 0x10,
  0x89, 0x10, 0x10, 0x12, 0x08, 0x17, 0x7d, 0x14, 0x0a, 0x81, 0x01, 0x8c,
  0xfe, 0xe5, 0x6c, 0x06, 0x01, 0x09, 0x01, 0xb2, 0x0e, 0x0f, 0x6a, 0xfd,
  0x68, 0x6a, 0xbd, 0x8f, 0x7b, 0x72, 0x14, 0x0c, 0xfe, 0x42, 0x0c, 0x00,
  0x00, 0x02, 0x00, 0x28, 0xff, 0xec, 0x04, 0x2b, 0x05, 0x44, 0x00, 0x43,
  0x00, 0x50, 0x00, 0xaa, 0x00, 0xb2, 0x20, 0x01, 0x00, 0x2b, 0xb4, 0x1d,
  0x07, 0x00, 0x69, 0x04, 0x2b, 0xb2, 0x06, 0x01, 0x00, 0x2b, 0xb2, 0x04,
  0x01, 0x00, 0x2b, 0xb2, 0x3a, 0x00, 0x00, 0x2b, 0xb4, 0x0c, 0x0a, 0x00,
  0x22, 0x04, 0x2b, 0xb2, 0x30, 0x00, 0x00, 0x2b, 0xb2, 0x48, 0x02, 0x00,
  0x2b, 0x01, 0xb0, 0x51, 0x2f, 0xb0, 0x3c, 0xd6, 0xb1, 0x09, 0x0d, 0xe9,
  0xb0, 0x09, 0x10, 0xb1, 0x4f, 0x01, 0x2b, 0xb4, 0x4c, 0x0c, 0x00, 0x1e,
  0x04, 0x2b, 0xb0, 0x4c, 0x10, 0xb1, 0x12, 0x01, 0x2b, 0xb0, 0x32, 0x32,
  0xb1, 0x25, 0x0d, 0xe9, 0xb1, 0x52, 0x01, 0x2b, 0xb1, 0x09, 0x3c, 0x11,
  0x12, 0xb2, 0x04, 0x44, 0x45, 0x39, 0x39, 0x39, 0xb0, 0x4f, 0x11, 0xb5,
  0x0c, 0x1d, 0x1e, 0x1f, 0x3a, 0x50, 0x24, 0x17, 0x39, 0xb1, 0x12, 0x4c,
  0x11, 0x12, 0xb3, 0x0e, 0x1a, 0x37, 0x4d, 0x24, 0x17, 0x39, 0x00, 0xb1,
  0x0c, 0x3a, 0x11, 0x12, 0xb2, 0x27, 0x33, 0x37, 0x39, 0x39, 0x39, 0xb0,
  0x1d, 0x11, 0xb7, 0x09, 0x26, 0x28, 0x2a, 0x35, 0x36, 0x3c, 0x43, 0x24,
  0x17, 0x39, 0xb0, 0x20, 0x12, 0xb1, 0x03, 0x02, 0x39, 0x39, 0xb0, 0x48,
  0x11, 0xb0, 0x4e, 0x39, 0x30, 0x31, 0x12, 0x26, 0x37, 0x3e, 0x01, 0x37,
  0x36, 0x16, 0x15, 0x11, 0x14, 0x16, 0x33, 0x32, 0x3f, 0x01, 0x3e, 0x01,
  0x35, 0x11, 0x34, 0x27, 0x26, 0x27, 0x2e, 0x02, 0x27, 0x22, 0x27, 0x26,
  0x36, 0x37, 0x36, 0x37, 0x36, 0x15, 0x11, 0x15, 0x14, 0x3f, 0x01, 0x36,
  0x16, 0x06, 0x07, 0x06, 0x07, 0x06, 0x26, 0x2f, 0x01, 0x34, 0x26, 0x07,
  0x0e, 0x02, 0x23, 0x22, 0x03, 0x11, 0x34, 0x26, 0x27, 0x2e, 0x01, 0x27,
  0x01, 0x26, 0x36, 0x33, 0x37, 0x32, 0x17, 0x16, 0x17, 0x16, 0x06, 0x27,
  0x26, 0x2b, 0x06, 0x10, 0x14, 0xc3, 0x29, 0x10, 0x11, 0x4c, 0x68, 0x64,
  0x82, 0x02, 0x02, 0x04, 0x06, 0x0e, 0x30, 0x0a, 0x12, 0x0b, 0x06, 0x02,
  0x41, 0x0c, 0x03, 0x0d, 0xd1, 0x54, 0x29, 0x58, 0x2b, 0x0c, 0x0a, 0x08,
  0x0c, 0x71, 0x79, 0x17, 0x20, 0x02, 0x04, 0x08, 0x07, 0x44, 0x49, 0x81,
  0x3b, 0xe7, 0x01, 0x10, 0x1d, 0x10, 0x3e, 0x04, 0x01, 0x0d, 0x08, 0x14,
  0x12, 0x9e, 0x1d, 0x0a, 0x3b, 0x29, 0x02, 0x2b, 0x0a, 0x73, 0x03, 0x1d,
  0x2d, 0x04, 0x04, 0x31, 0x08, 0x02, 0x18, 0x11, 0xfe, 0x15, 0xa4, 0x71,
  0x67, 0x06, 0x06, 0x12, 0x09, 0x01, 0x62, 0x5c, 0x1d, 0x37, 0x08, 0x02,
  0x04, 0x02, 0x03, 0x0a, 0x06, 0x2b, 0x04, 0x2f, 0x08, 0x04, 0x24, 0xfd,
  0x74, 0x3f, 0x44, 0x17, 0x0c, 0x02, 0x1f, 0x23, 0x02, 0x31, 0x18, 0x08,
  0x0a, 0x1a, 0x50, 0x08, 0x1d, 0x06, 0x31, 0x31, 0x33, 0x01, 0x1a, 0x01,
  0xb0, 0x23, 0x21, 0x08, 0x06, 0x11, 0x02, 0x02, 0x00, 0x0a, 0x1d, 0x02,
  0x11, 0x9c, 0xb2, 0x12, 0x08, 0x0c, 0x98, 0x00, 0x00, 0x02, 0x00, 0x28,
  0xff, 0xec, 0x04, 0x2b, 0x05, 0x4a, 0x00, 0x43, 0x00, 0x52, 0x00, 0xa9,
  0x00, 0xb2, 0x20, 0x01, 0x00, 0x2b, 0xb4, 0x1d, 0x07, 0x00, 0x69, 0x04,
  0x2b, 0xb2, 0x06, 0x01, 0x00, 0x2b, 0xb2, 0x04, 0x01, 0x00, 0x2b, 0xb2,
  0x3a, 0x00, 0x00, 0x2b, 0xb4, 0x0c, 0x0a, 0x00, 0x22, 0x04, 0x2b, 0xb2,
  0x30, 0x00, 0x00, 0x2b, 0xb2, 0x47, 0x02, 0x00, 0x2b, 0x01, 0xb0, 0x53,
  0x2f, 0xb0, 0x3c, 0xd6, 0xb1, 0x09, 0x0d, 0xe9, 0xb0, 0x09, 0x10, 0xb1,
  0x44, 0x01, 0x2b, 0xb4, 0x50, 0x0c, 0x00, 0x1e, 0x04, 0x2b, 0xb0, 0x50,
  0x10, 0xb1, 0x12, 0x01, 0x2b, 0xb0, 0x32, 0x32, 0xb1, 0x25, 0x0d, 0xe9,
  0xb1, 0x54, 0x01, 0x2b, 0xb1, 0x09, 0x3c, 0x11, 0x12, 0xb0, 0x04, 0x39,
  0xb0, 0x44, 0x11, 0xb0, 0x3a, 0x39, 0xb1, 0x12, 0x50, 0x11, 0x12, 0xb3,
  0x0c, 0x1e, 0x1f, 0x37, 0x24, 0x17, 0x39, 0xb0, 0x25, 0x11, 0xb2, 0x4b,
  0x4c, 0x4e, 0x39, 0x39, 0x39, 0x00, 0xb1, 0x0c, 0x3a, 0x11, 0x12, 0xb2,
  0x27, 0x33, 0x37, 0x39, 0x39, 0x39, 0xb0, 0x1d, 0x11, 0xb7, 0x09, 0x26,
  0x28, 0x2a, 0x35, 0x36, 0x3c, 0x43, 0x24, 0x17, 0x39, 0xb0, 0x20, 0x12,
  0xb1, 0x03, 0x02, 0x39, 0x39, 0xb0, 0x47, 0x11, 0xb0, 0x51, 0x39, 0x30,
  0x31, 0x12, 0x26, 0x37, 0x3e, 0x01, 0x37, 0x36, 0x16, 0x15, 0x11, 0x14,
  0x16, 0x33, 0x32, 0x3f, 0x01, 0x3e, 0x01, 0x35, 0x11, 0x34, 0x27, 0x26,
  0x27, 0x2e, 0x02, 0x27, 0x22, 0x27, 0x26, 0x36, 0x37, 0x36, 0x37, 0x36,
  0x15, 0x11, 0x15, 0x14, 0x3f, 0x01, 0x36, 0x16, 0x06, 0x07, 0x06, 0x07,
  0x06, 0x26, 0x2f, 0x01, 0x34, 0x26, 0x07, 0x0e, 0x02, 0x23, 0x22, 0x03,
  0x11, 0x34, 0x26, 0x27, 0x2e, 0x01, 0x27, 0x25, 0x13, 0x36, 0x3b, 0x01,
  0x32, 0x1e, 0x01, 0x07, 0x14, 0x15, 0x07, 0x01, 0x06, 0x26, 0x2b, 0x06,
  0x10, 0x14, 0xc3, 0x29, 0x10, 0x11, 0x4c, 0x68, 0x64, 0x82, 0x02, 0x02,
  0x04, 0x06, 0x0e, 0x30, 0x0a, 0x12, 0x0b, 0x06, 0x02, 0x41, 0x0c, 0x03,
  0x0d, 0xd1, 0x54, 0x29, 0x58, 0x2b, 0x0c, 0x0a, 0x08, 0x0c, 0x71, 0x79,
  0x17, 0x20, 0x02, 0x04, 0x08, 0x07, 0x44, 0x49, 0x81, 0x3b, 0xe7, 0x01,
  0x10, 0x1d, 0x10, 0x3e, 0x04, 0x01, 0x85, 0x65, 0x0e, 0x17, 0xb6, 0x08,
  0x0c, 0x0b, 0x02, 0x03, 0xfe, 0xdc, 0x0c, 0x30, 0x03, 0x1d, 0x2d, 0x04,
  0x04, 0x31, 0x08, 0x02, 0x18, 0x11, 0xfe, 0x15, 0xa4, 0x71, 0x67, 0x06,
  0x06, 0x12, 0x09, 0x01, 0x62, 0x5c, 0x1d, 0x37, 0x08, 0x02, 0x04, 0x02,
  0x03, 0x0a, 0x06, 0x2b, 0x04, 0x2f, 0x08, 0x04, 0x24, 0xfd, 0x74, 0x3f,
  0x44, 0x17, 0x0c, 0x02, 0x1f, 0x23, 0x02, 0x31, 0x18, 0x08, 0x0a, 0x1a,
  0x50, 0x08, 0x1d, 0x06, 0x31, 0x31, 0x33, 0x01, 0x1a, 0x01, 0xb0, 0x23,
  0x21, 0x08, 0x06, 0x11, 0x02, 0xc4, 0x01, 0x50, 0x1b, 0x02, 0x09, 0x08,
  0x02, 0x04, 0x04, 0xfe, 0xa0, 0x0c, 0x08, 0x00, 0x00, 0x02, 0x00, 0x28,
  0xff, 0xec, 0x04, 0x2b, 0x05, 0x30, 0x00, 0x43, 0x00, 0x56, 0x00, 0x86,
  0x00, 0xb2, 0x20, 0x01, 0x00, 0x2b, 0xb4, 0x1d, 0x07, 0x00, 0x69, 0x04,
  0x2b, 0xb2, 0x06, 0x01, 0x00, 0x2b, 0xb2, 0x04, 0x01, 0x00, 0x2b, 0xb2,
  0x3a, 0x00, 0x00, 0x2b, 0xb4, 0x0c, 0x0a, 0x00, 0x22, 0x04, 0x2b, 0xb2,
  0x30, 0x00, 0x00, 0x2b, 0x01, 0xb0, 0x57, 0x2f, 0xb0, 0x3c, 0xd6, 0xb1,
  0x09, 0x0d, 0xe9, 0xb0, 0x09, 0x10, 0xb1, 0x12, 0x01, 0x2b, 0xb0, 0x32,
  0x32, 0xb1, 0x25, 0x0d, 0xe9, 0xb1, 0x58, 0x01, 0x2b, 0xb1, 0x09, 0x3c,
  0x11, 0x12, 0xb1, 0x04, 0x56, 0x39, 0x39, 0xb0, 0x12, 0x11, 0xb3, 0x1e,
  0x1f, 0x3a, 0x52, 0x24, 0x17, 0x39, 0xb0, 0x25, 0x12, 0xb0, 0x4e, 0x39,
  0x00, 0xb1, 0x0c, 0x3a, 0x11, 0x12, 0xb2, 0x27, 0x33, 0x37, 0x39, 0x39,
  0x39, 0xb0, 0x1d, 0x11, 0xb7, 0x09, 0x26, 0x28, 0x2a, 0x35, 0x36, 0x3c,
  0x43, 0x24, 0x17, 0x39, 0xb0, 0x20, 0x12, 0xb1, 0x03, 0x02, 0x39, 0x39,
  0x30, 0x31, 0x12, 0x26, 0x37, 0x3e, 0x01, 0x37, 0x36, 0x16, 0x15, 0x11,
  0x14, 0x16, 0x33, 0x32, 0x3f, 0x01, 0x3e, 0x01, 0x35, 0x11, 0x34, 0x27,
  0x26, 0x27, 0x2e, 0x02, 0x27, 0x22, 0x27, 0x26, 0x36, 0x37, 0x36, 0x37,
  0x36, 0x15, 0x11, 0x15, 0x14, 0x3f, 0x01, 0x36, 0x16, 0x06, 0x07, 0x06,
  0x07, 0x06, 0x26, 0x2f, 0x01, 0x34, 0x26, 0x07, 0x0e, 0x02, 0x23, 0x22,
  0x03, 0x11, 0x34, 0x26, 0x27, 0x2e, 0x01, 0x27, 0x37, 0x13, 0x36, 0x37,
  0x3e, 0x01, 0x17, 0x16, 0x17, 0x13, 0x16, 0x07, 0x06, 0x2f, 0x01, 0x07,
  0x06, 0x27, 0x26, 0x2b, 0x06, 0x10, 0x14, 0xc3, 0x29, 0x10, 0x11, 0x4c,
  0x68, 0x64, 0x82, 0x02, 0x02, 0x04, 0x06, 0x0e, 0x30, 0x0a, 0x12, 0x0b,
  0x06, 0x02, 0x41, 0x0c, 0x03, 0x0d, 0xd1, 0x54, 0x29, 0x58, 0x2b, 0x0c,
  0x0a, 0x08, 0x0c, 0x71, 0x79, 0x17, 0x20, 0x02, 0x04, 0x08, 0x07, 0x44,
  0x49, 0x81, 0x3b, 0xe7, 0x01, 0x10, 0x1d, 0x10, 0x3e, 0x04, 0xa2, 0xb6,
  0x08, 0x13, 0x0c, 0x79, 0x15, 0x17, 0x0b, 0xb5, 0x0a, 0x0c, 0x1d, 0x0c,
  0xfa, 0xec, 0x12, 0x19, 0x0a, 0x03, 0x1d, 0x2d, 0x04, 0x04, 0x31, 0x08,
  0x02, 0x18, 0x11, 0xfe, 0x15, 0xa4, 0x71, 0x67, 0x06, 0x06, 0x12, 0x09,
  0x01, 0x62, 0x5c, 0x1d, 0x37, 0x08, 0x02, 0x04, 0x02, 0x03, 0x0a, 0x06,
  0x2b, 0x04, 0x2f, 0x08, 0x04, 0x24, 0xfd, 0x74, 0x3f, 0x44, 0x17, 0x0c,
  0x02, 0x1f, 0x23, 0x02, 0x31, 0x18, 0x08, 0x0a, 0x1a, 0x50, 0x08, 0x1d,
  0x06, 0x31, 0x31, 0x33, 0x01, 0x1a, 0x01, 0xb0, 0x23, 0x21, 0x08, 0x06,
  0x11, 0x02, 0xbe, 0x01, 0x40, 0x0c, 0x08, 0x02, 0x02, 0x02, 0x02, 0x12,
  0xfe, 0xc8, 0x19, 0x01, 0x08, 0x0c, 0xd5, 0xd5, 0x10, 0x0e, 0x06, 0x00,
  0x00, 0x03, 0x00, 0x28, 0xff, 0xec, 0x04, 0x2b, 0x04, 0xc9, 0x00, 0x43,
  0x00, 0x4e, 0x00, 0x57, 0x00, 0xb4, 0x00, 0xb2, 0x20, 0x01, 0x00, 0x2b,
  0xb4, 0x1d, 0x07, 0x00, 0x69, 0x04, 0x2b, 0xb2, 0x06, 0x01, 0x00, 0x2b,
  0xb2, 0x04, 0x01, 0x00, 0x2b, 0xb2, 0x3a, 0x00, 0x00, 0x2b, 0xb4, 0x0c,
  0x0a, 0x00, 0x22, 0x04, 0x2b, 0xb2, 0x30, 0x00, 0x00, 0x2b, 0xb0, 0x4d,
  0x2f, 0xb0, 0x55, 0x33, 0xb4, 0x47, 0x0a, 0x00, 0x12, 0x04, 0x2b, 0xb0,
  0x51, 0x32, 0x01, 0xb0, 0x58, 0x2f, 0xb0, 0x3c, 0xd6, 0xb1, 0x09, 0x0d,
  0xe9, 0xb0, 0x44, 0x20, 0xd6, 0x11, 0xb1, 0x4a, 0x0f, 0xe9, 0xb0, 0x09,
  0x10, 0xb1, 0x12, 0x01, 0x2b, 0xb0, 0x32, 0x32, 0xb1, 0x25, 0x0d, 0xe9,
  0xb3, 0x54, 0x25, 0x12, 0x08, 0x2b, 0xb1, 0x4f, 0x0f, 0xe9, 0xb0, 0x4f,
  0x2f, 0xb1, 0x54, 0x0f, 0xe9, 0xb1, 0x59, 0x01, 0x2b, 0xb1, 0x4a, 0x44,
  0x11, 0x12, 0xb1, 0x04, 0x3a, 0x39, 0x39, 0xb0, 0x4f, 0x11, 0xb3, 0x1d,
  0x0c, 0x1f, 0x1e, 0x24, 0x17, 0x39, 0xb0, 0x54, 0x12, 0xb2, 0x0e, 0x1a,
  0x37, 0x39, 0x39, 0x39, 0x00, 0xb1, 0x0c, 0x3a, 0x11, 0x12, 0xb2, 0x27,
  0x33, 0x37, 0x39, 0x39, 0x39, 0xb0, 0x1d, 0x11, 0xb7, 0x09, 0x26, 0x28,
  0x2a, 0x35, 0x36, 0x3c, 0x43, 0x24, 0x17, 0x39, 0xb0, 0x20, 0x12, 0xb1,
  0x03, 0x02, 0x39, 0x39, 0x30, 0x31, 0x12, 0x26, 0x37, 0x3e, 0x01, 0x37,
  0x36, 0x16, 0x15, 0x11, 0x14, 0x16, 0x33, 0x32, 0x3f, 0x01, 0x3e, 0x01,
  0x35, 0x11, 0x34, 0x27, 0x26, 0x27, 0x2e, 0x02, 0x27, 0x22, 0x27, 0x26,
  0x36, 0x37, 0x36, 0x37, 0x36, 0x15, 0x11, 0x15, 0x14, 0x3f, 0x01, 0x36,
  0x16, 0x06, 0x07, 0x06, 0x07, 0x06, 0x26, 0x2f, 0x01, 0x34, 0x26, 0x07,
  0x0e, 0x02, 0x23, 0x22, 0x03, 0x11, 0x34, 0x26, 0x27, 0x2e, 0x01, 0x27,
  0x13, 0x34, 0x36, 0x33, 0x32, 0x16, 0x15, 0x14, 0x06, 0x22, 0x26, 0x25,
  0x34, 0x36, 0x32, 0x16, 0x14, 0x06, 0x22, 0x26, 0x2b, 0x06, 0x10, 0x14,
  0xc3, 0x29, 0x10, 0x11, 0x4c, 0x68, 0x64, 0x82, 0x02, 0x02, 0x04, 0x06,
  0x0e, 0x30, 0x0a, 0x12, 0x0b, 0x06, 0x02, 0x41, 0x0c, 0x03, 0x0d, 0xd1,
  0x54, 0x29, 0x58, 0x2b, 0x0c, 0x0a, 0x08, 0x0c, 0x71, 0x79, 0x17, 0x20,
  0x02, 0x04, 0x08, 0x07, 0x44, 0x49, 0x81, 0x3b, 0xe7, 0x01, 0x10, 0x1d,
  0x10, 0x3e, 0x04, 0xc5, 0x45, 0x30, 0x31, 0x45, 0x45, 0x63, 0x43, 0x01,
  0x58, 0x46, 0x62, 0x43, 0x43, 0x62, 0x46, 0x03, 0x1d, 0x2d, 0x04, 0x04,
  0x31, 0x08, 0x02, 0x18, 0x11, 0xfe, 0x15, 0xa4, 0x71, 0x67, 0x06, 0x06,
  0x12, 0x09, 0x01, 0x62, 0x5c, 0x1d, 0x37, 0x08, 0x02, 0x04, 0x02, 0x03,
  0x0a, 0x06, 0x2b, 0x04, 0x2f, 0x08, 0x04, 0x24, 0xfd, 0x74, 0x3f, 0x44,
  0x17, 0x0c, 0x02, 0x1f, 0x23, 0x02, 0x31, 0x18, 0x08, 0x0a, 0x1a, 0x50,
  0x08, 0x1d, 0x06, 0x31, 0x31, 0x33, 0x01, 0x1a, 0x01, 0xb0, 0x23, 0x21,
  0x08, 0x06, 0x11, 0x02, 0x01, 0x39, 0x2f, 0x46, 0x46, 0x2f, 0x31, 0x44,
  0x44, 0x31, 0x2f, 0x46, 0x46, 0x5e, 0x46, 0x44, 0x00, 0x02, 0x00, 0x12,
  0xfd, 0xe3, 0x03, 0xcf, 0x05, 0x4a, 0x00, 0x40, 0x00, 0x4f, 0x00, 0x5a,
  0x00, 0xb2, 0x1f, 0x01, 0x00, 0x2b, 0xb1, 0x02, 0x22, 0x33, 0x33, 0xb1,
  0x1c, 0x07, 0xe9, 0xb2, 0x09, 0x27, 0x3e, 0x32, 0x32, 0x32, 0xb2, 0x44,
  0x02, 0x00, 0x2b, 0xb0, 0x31, 0x2f, 0xb4, 0x36, 0x0a, 0x00, 0x17, 0x04,
  0x2b, 0x01, 0xb0, 0x50, 0x2f, 0xb0, 0x41, 0xd6, 0xb4, 0x4d, 0x0c, 0x00,
  0x1e, 0x04, 0x2b, 0xb1, 0x51, 0x01, 0x2b, 0xb1, 0x4d, 0x41, 0x11, 0x12,
  0xb1, 0x09, 0x2c, 0x39, 0x39, 0x00, 0xb1, 0x1c, 0x36, 0x11, 0x12, 0xb1,
  0x11, 0x2c, 0x39, 0x39, 0xb0, 0x1f, 0x11, 0xb0, 0x3f, 0x39, 0xb0, 0x44,
  0x12, 0xb0, 0x4e, 0x39, 0x30, 0x31, 0x13, 0x36, 0x17, 0x16, 0x25, 0x32,
  0x17, 0x16, 0x06, 0x07, 0x0e, 0x01, 0x15, 0x14, 0x17, 0x16, 0x13, 0x16,
  0x37, 0x36, 0x35, 0x13, 0x36, 0x37, 0x36, 0x35, 0x34, 0x26, 0x27, 0x2e,
  0x01, 0x37, 0x33, 0x36, 0x17, 0x32, 0x17, 0x16, 0x06, 0x23, 0x0e, 0x01,
  0x07, 0x03, 0x06, 0x07, 0x06, 0x07, 0x06, 0x23, 0x22, 0x26, 0x35, 0x34,
  0x37, 0x3e, 0x01, 0x3f, 0x01, 0x01, 0x2e, 0x01, 0x27, 0x2e, 0x01, 0x25,
  0x13, 0x36, 0x3b, 0x01, 0x32, 0x1e, 0x01, 0x07, 0x14, 0x07, 0x15, 0x01,
  0x06, 0x26, 0x12, 0x06, 0x23, 0x23, 0x01, 0x3a, 0x21, 0x05, 0x04, 0x08,
  0x08, 0x42, 0x28, 0x16, 0x19, 0xa4, 0x06, 0x16, 0x04, 0x7b, 0x14, 0x0b,
  0x12, 0x33, 0x4a, 0x0a, 0x02, 0x13, 0x10, 0xb0, 0x77, 0x23, 0x04, 0x02,
  0x08, 0x06, 0x3f, 0x4d, 0x3d, 0xfe, 0x48, 0x0e, 0x1f, 0x2b, 0x21, 0x3d,
  0x27, 0x39, 0x66, 0x3f, 0x55, 0x24, 0x1d, 0xfe, 0xfa, 0x39, 0x32, 0x49,
  0x06, 0x09, 0x01, 0x73, 0x64, 0x0c, 0x19, 0xb7, 0x08, 0x0c, 0x0a, 0x02,
  0x02, 0xfe, 0xdb, 0x0c, 0x2f, 0x03, 0x48, 0x17, 0x05, 0x02, 0x06, 0x10,
  0x0e, 0x21, 0x02, 0x02, 0x19, 0x19, 0x17, 0x30, 0x33, 0xfe, 0x68, 0x0e,
  0x23, 0x04, 0x02, 0x01, 0x39, 0x33, 0x21, 0x37, 0x1d, 0x27, 0x21, 0x02,
  0x06, 0x33, 0x02, 0x0a, 0x08, 0x12, 0x0c, 0x1f, 0x08, 0x61, 0xa2, 0xfd,
  0x54, 0xb8, 0x23, 0x4a, 0x33, 0x2b, 0x38, 0x24, 0x3f, 0x1a, 0x10, 0x71,
  0x78, 0x5f, 0x02, 0x6a, 0x85, 0x38, 0x06, 0x02, 0x1c, 0xa4, 0x01, 0x50,
  0x1b, 0x02, 0x09, 0x08, 0x02, 0x04, 0x04, 0xfe, 0xa0, 0x0c, 0x08, 0x00,
  0x00, 0x02, 0x00, 0x06, 0xfd, 0xfc, 0x03, 0xd7, 0x05, 0xb2, 0x00, 0x39,
  0x00, 0x44, 0x00, 0x75, 0x00, 0xb2, 0x20, 0x01, 0x00, 0x2b, 0xb4, 0x42,
  0x0a, 0x00, 0x20, 0x04, 0x2b, 0xb0, 0x38, 0x2f, 0xb1, 0x05, 0x05, 0xe9,
  0xb0, 0x30, 0x32, 0xb0, 0x26, 0x2f, 0xb1, 0x3c, 0x08, 0xe9, 0x01, 0xb0,
  0x45, 0x2f, 0xb0, 0x09, 0xd6, 0xb1, 0x2c, 0x0d, 0xe9, 0xb1, 0x19, 0x3a,
  0x32, 0x32, 0xb0, 0x2c, 0x10, 0xb1, 0x3f, 0x01, 0x2b, 0xb1, 0x23, 0x0d,
  0xe9, 0xb1, 0x46, 0x01, 0x2b, 0xb1, 0x2c, 0x09, 0x11, 0x12, 0xb0, 0x37,
  0x39, 0xb0, 0x3f, 0x11, 0xb3, 0x20, 0x26, 0x34, 0x36, 0x24, 0x17, 0x39,
  0x00, 0xb1, 0x05, 0x38, 0x11, 0x12, 0xb1, 0x2e, 0x2f, 0x39, 0x39, 0xb1,
  0x3c, 0x26, 0x11, 0x12, 0xb0, 0x29, 0x39, 0xb0, 0x42, 0x11, 0xb1, 0x23,
  0x1d, 0x39, 0x39, 0xb0, 0x20, 0x12, 0xb1, 0x1e, 0x1a, 0x39, 0x39, 0x30,
  0x31, 0x13, 0x37, 0x34, 0x36, 0x16, 0x33, 0x3e, 0x02, 0x35, 0x11, 0x35,
  0x34, 0x26, 0x2f, 0x01, 0x26, 0x37, 0x34, 0x37, 0x36, 0x3f, 0x01, 0x36,
  0x16, 0x15, 0x11, 0x14, 0x17, 0x16, 0x37, 0x36, 0x33, 0x32, 0x16, 0x15,
  0x14, 0x00, 0x23, 0x22, 0x27, 0x26, 0x06, 0x1d, 0x01, 0x14, 0x16, 0x3f,
  0x01, 0x36, 0x16, 0x17, 0x16, 0x06, 0x27, 0x24, 0x07, 0x22, 0x01, 0x16,
  0x33, 0x32, 0x36, 0x35, 0x34, 0x26, 0x23, 0x22, 0x07, 0x06, 0x02, 0x0f,
  0x1e, 0x02, 0x35, 0x2c, 0x14, 0x10, 0x25, 0x3a, 0x17, 0x01, 0x08, 0x02,
  0x08, 0xe0, 0x1f, 0x1a, 0x06, 0x08, 0x0d, 0xb4, 0x6e, 0x83, 0xc5, 0xfe,
  0xea, 0xbb, 0x4a, 0x56, 0x0c, 0x08, 0x31, 0x54, 0x1f, 0x12, 0x0c, 0x03,
  0x06, 0x09, 0x1c, 0xfe, 0xba, 0x8f, 0x1d, 0x01, 0x4c, 0x75, 0x7b, 0x66,
  0x89, 0x9b, 0x6f, 0x62, 0x73, 0xfe, 0x12, 0x21, 0x0c, 0x07, 0x04, 0x02,
  0x18, 0x58, 0x69, 0x05, 0x37, 0x35, 0x25, 0x15, 0x0a, 0x10, 0x06, 0x25,
  0x10, 0x05, 0x02, 0x04, 0x89, 0x0c, 0x0c, 0x21, 0xfd, 0xbb, 0x1b, 0x17,
  0x19, 0x0d, 0x7d, 0xfa, 0xa4, 0xc5, 0xfe, 0xdc, 0x1d, 0x04, 0x1b, 0x16,
  0xd1, 0x8b, 0x57, 0x07, 0x02, 0x02, 0x0b, 0x12, 0x17, 0x18, 0x02, 0x06,
  0x06, 0x02, 0xcb, 0x6f, 0xb5, 0x8b, 0x9c, 0xd0, 0x62, 0x00, 0x00, 0x00,
  0x00, 0x03, 0x00, 0x12, 0xfd, 0xe3, 0x03, 0xcf, 0x04, 0xcf, 0x00, 0x40,
  0x00, 0x48, 0x00, 0x50, 0x00, 0x8b, 0x00, 0xb2, 0x1f, 0x01, 0x00, 0x2b,
  0xb1, 0x02, 0x22, 0x33, 0x33, 0xb1, 0x1c, 0x07, 0xe9, 0xb2, 0x09, 0x27,
  0x3e, 0x32, 0x32, 0x32, 0xb0, 0x31, 0x2f, 0xb4, 0x36, 0x0a, 0x00, 0x17,
  0x04, 0x2b, 0xb0, 0x48, 0x2f, 0xb0, 0x4f, 0x33, 0xb4, 0x44, 0x0a, 0x00,
  0x11, 0x04, 0x2b, 0xb0, 0x4b, 0x32, 0x01, 0xb0, 0x51, 0x2f, 0xb0, 0x42,
  0xd6, 0xb4, 0x46, 0x0f, 0x00, 0x19, 0x04, 0x2b, 0xb0, 0x46, 0x10, 0xb1,
  0x4a, 0x01, 0x2b, 0xb4, 0x4e, 0x0f, 0x00, 0x19, 0x04, 0x2b, 0xb1, 0x52,
  0x01, 0x2b, 0xb1, 0x46, 0x42, 0x11, 0x12, 0xb7, 0x09, 0x04, 0x0f, 0x2c,
  0x31, 0x36, 0x37, 0x0c, 0x24, 0x17, 0x39, 0xb0, 0x4a, 0x11, 0xb4, 0x10,
  0x11, 0x2b, 0x07, 0x3a, 0x24, 0x17, 0x39, 0xb0, 0x4e, 0x12, 0xb3, 0x14,
  0x1e, 0x2a, 0x19, 0x24, 0x17, 0x39, 0x00, 0xb1, 0x1c, 0x36, 0x11, 0x12,
  0xb1, 0x11, 0x2c, 0x39, 0x39, 0xb0, 0x1f, 0x11, 0xb0, 0x3f, 0x39, 0x30,
  0x31, 0x13, 0x36, 0x17, 0x16, 0x25, 0x32, 0x17, 0x16, 0x06, 0x07, 0x0e,
  0x01, 0x15, 0x14, 0x17, 0x16, 0x13, 0x16, 0x37, 0x36, 0x35, 0x13, 0x36,
  0x37, 0x36, 0x35, 0x34, 0x26, 0x27, 0x2e, 0x01, 0x37, 0x33, 0x36, 0x17,
  0x32, 0x17, 0x16, 0x06, 0x23, 0x0e, 0x01, 0x07, 0x03, 0x06, 0x07, 0x06,
  0x07, 0x06, 0x23, 0x22, 0x26, 0x35, 0x34, 0x37, 0x3e, 0x01, 0x3f, 0x01,
  0x01, 0x2e, 0x01, 0x27, 0x2e, 0x01, 0x36, 0x34, 0x36, 0x32, 0x16, 0x14,
  0x06, 0x22, 0x24, 0x34, 0x36, 0x32, 0x16, 0x14, 0x06, 0x22, 0x12, 0x06,
  0x23, 0x23, 0x01, 0x3a, 0x21, 0x05, 0x04, 0x08, 0x08, 0x42, 0x28, 0x16,
  0x19, 0xa4, 0x06, 0x16, 0x04, 0x7b, 0x14, 0x0b, 0x12, 0x33, 0x4a, 0x0a,
  0x02, 0x13, 0x10, 0xb0, 0x77, 0x23, 0x04, 0x02, 0x08, 0x06, 0x3f, 0x4d,
  0x3d, 0xfe, 0x48, 0x0e, 0x1f, 0x2b, 0x21, 0x3d, 0x27, 0x39, 0x66, 0x3f,
  0x55, 0x24, 0x1d, 0xfe, 0xfa, 0x39, 0x32, 0x49, 0x06, 0x09, 0xb7, 0x49,
  0x67, 0x47, 0x47, 0x67, 0x01, 0x23, 0x48, 0x66, 0x4a, 0x4a, 0x66, 0x03,
  0x48, 0x17, 0x05, 0x02, 0x06, 0x10, 0x0e, 0x21, 0x02, 0x02, 0x19, 0x19,
  0x17, 0x30, 0x33, 0xfe, 0x68, 0x0e, 0x23, 0x04, 0x02, 0x01, 0x39, 0x33,
  0x21, 0x37, 0x1d, 0x27, 0x21, 0x02, 0x06, 0x33, 0x02, 0x0a, 0x08, 0x12,
  0x0c, 0x1f, 0x08, 0x61, 0xa2, 0xfd, 0x54, 0xb8, 0x23, 0x4a, 0x33, 0x2b,
  0x38, 0x24, 0x3f, 0x1a, 0x10, 0x71, 0x78, 0x5f, 0x02, 0x6a, 0x85, 0x38,
  0x06, 0x02, 0x1c, 0xe6, 0x66, 0x48, 0x48, 0x66, 0x48, 0x48, 0x66, 0x48,
  0x48, 0x66, 0x48, 0x00, 0x00, 0x02, 0x00, 0x7b, 0xff, 0xe7, 0x07, 0xf2,
  0x05, 0x50, 0x00, 0x5e, 0x00, 0x6c, 0x00, 0xc7, 0x00, 0xb2, 0x2c, 0x01,
  0x00, 0x2b, 0xb2, 0x01, 0x01, 0x00, 0x2b, 0xb2, 0x56, 0x00, 0x00, 0x2b,
  0xb1, 0x44, 0x09, 0xe9, 0xb2, 0x5c, 0x00, 0x00, 0x2b, 0xb1, 0x62, 0x04,
  0xe9, 0xb2, 0x0c, 0x02, 0x00, 0x2b, 0xb1, 0x1f, 0x09, 0xe9, 0xb2, 0x05,
  0x02, 0x00, 0x2b, 0xb1, 0x6a, 0x06, 0xe9, 0xb2, 0x1f, 0x0c, 0x0a, 0x2b,
  0xb3, 0x00, 0x1f, 0x17, 0x09, 0x2b, 0xb4, 0x25, 0x3c, 0x5c, 0x2c, 0x0d,
  0x2b, 0xb1, 0x25, 0x09, 0xe9, 0xb2, 0x3c, 0x25, 0x0a, 0x2b, 0xb3, 0x40,
  0x3c, 0x36, 0x09, 0x2b, 0x01, 0xb0, 0x6d, 0x2f, 0xb0, 0x00, 0xd6, 0xb1,
  0x5f, 0x0b, 0xe9, 0xb0, 0x5f, 0x10, 0xb1, 0x67, 0x01, 0x2b, 0xb1, 0x40,
  0x0b, 0xe9, 0xb0, 0x22, 0x32, 0xb0, 0x40, 0x10, 0xb1, 0x38, 0x01, 0x2b,
  0xb0, 0x2a, 0x32, 0xb4, 0x33, 0x0c, 0x00, 0x1e, 0x04, 0x2b, 0xb0, 0x33,
  0x10, 0xb1, 0x4c, 0x01, 0x2b, 0xb4, 0x51, 0x0c, 0x00, 0x1e, 0x04, 0x2b,
  0xb1, 0x6e, 0x01, 0x2b, 0xb1, 0x67, 0x5f, 0x11, 0x12, 0xb2, 0x07, 0x05,
  0x5c, 0x39, 0x39, 0x39, 0xb0, 0x40, 0x11, 0xb1, 0x09, 0x59, 0x39, 0x39,
  0xb1, 0x33, 0x38, 0x11, 0x12, 0xb0, 0x1c, 0x39, 0xb0, 0x4c, 0x11, 0xb2,
  0x0f, 0x11, 0x56, 0x39, 0x39, 0x39, 0x00, 0xb1, 0x3c, 0x44, 0x11, 0x12,
  0xb1, 0x4e, 0x4f, 0x39, 0x39, 0xb0, 0x25, 0x11, 0xb1, 0x00, 0x5f, 0x39,
  0x39, 0x30, 0x31, 0x13, 0x34, 0x12, 0x37, 0x36, 0x33, 0x32, 0x17, 0x16,
  0x33, 0x32, 0x36, 0x33, 0x21, 0x32, 0x16, 0x17, 0x16, 0x07, 0x14, 0x23,
  0x22, 0x06, 0x22, 0x2e, 0x01, 0x2f, 0x01, 0x2e, 0x01, 0x23, 0x21, 0x22,
  0x06, 0x15, 0x11, 0x14, 0x3b, 0x01, 0x32, 0x37, 0x36, 0x37, 0x36, 0x17,
  0x33, 0x32, 0x17, 0x14, 0x15, 0x16, 0x03, 0x14, 0x2b, 0x01, 0x22, 0x27,
  0x2e, 0x01, 0x23, 0x21, 0x22, 0x06, 0x15, 0x11, 0x14, 0x16, 0x33, 0x21,
  0x32, 0x36, 0x37, 0x36, 0x37, 0x3e, 0x03, 0x3b, 0x01, 0x32, 0x07, 0x14,
  0x07, 0x0e, 0x01, 0x23, 0x22, 0x24, 0x23, 0x22, 0x04, 0x23, 0x20, 0x00,
  0x13, 0x10, 0x00, 0x33, 0x32, 0x37, 0x3e, 0x01, 0x35, 0x11, 0x34, 0x21,
  0x22, 0x00, 0x7b, 0xcf, 0xb0, 0x8d, 0xcf, 0x4c, 0x97, 0x68, 0x0d, 0x06,
  0x42, 0x27, 0x02, 0x4d, 0x17, 0x10, 0x02, 0x10, 0x01, 0x13, 0x06, 0x10,
  0x06, 0x09, 0x06, 0x02, 0x0a, 0x1b, 0x33, 0x54, 0xfe, 0x9a, 0x0a, 0x1d,
  0x3b, 0xf2, 0x68, 0x1b, 0x17, 0x0c, 0x04, 0x10, 0x1d, 0x0e, 0x02, 0x04,
  0x04, 0x10, 0x1d, 0x10, 0x04, 0x08, 0x38, 0x54, 0xfe, 0xe6, 0x10, 0x15,
  0x27, 0x0e, 0x01, 0x2b, 0x77, 0x4e, 0x21, 0x2b, 0x18, 0x02, 0x02, 0x02,
  0x09, 0x0a, 0x16, 0x13, 0x02, 0x1d, 0x04, 0x1d, 0x21, 0x7d, 0xfe, 0x25,
  0x7a, 0x46, 0xfe, 0xeb, 0x43, 0xfe, 0xe3, 0xfe, 0x75, 0xd1, 0x01, 0x29,
  0xd7, 0x73, 0x4d, 0x35, 0x1f, 0xfe, 0xdb, 0xe9, 0xfe, 0xfa, 0x02, 0x91,
  0xcd, 0x01, 0x56, 0x56, 0x46, 0x08, 0x06, 0x02, 0x0d, 0x18, 0xa8, 0x54,
  0x19, 0x02, 0x02, 0x0a, 0x0b, 0x29, 0x66, 0x31, 0x12, 0x0c, 0xfe, 0x3f,
  0x19, 0x19, 0x19, 0x5e, 0x17, 0x01, 0x10, 0x04, 0x02, 0x6d, 0xfe, 0xfe,
  0x2d, 0x1f, 0x58, 0x31, 0x16, 0x0d, 0xfe, 0x1f, 0x0a, 0x19, 0x15, 0x27,
  0x37, 0x5c, 0x06, 0x0e, 0x07, 0x04, 0x21, 0x3b, 0xcf, 0x1b, 0x0c, 0x02,
  0x13, 0x01, 0x8e, 0x01, 0x45, 0xfe, 0xee, 0xfe, 0x8b, 0x3c, 0x29, 0x7d,
  0xba, 0x02, 0x45, 0xf2, 0xfe, 0xc9, 0x00, 0x00, 0x00, 0x03, 0x00, 0x62,
  0xff, 0xdd, 0x05, 0xfa, 0x03, 0x73, 0x00, 0x2d, 0x00, 0x39, 0x00, 0x45,
  0x00, 0x98, 0x00, 0xb2, 0x03, 0x01, 0x00, 0x2b, 0xb0, 0x09, 0x33, 0xb1,
  0x37, 0x06, 0xe9, 0xb0, 0x44, 0x32, 0xb2, 0x2b, 0x00, 0x00, 0x2b, 0xb0,
  0x25, 0x33, 0xb1, 0x31, 0x04, 0xe9, 0xb2, 0x2b, 0x00, 0x00, 0x2b, 0xb4,
  0x16, 0x0a, 0x00, 0x23, 0x04, 0x2b, 0xb2, 0x31, 0x2b, 0x0a, 0x2b, 0xb3,
  0x40, 0x31, 0x1b, 0x09, 0x2b, 0xb4, 0x3e, 0x11, 0x2b, 0x03, 0x0d, 0x2b,
  0xb1, 0x3e, 0x03, 0xe9, 0x01, 0xb0, 0x46, 0x2f, 0xb0, 0x00, 0xd6, 0xb1,
  0x2e, 0x0b, 0xe9, 0xb0, 0x2e, 0x10, 0xb1, 0x34, 0x01, 0x2b, 0xb1, 0x13,
  0x0d, 0xe9, 0xb0, 0x3a, 0x32, 0xb2, 0x13, 0x34, 0x0a, 0x2b, 0xb3, 0x40,
  0x13, 0x0e, 0x09, 0x2b, 0xb1, 0x47, 0x01, 0x2b, 0xb1, 0x34, 0x2e, 0x11,
  0x12, 0xb1, 0x2b, 0x03, 0x39, 0x39, 0xb0, 0x13, 0x11, 0xb3, 0x05, 0x07,
  0x27, 0x29, 0x24, 0x17, 0x39, 0x00, 0xb1, 0x3e, 0x2b, 0x11, 0x12, 0xb4,
  0x0d, 0x00, 0x28, 0x2e, 0x34, 0x24, 0x17, 0x39, 0xb0, 0x37, 0x11, 0xb4,
  0x05, 0x07, 0x0b, 0x0c, 0x06, 0x24, 0x17, 0x39, 0x30, 0x31, 0x13, 0x34,
  0x00, 0x33, 0x32, 0x17, 0x16, 0x37, 0x36, 0x33, 0x32, 0x17, 0x16, 0x17,
  0x15, 0x14, 0x23, 0x21, 0x22, 0x07, 0x14, 0x16, 0x33, 0x32, 0x37, 0x3e,
  0x01, 0x32, 0x1e, 0x02, 0x17, 0x16, 0x07, 0x06, 0x07, 0x06, 0x07, 0x22,
  0x27, 0x26, 0x07, 0x06, 0x23, 0x22, 0x00, 0x37, 0x14, 0x12, 0x33, 0x32,
  0x36, 0x35, 0x34, 0x26, 0x23, 0x22, 0x06, 0x25, 0x14, 0x1e, 0x01, 0x33,
  0x21, 0x32, 0x27, 0x2e, 0x01, 0x23, 0x22, 0x62, 0x01, 0x0d, 0xc2, 0xb8,
  0x69, 0x10, 0x17, 0x79, 0xa6, 0xdd, 0x4c, 0x19, 0x20, 0x1b, 0xfe, 0x13,
  0x39, 0x01, 0xa4, 0x71, 0x5a, 0x93, 0x04, 0x0b, 0x06, 0x08, 0x04, 0x08,
  0x02, 0x0e, 0x12, 0x4a, 0x64, 0x62, 0x62, 0x8f, 0x5d, 0x0c, 0x0a, 0x77,
  0xc1, 0xc7, 0xfe, 0xf4, 0xb5, 0xba, 0x77, 0x64, 0x73, 0x9c, 0x77, 0x66,
  0x8f, 0x02, 0xae, 0x0e, 0x16, 0x0b, 0x01, 0x0e, 0x1f, 0x04, 0x08, 0x5d,
  0x41, 0x8f, 0x01, 0xac, 0xbe, 0x01, 0x09, 0x7f, 0x12, 0x16, 0x7b, 0xc7,
  0x3b, 0x1f, 0x1f, 0x14, 0x1f, 0xb4, 0xfa, 0x93, 0x04, 0x05, 0x07, 0x04,
  0x0a, 0x02, 0x0e, 0x15, 0x52, 0x45, 0x3f, 0x01, 0x85, 0x0c, 0x0c, 0x85,
  0x01, 0x0a, 0xf8, 0xb0, 0xfe, 0xfa, 0xac, 0x9e, 0xc5, 0xf3, 0xbc, 0x06,
  0x06, 0x0b, 0x04, 0x1d, 0x52, 0x68, 0x00, 0x00, 0x00, 0x03, 0x00, 0x21,
  0xff, 0xf8, 0x05, 0xd7, 0x06, 0x98, 0x00, 0x47, 0x00, 0x4f, 0x00, 0x57,
  0x00, 0xc3, 0x00, 0xb2, 0x34, 0x00, 0x00, 0x2b, 0xb1, 0x2e, 0x04, 0xe9,
  0xb1, 0x3b, 0x3e, 0x32, 0x32, 0xb2, 0x1c, 0x02, 0x00, 0x2b, 0xb0, 0x04,
  0x33, 0xb1, 0x19, 0x03, 0xe9, 0xb2, 0x0a, 0x22, 0x46, 0x32, 0x32, 0x32,
  0xb0, 0x4f, 0x2f, 0xb0, 0x56, 0x33, 0xb4, 0x4b, 0x0a, 0x00, 0x11, 0x04,
  0x2b, 0xb0, 0x52, 0x32, 0x01, 0xb0, 0x58, 0x2f, 0xb0, 0x40, 0xd6, 0xb0,
  0x42, 0x32, 0xb1, 0x2b, 0x0b, 0xe9, 0xb2, 0x2b, 0x40, 0x0a, 0x2b, 0xb3,
  0x40, 0x2b, 0x33, 0x09, 0x2b, 0xb3, 0x4d, 0x2b, 0x40, 0x08, 0x2b, 0xb4,
  0x49, 0x0f, 0x00, 0x19, 0x04, 0x2b, 0xb0, 0x49, 0x2f, 0xb4, 0x4d, 0x0f,
  0x00, 0x19, 0x04, 0x2b, 0xb3, 0x51, 0x2b, 0x40, 0x08, 0x2b, 0xb4, 0x55,
  0x0f, 0x00, 0x19, 0x04, 0x2b, 0xb0, 0x2b, 0x10, 0xb1, 0x15, 0x01, 0x2b,
  0xb4, 0x20, 0x0f, 0x00, 0x0c, 0x04, 0x2b, 0xb1, 0x59, 0x01, 0x2b, 0xb1,
  0x2b, 0x49, 0x11, 0x12, 0xb7, 0x06, 0x08, 0x0c, 0x35, 0x38, 0x41, 0x52,
  0x57, 0x24, 0x17, 0x39, 0xb0, 0x55, 0x11, 0xb4, 0x19, 0x1c, 0x1a, 0x53,
  0x56, 0x24, 0x17, 0x39, 0xb0, 0x15, 0x12, 0xb1, 0x30, 0x34, 0x39, 0x39,
  0xb0, 0x20, 0x11, 0xb1, 0x1d, 0x22, 0x39, 0x39, 0x00, 0xb1, 0x19, 0x2e,
  0x11, 0x12, 0xb2, 0x0c, 0x10, 0x3c, 0x39, 0x39, 0x39, 0xb0, 0x1c, 0x11,
  0xb0, 0x20, 0x39, 0x30, 0x31, 0x13, 0x26, 0x37, 0x36, 0x17, 0x04, 0x37,
  0x32, 0x16, 0x06, 0x23, 0x22, 0x15, 0x14, 0x17, 0x01, 0x16, 0x36, 0x37,
  0x13, 0x36, 0x35, 0x34, 0x26, 0x2b, 0x01, 0x26, 0x36, 0x33, 0x16, 0x25,
  0x32, 0x15, 0x14, 0x27, 0x06, 0x07, 0x06, 0x07, 0x01, 0x1c, 0x02, 0x15,
  0x14, 0x16, 0x17, 0x32, 0x36, 0x17, 0x16, 0x14, 0x23, 0x24, 0x07, 0x22,
  0x26, 0x37, 0x36, 0x37, 0x36, 0x16, 0x33, 0x36, 0x37, 0x36, 0x27, 0x01,
  0x2e, 0x01, 0x27, 0x22, 0x24, 0x34, 0x36, 0x32, 0x16, 0x14, 0x06, 0x22,
  0x24, 0x34, 0x36, 0x32, 0x16, 0x14, 0x06, 0x22, 0x21, 0x04, 0x04, 0x04,
  0x12, 0x01, 0x8b, 0x9c, 0x08, 0x13, 0x0a, 0x17, 0x81, 0x42, 0x01, 0x12,
  0x08, 0x25, 0x0a, 0xdb, 0x42, 0x2f, 0x46, 0x14, 0x12, 0x03, 0x15, 0xb2,
  0x01, 0x17, 0x12, 0x12, 0x68, 0x42, 0x1f, 0x4c, 0xfe, 0xd1, 0x33, 0x40,
  0x08, 0x31, 0x0a, 0x19, 0x19, 0xfe, 0x6a, 0xa7, 0x10, 0x0d, 0x06, 0x08,
  0x23, 0x0a, 0x2a, 0x04, 0x6d, 0x05, 0x0a, 0x08, 0xfe, 0x8a, 0x48, 0x60,
  0x5f, 0x19, 0x01, 0xa1, 0x49, 0x67, 0x47, 0x47, 0x67, 0x01, 0x23, 0x48,
  0x66, 0x48, 0x48, 0x66, 0x04, 0xfe, 0x0c, 0x11, 0x19, 0x01, 0x06, 0x06,
  0x21, 0x1e, 0x29, 0x19, 0x66, 0xfe, 0x5a, 0x0a, 0x12, 0x13, 0x01, 0x72,
  0x6d, 0x1c, 0x1f, 0x17, 0x08, 0x39, 0x06, 0x06, 0x1f, 0x23, 0x01, 0x06,
  0x44, 0x21, 0x7f, 0xfd, 0xfe, 0x2d, 0x7d, 0x83, 0x0e, 0x3b, 0x42, 0x08,
  0x02, 0x04, 0x06, 0x46, 0x06, 0x04, 0x2b, 0x10, 0x14, 0x01, 0x02, 0x04,
  0x06, 0x7d, 0x9a, 0x89, 0x02, 0x49, 0x71, 0x44, 0x04, 0xf9, 0x67, 0x48,
  0x48, 0x67, 0x47, 0x47, 0x67, 0x48, 0x48, 0x67, 0x47, 0x00, 0x00, 0x00,
  0x00, 0x01, 0x00, 0x46, 0x03, 0xc9, 0x02, 0x81, 0x05, 0x30, 0x00, 0x12,
  0x00, 0x16, 0x00, 0x01, 0xb0, 0x13, 0x2f, 0xb0, 0x00, 0xd6, 0xb4, 0x09,
  0x0f, 0x00, 0x08, 0x04, 0x2b, 0xb1, 0x14, 0x01, 0x2b, 0x00, 0x30, 0x31,
  0x1b, 0x01, 0x36, 0x37, 0x3e, 0x01, 0x17, 0x16, 0x17, 0x13, 0x16, 0x07,
  0x06, 0x2f, 0x01, 0x07, 0x06, 0x27, 0x26, 0x46, 0xb6, 0x08, 0x13, 0x0c,
  0x73, 0x14, 0x17, 0x0c, 0xb4, 0x06, 0x08, 0x14, 0x15, 0xf6, 0xe9, 0x19,
  0x14, 0x08, 0x03, 0xd9, 0x01, 0x40, 0x0c, 0x08, 0x02, 0x02, 0x02, 0x02,
  0x12, 0xfe, 0xc8, 0x10, 0x0a, 0x10, 0x14, 0xd5, 0xd5, 0x17, 0x13, 0x08,
  0x00, 0x01, 0x00, 0x1d, 0x03, 0xb6, 0x02, 0xb0, 0x04, 0xe5, 0x00, 0x1e,
  0x00, 0x59, 0x00, 0xb0, 0x12, 0x2f, 0xb4, 0x06, 0x0a, 0x00, 0x1d, 0x04,
  0x2b, 0xb3, 0x16, 0x06, 0x12, 0x08, 0x2b, 0xb4, 0x02, 0x0a, 0x00, 0x1d,
  0x04, 0x2b, 0x01, 0xb0, 0x1f, 0x2f, 0xb0, 0x00, 0xd6, 0xb4, 0x1c, 0x0c,
  0x00, 0x1e, 0x04, 0x2b, 0xb0, 0x1c, 0x10, 0xb1, 0x09, 0x01, 0x2b, 0xb4,
  0x0d, 0x0c, 0x00, 0x1e, 0x04, 0x2b, 0xb1, 0x20, 0x01, 0x2b, 0xb1, 0x09,
  0x1c, 0x11, 0x12, 0xb1, 0x02, 0x12, 0x39, 0x39, 0x00, 0xb1, 0x16, 0x12,
  0x11, 0x12, 0xb0, 0x19, 0x39, 0xb1, 0x02, 0x06, 0x11, 0x12, 0xb2, 0x09,
  0x0d, 0x0f, 0x39, 0x39, 0x39, 0x30, 0x31, 0x13, 0x12, 0x33, 0x32, 0x17,
  0x16, 0x33, 0x32, 0x36, 0x37, 0x34, 0x33, 0x36, 0x15, 0x16, 0x15, 0x14,
  0x06, 0x23, 0x22, 0x27, 0x26, 0x27, 0x22, 0x06, 0x07, 0x14, 0x06, 0x07,
  0x0e, 0x01, 0x1d, 0x0c, 0xbc, 0x52, 0x77, 0x52, 0x27, 0x23, 0x23, 0x0c,
  0x1a, 0x19, 0x04, 0x73, 0x58, 0x52, 0x74, 0x54, 0x25, 0x1f, 0x21, 0x0c,
  0x04, 0x02, 0x06, 0x2d, 0x03, 0xc7, 0x01, 0x14, 0x52, 0x37, 0x37, 0x50,
  0x0c, 0x04, 0x10, 0x0d, 0x0e, 0x6f, 0x8e, 0x4f, 0x3b, 0x01, 0x29, 0x37,
  0x04, 0x17, 0x0a, 0x0e, 0x05, 0x00, 0x00, 0x00, 0x00, 0x01, 0x00, 0x5a,
  0x01, 0x98, 0x03, 0x2b, 0x02, 0x26, 0x00, 0x11, 0x00, 0x00, 0x13, 0x35,
  0x34, 0x36, 0x33, 0x16, 0x24, 0x17, 0x32, 0x16, 0x15, 0x07, 0x06, 0x07,
  0x26, 0x04, 0x27, 0x22, 0x5a, 0x1b, 0x0c, 0x44, 0x01, 0xd7, 0x72, 0x0a,
  0x13, 0x04, 0x06, 0x1d, 0x9e, 0xfe, 0x71, 0x68, 0x0e, 0x01, 0xb0, 0x52,
  0x10, 0x13, 0x02, 0x06, 0x04, 0x17, 0x0a, 0x50, 0x19, 0x03, 0x04, 0x06,
  0x02, 0x00, 0x00, 0x00, 0x00, 0x01, 0x00, 0x5a, 0x01, 0x98, 0x03, 0x2b,
  0x02, 0x26, 0x00, 0x11, 0x00, 0x00, 0x13, 0x35, 0x34, 0x36, 0x33, 0x16,
  0x24, 0x17, 0x32, 0x16, 0x15, 0x07, 0x06, 0x07, 0x26, 0x04, 0x27, 0x22,
  0x5a, 0x1b, 0x0c, 0x44, 0x01, 0xd7, 0x72, 0x0a, 0x13, 0x04, 0x06, 0x1d,
  0x9e, 0xfe, 0x71, 0x68, 0x0e, 0x01, 0xb0, 0x52, 0x10, 0x13, 0x02, 0x06,
  0x04, 0x17, 0x0a, 0x50, 0x19, 0x03, 0x04, 0x06, 0x02, 0x00, 0x00, 0x00,
  0x00, 0x01, 0x00, 0x5a, 0x01, 0x98, 0x03, 0x2b, 0x02, 0x26, 0x00, 0x11,
  0x00, 0x00, 0x13, 0x35, 0x34, 0x36, 0x33, 0x16, 0x24, 0x17, 0x32, 0x16,
  0x15, 0x07, 0x06, 0x07, 0x26, 0x04, 0x27, 0x22, 0x5a, 0x1b, 0x0c, 0x44,
  0x01, 0xd7, 0x72, 0x0a, 0x13, 0x04, 0x06, 0x1d, 0x9e, 0xfe, 0x71, 0x68,
  0x0e, 0x01, 0xb0, 0x52, 0x10, 0x13, 0x02, 0x06, 0x04, 0x17, 0x0a, 0x50,
  0x19, 0x03, 0x04, 0x06, 0x02, 0x00, 0x00, 0x00, 0x00, 0x01, 0x00, 0x4e,
  0x01, 0xb2, 0x04, 0x98, 0x02, 0x2b, 0x00, 0x0f, 0x00, 0x20, 0x00, 0xb0,
  0x0d, 0x2f, 0xb4, 0x03, 0x0a, 0x00, 0x22, 0x04, 0x2b, 0xb0, 0x05, 0x32,
  0xb4, 0x03, 0x0a, 0x00, 0x22, 0x04, 0x2b, 0x01, 0xb0, 0x10, 0x2f, 0xb1,
  0x11, 0x01, 0x2b, 0x00, 0x30, 0x31, 0x13, 0x37, 0x36, 0x37, 0x24, 0x05,
  0x32, 0x16, 0x1d, 0x01, 0x06, 0x07, 0x24, 0x05, 0x22, 0x26, 0x4e, 0x02,
  0x04, 0x14, 0x01, 0x79, 0x02, 0x9a, 0x0c, 0x11, 0x02, 0x1f, 0xfd, 0xc3,
  0xfe, 0x28, 0x06, 0x0e, 0x01, 0xcd, 0x47, 0x12, 0x05, 0x0c, 0x0c, 0x12,
  0x09, 0x4b, 0x12, 0x01, 0x06, 0x06, 0x13, 0x00, 0x00, 0x01, 0x00, 0xaa,
  0x01, 0x9c, 0x06, 0x1d, 0x02, 0x17, 0x00, 0x13, 0x00, 0x2d, 0x00, 0xb0,
  0x0e, 0x2f, 0xb4, 0x03, 0x0a, 0x00, 0x22, 0x04, 0x2b, 0xb0, 0x05, 0x32,
  0xb4, 0x03, 0x0a, 0x00, 0x22, 0x04, 0x2b, 0xb0, 0x06, 0x32, 0x01, 0xb0,
  0x14, 0x2f, 0xb1, 0x15, 0x01, 0x2b, 0x00, 0xb1, 0x03, 0x0e, 0x11, 0x12,
  0xb1, 0x0a, 0x11, 0x39, 0x39, 0x30, 0x31, 0x13, 0x34, 0x36, 0x33, 0x24,
  0x05, 0x16, 0x17, 0x16, 0x06, 0x15, 0x06, 0x27, 0x24, 0x05, 0x06, 0x26,
  0x37, 0x34, 0x26, 0xaa, 0x17, 0x16, 0x02, 0xa8, 0x02, 0x79, 0x21, 0x02,
  0x08, 0x0c, 0x0c, 0x11, 0xfd, 0x17, 0xfd, 0xbe, 0x0c, 0x17, 0x02, 0x06,
  0x01, 0xf0, 0x0c, 0x1b, 0x0c, 0x0c, 0x0b, 0x0c, 0x02, 0x46, 0x06, 0x19,
  0x03, 0x0a, 0x0a, 0x02, 0x0e, 0x0e, 0x08, 0x21, 0x00, 0x01, 0x00, 0x8d,
  0x03, 0x9e, 0x01, 0xa4, 0x05, 0x8f, 0x00, 0x16, 0x00, 0x3a, 0x00, 0xb2,
  0x14, 0x01, 0x00, 0x2b, 0xb4, 0x0e, 0x0a, 0x00, 0x13, 0x04, 0x2b, 0xb0,
  0x0b, 0x32, 0x01, 0xb0, 0x17, 0x2f, 0xb0, 0x00, 0xd6, 0xb1, 0x09, 0x0c,
  0xe9, 0xb2, 0x09, 0x00, 0x0a, 0x2b, 0xb3, 0x40, 0x09, 0x11, 0x09, 0x2b,
  0xb0, 0x05, 0x32, 0xb1, 0x18, 0x01, 0x2b, 0x00, 0xb1, 0x0e, 0x14, 0x11,
  0x12, 0xb1, 0x00, 0x0a, 0x39, 0x39, 0x30, 0x31, 0x13, 0x34, 0x36, 0x37,
  0x36, 0x16, 0x14, 0x07, 0x06, 0x17, 0x14, 0x37, 0x32, 0x36, 0x33, 0x32,
  0x16, 0x15, 0x14, 0x06, 0x23, 0x22, 0x26, 0x8d, 0x85, 0x6f, 0x0c, 0x17,
  0x11, 0x98, 0x01, 0x14, 0x06, 0x1d, 0x08, 0x2b, 0x3a, 0x44, 0x31, 0x44,
  0x5a, 0x04, 0x58, 0x64, 0xaa, 0x29, 0x04, 0x14, 0x1d, 0x0e, 0x56, 0x6f,
  0x1f, 0x01, 0x0a, 0x40, 0x2b, 0x31, 0x41, 0x6c, 0x00, 0x01, 0x00, 0x91,
  0x03, 0xa4, 0x01, 0xa4, 0x05, 0x8d, 0x00, 0x16, 0x00, 0x32, 0x00, 0xb0,
  0x14, 0x2f, 0xb4, 0x03, 0x0a, 0x00, 0x13, 0x04, 0x2b, 0x01, 0xb0, 0x17,
  0x2f, 0xb0, 0x0f, 0xd6, 0xb1, 0x06, 0x0c, 0xe9, 0xb2, 0x0f, 0x06, 0x0a,
  0x2b, 0xb3, 0x00, 0x0f, 0x00, 0x09, 0x2b, 0xb1, 0x18, 0x01, 0x2b, 0x00,
  0xb1, 0x03, 0x14, 0x11, 0x12, 0xb1, 0x06, 0x11, 0x39, 0x39, 0x30, 0x31,
  0x13, 0x34, 0x36, 0x33, 0x32, 0x16, 0x15, 0x14, 0x06, 0x07, 0x06, 0x27,
  0x26, 0x37, 0x36, 0x27, 0x34, 0x26, 0x07, 0x06, 0x23, 0x22, 0x26, 0x91,
  0x46, 0x31, 0x44, 0x58, 0x79, 0x60, 0x21, 0x0c, 0x1d, 0x1d, 0x9a, 0x01,
  0x08, 0x0e, 0x1d, 0x10, 0x2b, 0x38, 0x05, 0x1b, 0x31, 0x41, 0x66, 0x4e,
  0x5c, 0xa8, 0x2f, 0x10, 0x0e, 0x21, 0x12, 0x5a, 0x69, 0x10, 0x12, 0x02,
  0x08, 0x3c, 0x00, 0x00, 0x00, 0x01, 0x00, 0x89, 0xfe, 0xd3, 0x01, 0x87,
  0x00, 0xa6, 0x00, 0x18, 0x00, 0x38, 0x00, 0xb2, 0x16, 0x00, 0x00, 0x2b,
  0xb0, 0x11, 0x33, 0xb4, 0x03, 0x0a, 0x00, 0x14, 0x04, 0x2b, 0xb2, 0x06,
  0x00, 0x00, 0x2b, 0x01, 0xb0, 0x19, 0x2f, 0xb0, 0x0f, 0xd6, 0xb4, 0x06,
  0x0c, 0x00, 0x51, 0x04, 0x2b, 0xb2, 0x0f, 0x06, 0x0a, 0x2b, 0xb3, 0x00,
  0x0f, 0x00, 0x09, 0x2b, 0xb0, 0x0b, 0x32, 0xb1, 0x1a, 0x01, 0x2b, 0x00,
  0x30, 0x31, 0x37, 0x34, 0x36, 0x33, 0x32, 0x16, 0x15, 0x14, 0x06, 0x07,
  0x06, 0x27, 0x26, 0x37, 0x36, 0x35, 0x34, 0x07, 0x23, 0x22, 0x06, 0x07,
  0x23, 0x22, 0x26, 0x89, 0x42, 0x2f, 0x3d, 0x50, 0x7b, 0x64, 0x0e, 0x09,
  0x04, 0x09, 0x8f, 0x0e, 0x07, 0x04, 0x14, 0x04, 0x0f, 0x27, 0x35, 0x3b,
  0x2d, 0x3e, 0x62, 0x4a, 0x5e, 0xa2, 0x27, 0x06, 0x1a, 0x1f, 0x02, 0x58,
  0x63, 0x1d, 0x01, 0x04, 0x02, 0x39, 0x00, 0x00, 0x00, 0x02, 0x00, 0xa4,
  0x03, 0x9e, 0x03, 0x85, 0x05, 0x89, 0x00, 0x19, 0x00, 0x30, 0x00, 0x60,
  0x00, 0xb2, 0x17, 0x01, 0x00, 0x2b, 0xb0, 0x2e, 0x33, 0xb4, 0x0c, 0x0a,
  0x00, 0x14, 0x04, 0x2b, 0xb2, 0x11, 0x25, 0x28, 0x32, 0x32, 0x32, 0x01,
  0xb0, 0x31, 0x2f, 0xb0, 0x00, 0xd6, 0xb1, 0x09, 0x0c, 0xe9, 0xb2, 0x09,
  0x00, 0x0a, 0x2b, 0xb3, 0x00, 0x09, 0x14, 0x09, 0x2b, 0xb0, 0x09, 0x10,
  0xb1, 0x1a, 0x01, 0x2b, 0xb1, 0x23, 0x0c, 0xe9, 0xb2, 0x23, 0x1a, 0x0a,
  0x2b, 0xb3, 0x00, 0x23, 0x2b, 0x09, 0x2b, 0xb1, 0x32, 0x01, 0x2b, 0xb1,
  0x1a, 0x09, 0x11, 0x12, 0xb0, 0x06, 0x39, 0x00, 0xb1, 0x0c, 0x17, 0x11,
  0x12, 0xb4, 0x00, 0x14, 0x1a, 0x24, 0x2b, 0x24, 0x17, 0x39, 0x30, 0x31,
  0x13, 0x34, 0x36, 0x37, 0x36, 0x17, 0x16, 0x07, 0x06, 0x15, 0x14, 0x3f,
  0x01, 0x32, 0x33, 0x37, 0x36, 0x33, 0x32, 0x16, 0x15, 0x14, 0x06, 0x23,
  0x22, 0x26, 0x25, 0x34, 0x36, 0x37, 0x36, 0x17, 0x16, 0x07, 0x06, 0x15,
  0x14, 0x37, 0x32, 0x36, 0x33, 0x32, 0x16, 0x15, 0x14, 0x06, 0x23, 0x22,
  0x26, 0xa4, 0x7f, 0x66, 0x1b, 0x0a, 0x14, 0x16, 0x9a, 0x15, 0x04, 0x04,
  0x02, 0x0a, 0x10, 0x0b, 0x2b, 0x37, 0x45, 0x31, 0x44, 0x5a, 0x01, 0xcd,
  0x7f, 0x66, 0x1d, 0x0c, 0x12, 0x18, 0x9a, 0x15, 0x06, 0x21, 0x08, 0x2b,
  0x37, 0x46, 0x31, 0x44, 0x59, 0x04, 0x50, 0x60, 0xac, 0x2d, 0x0a, 0x12,
  0x23, 0x0a, 0x5a, 0x6b, 0x1f, 0x01, 0x02, 0x02, 0x04, 0x3e, 0x2b, 0x31,
  0x41, 0x66, 0x4c, 0x60, 0xac, 0x2d, 0x0a, 0x10, 0x21, 0x0e, 0x56, 0x6f,
  0x1f, 0x01, 0x08, 0x3e, 0x2b, 0x31, 0x41, 0x66, 0x00, 0x02, 0x00, 0x9e,
  0x03, 0xa4, 0x03, 0x81, 0x05, 0x8d, 0x00, 0x17, 0x00, 0x32, 0x00, 0x61,
  0x00, 0xb0, 0x15, 0x2f, 0xb3, 0x11, 0x1f, 0x21, 0x24, 0x24, 0x17, 0x33,
  0xb4, 0x03, 0x0a, 0x00, 0x13, 0x04, 0x2b, 0xb0, 0x2a, 0x32, 0x01, 0xb0,
  0x33, 0x2f, 0xb0, 0x0f, 0xd6, 0xb1, 0x06, 0x0c, 0xe9, 0xb2, 0x0f, 0x06,
  0x0a, 0x2b, 0xb3, 0x00, 0x0f, 0x00, 0x09, 0x2b, 0xb0, 0x06, 0x10, 0xb1,
  0x1c, 0x01, 0x2b, 0xb1, 0x2d, 0x0c, 0xe9, 0xb2, 0x1c, 0x2d, 0x0a, 0x2b,
  0xb3, 0x00, 0x1c, 0x27, 0x09, 0x2b, 0xb0, 0x18, 0x32, 0xb1, 0x34, 0x01,
  0x2b, 0xb1, 0x1c, 0x06, 0x11, 0x12, 0xb0, 0x1a, 0x39, 0x00, 0xb1, 0x03,
  0x15, 0x11, 0x12, 0xb3, 0x06, 0x10, 0x1e, 0x2d, 0x24, 0x17, 0x39, 0x30,
  0x31, 0x13, 0x34, 0x36, 0x33, 0x32, 0x16, 0x15, 0x14, 0x06, 0x07, 0x06,
  0x27, 0x26, 0x37, 0x36, 0x35, 0x34, 0x07, 0x22, 0x07, 0x06, 0x23, 0x22,
  0x26, 0x00, 0x26, 0x37, 0x36, 0x27, 0x34, 0x26, 0x07, 0x22, 0x07, 0x22,
  0x06, 0x23, 0x22, 0x26, 0x35, 0x34, 0x36, 0x33, 0x32, 0x16, 0x15, 0x14,
  0x06, 0x07, 0x06, 0x27, 0x9e, 0x45, 0x34, 0x44, 0x59, 0x7d, 0x64, 0x21,
  0x0c, 0x17, 0x19, 0x9e, 0x11, 0x06, 0x12, 0x14, 0x09, 0x29, 0x39, 0x01,
  0xcb, 0x01, 0x0d, 0x9e, 0x01, 0x0a, 0x0a, 0x08, 0x02, 0x04, 0x1b, 0x08,
  0x29, 0x3a, 0x46, 0x33, 0x44, 0x5a, 0x7b, 0x64, 0x25, 0x0a, 0x05, 0x1b,
  0x31, 0x41, 0x66, 0x4e, 0x5c, 0xaa, 0x2f, 0x0a, 0x0e, 0x1f, 0x10, 0x54,
  0x6f, 0x23, 0x01, 0x06, 0x04, 0x3c, 0xfe, 0xc2, 0x1f, 0x08, 0x54, 0x6f,
  0x14, 0x0e, 0x02, 0x02, 0x06, 0x3c, 0x2d, 0x31, 0x41, 0x66, 0x4e, 0x5c,
  0xac, 0x2d, 0x10, 0x10, 0x00, 0x02, 0x00, 0x93, 0xfe, 0xd3, 0x03, 0x4a,
  0x00, 0xa6, 0x00, 0x17, 0x00, 0x30, 0x00, 0x5b, 0x00, 0xb2, 0x15, 0x00,
  0x00, 0x2b, 0xb1, 0x29, 0x2e, 0x33, 0x33, 0xb4, 0x03, 0x0a, 0x00, 0x14,
  0x04, 0x2b, 0xb0, 0x1b, 0x32, 0xb2, 0x06, 0x00, 0x00, 0x2b, 0xb2, 0x1e,
  0x00, 0x00, 0x2b, 0x01, 0xb0, 0x31, 0x2f, 0xb0, 0x0e, 0xd6, 0xb4, 0x06,
  0x0c, 0x00, 0x51, 0x04, 0x2b, 0xb2, 0x0e, 0x06, 0x0a, 0x2b, 0xb3, 0x00,
  0x0e, 0x00, 0x09, 0x2b, 0xb0, 0x06, 0x10, 0xb1, 0x27, 0x01, 0x2b, 0xb4,
  0x1e, 0x0c, 0x00, 0x51, 0x04, 0x2b, 0xb2, 0x27, 0x1e, 0x0a, 0x2b, 0xb3,
  0x00, 0x27, 0x18, 0x09, 0x2b, 0xb0, 0x23, 0x32, 0xb1, 0x32, 0x01, 0x2b,
  0x00, 0x30, 0x31, 0x37, 0x34, 0x36, 0x33, 0x32, 0x16, 0x15, 0x14, 0x06,
  0x07, 0x06, 0x26, 0x37, 0x36, 0x35, 0x34, 0x07, 0x22, 0x06, 0x23, 0x06,
  0x23, 0x22, 0x26, 0x25, 0x34, 0x36, 0x33, 0x32, 0x16, 0x15, 0x14, 0x06,
  0x07, 0x06, 0x26, 0x34, 0x37, 0x36, 0x35, 0x34, 0x07, 0x2b, 0x01, 0x07,
  0x06, 0x23, 0x22, 0x26, 0x93, 0x44, 0x2f, 0x3f, 0x53, 0x7d, 0x67, 0x0e,
  0x19, 0x13, 0x93, 0x10, 0x04, 0x0f, 0x04, 0x10, 0x0a, 0x27, 0x38, 0x01,
  0xb3, 0x43, 0x2f, 0x3f, 0x53, 0x7d, 0x67, 0x08, 0x10, 0x04, 0x93, 0x0e,
  0x02, 0x06, 0x11, 0x10, 0x0a, 0x27, 0x37, 0x3b, 0x2d, 0x3e, 0x62, 0x4a,
  0x5e, 0xa0, 0x29, 0x04, 0x31, 0x08, 0x58, 0x63, 0x1d, 0x01, 0x02, 0x04,
  0x39, 0x29, 0x2d, 0x3e, 0x62, 0x4a, 0x5e, 0xa2, 0x27, 0x04, 0x18, 0x1b,
  0x06, 0x56, 0x65, 0x1d, 0x01, 0x02, 0x04, 0x39, 0x00, 0x01, 0x00, 0x71,
  0x01, 0x8f, 0x02, 0x8d, 0x03, 0xb0, 0x00, 0x08, 0x00, 0x2e, 0x00, 0xb0,
  0x07, 0x2f, 0xb4, 0x03, 0x0a, 0x00, 0x08, 0x04, 0x2b, 0xb4, 0x03, 0x0a,
  0x00, 0x08, 0x04, 0x2b, 0x01, 0xb0, 0x09, 0x2f, 0xb0, 0x00, 0xd6, 0xb4,
  0x05, 0x0f, 0x00, 0x08, 0x04, 0x2b, 0xb4, 0x05, 0x0f, 0x00, 0x08, 0x04,
  0x2b, 0xb1, 0x0a, 0x01, 0x2b, 0x00, 0x30, 0x31, 0x13, 0x34, 0x36, 0x32,
  0x16, 0x14, 0x06, 0x22, 0x26, 0x71, 0x9b, 0xe2, 0x9f, 0x9f, 0xe2, 0x9b,
  0x02, 0xa0, 0x71, 0x9f, 0xa0, 0xe1, 0xa0, 0x9e, 0x00, 0x03, 0x01, 0x02,
  0xff, 0xdd, 0x07, 0x7f, 0x00, 0xc3, 0x00, 0x0a, 0x00, 0x15, 0x00, 0x1f,
  0x00, 0x4e, 0x00, 0xb2, 0x09, 0x00, 0x00, 0x2b, 0xb1, 0x13, 0x1d, 0x33,
  0x33, 0xb4, 0x03, 0x0a, 0x00, 0x12, 0x04, 0x2b, 0xb1, 0x0e, 0x19, 0x32,
  0x32, 0xb2, 0x09, 0x00, 0x00, 0x2b, 0xb4, 0x03, 0x0a, 0x00, 0x12, 0x04,
  0x2b, 0x01, 0xb0, 0x20, 0x2f, 0xb0, 0x00, 0xd6, 0xb4, 0x06, 0x0f, 0x00,
  0x19, 0x04, 0x2b, 0xb0, 0x06, 0x10, 0xb1, 0x0b, 0x01, 0x2b, 0xb1, 0x11,
  0x0f, 0xe9, 0xb0, 0x11, 0x10, 0xb1, 0x16, 0x01, 0x2b, 0xb1, 0x1c, 0x0f,
  0xe9, 0xb1, 0x21, 0x01, 0x2b, 0x00, 0x30, 0x31, 0x25, 0x34, 0x36, 0x33,
  0x32, 0x16, 0x15, 0x14, 0x06, 0x22, 0x26, 0x25, 0x34, 0x36, 0x33, 0x32,
  0x16, 0x14, 0x06, 0x23, 0x22, 0x26, 0x25, 0x34, 0x36, 0x33, 0x32, 0x16,
  0x14, 0x06, 0x22, 0x26, 0x01, 0x02, 0x46, 0x37, 0x35, 0x44, 0x44, 0x6a,
  0x48, 0x02, 0xc9, 0x43, 0x38, 0x35, 0x43, 0x41, 0x35, 0x37, 0x46, 0x02,
  0xc0, 0x44, 0x37, 0x35, 0x44, 0x42, 0x6a, 0x48, 0x56, 0x31, 0x3c, 0x40,
  0x33, 0x31, 0x42, 0x46, 0x2b, 0x33, 0x40, 0x40, 0x66, 0x3e, 0x40, 0x39,
  0x33, 0x3a, 0x40, 0x66, 0x40, 0x48, 0x00, 0x00, 0x00, 0x02, 0x00, 0x28,
  0xff, 0xf6, 0x06, 0xe2, 0x05, 0xc4, 0x00, 0x84, 0x00, 0x98, 0x01, 0x25,
  0x00, 0xb2, 0x81, 0x00, 0x00, 0x2b, 0xb3, 0x46, 0x48, 0x63, 0x83, 0x24,
  0x17, 0x33, 0xb1, 0x7d, 0x06, 0xe9, 0xb5, 0x02, 0x41, 0x43, 0x4e, 0x5d,
  0x69, 0x24, 0x17, 0x32, 0xb2, 0x94, 0x02, 0x00, 0x2b, 0xb1, 0x1f, 0x0a,
  0xe9, 0xb2, 0x2f, 0x02, 0x00, 0x2b, 0xb1, 0x25, 0x0a, 0xe9, 0xb2, 0x2f,
  0x25, 0x0a, 0x2b, 0xb3, 0x00, 0x2f, 0x2a, 0x09, 0x2b, 0xb2, 0x20, 0x02,
  0x00, 0x2b, 0xb4, 0x38, 0x54, 0x81, 0x2f, 0x0d, 0x2b, 0xb1, 0x56, 0x72,
  0x33, 0x33, 0xb1, 0x38, 0x0a, 0xe9, 0xb1, 0x87, 0x89, 0x32, 0x32, 0xb0,
  0x0b, 0x20, 0xd6, 0x11, 0xb1, 0x14, 0x06, 0xe9, 0x01, 0xb0, 0x99, 0x2f,
  0xb0, 0x06, 0xd6, 0xb0, 0x18, 0x32, 0xb1, 0x78, 0x0d, 0xe9, 0xb0, 0x97,
  0x32, 0xb2, 0x06, 0x78, 0x0a, 0x2b, 0xb3, 0x40, 0x06, 0x0f, 0x09, 0x2b,
  0xb0, 0x78, 0x10, 0xb1, 0x6f, 0x01, 0x2b, 0xb0, 0x8e, 0x32, 0xb1, 0x5a,
  0x0d, 0xe9, 0xb0, 0x34, 0x32, 0xb2, 0x5a, 0x6f, 0x0a, 0x2b, 0xb3, 0x40,
  0x5a, 0x61, 0x09, 0x2b, 0xb2, 0x6f, 0x5a, 0x0a, 0x2b, 0xb3, 0x40, 0x6f,
  0x67, 0x09, 0x2b, 0xb0, 0x5a, 0x10, 0xb1, 0x51, 0x01, 0x2b, 0xb1, 0x3e,
  0x0d, 0xe9, 0xb0, 0x27, 0x32, 0xb2, 0x51, 0x3e, 0x0a, 0x2b, 0xb3, 0x40,
  0x51, 0x4a, 0x09, 0x2b, 0xb1, 0x9a, 0x01, 0x2b, 0xb1, 0x78, 0x06, 0x11,
  0x12, 0xb2, 0x16, 0x82, 0x85, 0x39, 0x39, 0x39, 0xb0, 0x6f, 0x11, 0xb2,
  0x65, 0x7f, 0x81, 0x39, 0x39, 0x39, 0xb0, 0x5a, 0x12, 0xb3, 0x20, 0x64,
  0x8b, 0x91, 0x24, 0x17, 0x39, 0xb0, 0x51, 0x11, 0xb4, 0x21, 0x23, 0x2d,
  0x48, 0x63, 0x24, 0x17, 0x39, 0xb0, 0x3e, 0x12, 0xb1, 0x2c, 0x3a, 0x39,
  0x39, 0x00, 0xb1, 0x0b, 0x7d, 0x11, 0x12, 0xb1, 0x3e, 0x42, 0x39, 0x39,
  0xb0, 0x14, 0x11, 0xb2, 0x55, 0x73, 0x74, 0x39, 0x39, 0x39, 0xb1, 0x38,
  0x54, 0x11, 0x12, 0xb3, 0x0e, 0x16, 0x3d, 0x88, 0x24, 0x17, 0x39, 0xb0,
  0x94, 0x11, 0xb2, 0x36, 0x3b, 0x91, 0x39, 0x39, 0x39, 0xb0, 0x1f, 0x12,
  0xb0, 0x23, 0x39, 0x30, 0x31, 0x3e, 0x01, 0x37, 0x33, 0x32, 0x36, 0x35,
  0x11, 0x34, 0x26, 0x2b, 0x01, 0x22, 0x27, 0x26, 0x34, 0x37, 0x36, 0x37,
  0x36, 0x33, 0x36, 0x37, 0x36, 0x37, 0x36, 0x37, 0x36, 0x37, 0x3e, 0x01,
  0x16, 0x17, 0x16, 0x37, 0x3e, 0x01, 0x16, 0x17, 0x16, 0x14, 0x06, 0x23,
  0x22, 0x27, 0x2e, 0x01, 0x23, 0x22, 0x06, 0x07, 0x06, 0x07, 0x14, 0x17,
  0x16, 0x25, 0x36, 0x37, 0x36, 0x16, 0x15, 0x11, 0x14, 0x16, 0x33, 0x36,
  0x17, 0x16, 0x06, 0x07, 0x26, 0x07, 0x22, 0x27, 0x34, 0x3e, 0x01, 0x17,
  0x32, 0x36, 0x35, 0x11, 0x34, 0x27, 0x26, 0x07, 0x0e, 0x01, 0x07, 0x03,
  0x14, 0x16, 0x3b, 0x01, 0x32, 0x16, 0x15, 0x14, 0x23, 0x26, 0x07, 0x22,
  0x35, 0x34, 0x37, 0x33, 0x32, 0x3e, 0x02, 0x35, 0x11, 0x26, 0x27, 0x26,
  0x20, 0x07, 0x06, 0x07, 0x11, 0x1e, 0x01, 0x33, 0x32, 0x17, 0x1e, 0x01,
  0x06, 0x23, 0x24, 0x07, 0x22, 0x01, 0x14, 0x17, 0x16, 0x37, 0x3e, 0x02,
  0x34, 0x35, 0x36, 0x37, 0x36, 0x27, 0x26, 0x07, 0x22, 0x06, 0x07, 0x06,
  0x23, 0x0a, 0x12, 0x17, 0x50, 0x33, 0x1b, 0x08, 0x58, 0x25, 0x04, 0x04,
  0x04, 0x06, 0x0f, 0x02, 0x02, 0x5e, 0x2f, 0x06, 0x06, 0x0c, 0x0b, 0x1f,
  0x7b, 0x48, 0xc6, 0xe3, 0x4c, 0x29, 0x2b, 0x4c, 0xb2, 0xc0, 0x46, 0x1f,
  0x50, 0x17, 0x14, 0x1d, 0x31, 0x52, 0x3d, 0x54, 0x94, 0x14, 0x0e, 0x01,
  0x19, 0x5a, 0x01, 0x1f, 0x52, 0x60, 0x10, 0x15, 0x29, 0x3f, 0x10, 0x0d,
  0x0c, 0x02, 0x0a, 0xc1, 0xf5, 0x0e, 0x01, 0x05, 0x0e, 0x0e, 0x58, 0x25,
  0x7d, 0xc7, 0x58, 0x0e, 0x18, 0x02, 0x03, 0x25, 0x5a, 0x29, 0x17, 0x0a,
  0x0c, 0xf6, 0xf6, 0x10, 0x10, 0x11, 0x2f, 0x25, 0x1e, 0x05, 0x0c, 0x15,
  0x48, 0xfe, 0xfa, 0x2d, 0x1d, 0x04, 0x02, 0x31, 0x4a, 0x33, 0x0a, 0x0c,
  0x07, 0x0a, 0x09, 0xfe, 0xd3, 0xd9, 0x0a, 0x01, 0x56, 0x1b, 0xe5, 0xa0,
  0x10, 0x0f, 0x02, 0x06, 0x31, 0x0a, 0x2b, 0x52, 0x7b, 0x54, 0x95, 0x13,
  0x0e, 0x14, 0x23, 0x04, 0x32, 0x4f, 0x01, 0xf0, 0x0c, 0x19, 0x0e, 0x0a,
  0x1f, 0x06, 0x04, 0x07, 0x02, 0x12, 0x1f, 0x52, 0x3b, 0x50, 0x1d, 0x58,
  0x6e, 0x42, 0x56, 0x02, 0x40, 0x2d, 0x1d, 0x37, 0x40, 0x0b, 0x39, 0x1b,
  0x2d, 0x4b, 0x1c, 0x2b, 0x1f, 0x7d, 0x56, 0x46, 0xb2, 0x31, 0x02, 0x0c,
  0x0c, 0x02, 0x21, 0x06, 0x25, 0x12, 0xfd, 0x68, 0x4e, 0x27, 0x04, 0x04,
  0x02, 0x41, 0x04, 0x06, 0x06, 0x21, 0x10, 0x0e, 0x0b, 0x03, 0x3c, 0x93,
  0x01, 0x3c, 0x9a, 0x01, 0x06, 0x04, 0x02, 0x1a, 0x0a, 0xfe, 0x4d, 0x83,
  0x4c, 0x10, 0x16, 0x21, 0x04, 0x06, 0x1e, 0x21, 0x06, 0x04, 0x2e, 0x4b,
  0x52, 0x01, 0x9c, 0x33, 0x02, 0x04, 0x06, 0x04, 0x29, 0xfe, 0x04, 0x44,
  0x2a, 0x03, 0x04, 0x27, 0x1e, 0x0a, 0x0a, 0x03, 0x85, 0x29, 0x02, 0x0a,
  0x0a, 0x02, 0x18, 0x1b, 0x2d, 0x06, 0x9a, 0x58, 0x17, 0x2b, 0x4a, 0x01,
  0x7b, 0x56, 0x3b, 0x00, 0x00, 0x03, 0x00, 0x30, 0xff, 0xf6, 0x06, 0xae,
  0x05, 0xd7, 0x00, 0x7c, 0x00, 0x90, 0x00, 0x9d, 0x00, 0xe5, 0x00, 0xb2,
  0x54, 0x00, 0x00, 0x2b, 0xb2, 0x37, 0x7a, 0x7c, 0x33, 0x33, 0x33, 0xb1,
  0x4f, 0x03, 0xe9, 0xb4, 0x03, 0x2e, 0x41, 0x5b, 0x74, 0x24, 0x17, 0x32,
  0xb2, 0x9a, 0x02, 0x00, 0x2b, 0xb1, 0x23, 0x09, 0xe9, 0xb2, 0x8c, 0x02,
  0x00, 0x2b, 0xb1, 0x1e, 0x0a, 0xe9, 0xb0, 0x26, 0x32, 0xb2, 0x20, 0x02,
  0x00, 0x2b, 0xb4, 0x7f, 0x6a, 0x7a, 0x1e, 0x0d, 0x2b, 0xb2, 0x47, 0x49,
  0x66, 0x33, 0x33, 0x33, 0xb1, 0x7f, 0x0a, 0xe9, 0xb1, 0x81, 0x94, 0x32,
  0x32, 0xb0, 0x0d, 0x20, 0xd6, 0x11, 0xb1, 0x13, 0x06, 0xe9, 0x01, 0xb0,
  0x9e, 0x2f, 0xb0, 0x09, 0xd6, 0xb1, 0x6e, 0x0d, 0xe9, 0xb0, 0x7d, 0x32,
  0xb0, 0x6e, 0x10, 0xb1, 0x62, 0x01, 0x2b, 0xb1, 0x4c, 0x0d, 0xe9, 0xb0,
  0x91, 0x32, 0xb0, 0x4c, 0x10, 0xb1, 0x44, 0x01, 0x2b, 0xb0, 0x97, 0x32,
  0xb1, 0x2b, 0x0d, 0xe9, 0xb1, 0x9f, 0x01, 0x2b, 0xb1, 0x6e, 0x09, 0x11,
  0x12, 0xb2, 0x15, 0x16, 0x7b, 0x39, 0x39, 0x39, 0xb0, 0x62, 0x11, 0xb5,
  0x1d, 0x56, 0x58, 0x78, 0x7a, 0x83, 0x24, 0x17, 0x39, 0xb0, 0x4c, 0x12,
  0xb2, 0x1e, 0x1f, 0x87, 0x39, 0x39, 0x39, 0xb0, 0x44, 0x11, 0xb4, 0x20,
  0x23, 0x3c, 0x53, 0x55, 0x24, 0x17, 0x39, 0xb0, 0x2b, 0x12, 0xb0, 0x26,
  0x39, 0x00, 0xb1, 0x0d, 0x4f, 0x11, 0x12, 0xb3, 0x2b, 0x4b, 0x5c, 0x5e,
  0x24, 0x17, 0x39, 0xb0, 0x13, 0x11, 0xb2, 0x48, 0x65, 0x68, 0x39, 0x39,
  0x39, 0xb1, 0x7f, 0x6a, 0x11, 0x12, 0xb1, 0x15, 0x80, 0x39, 0x39, 0xb0,
  0x8c, 0x11, 0xb2, 0x87, 0x93, 0x98, 0x39, 0x39, 0x39, 0x30, 0x31, 0x16,
  0x26, 0x36, 0x37, 0x36, 0x16, 0x33, 0x3e, 0x01, 0x35, 0x11, 0x34, 0x2b,
  0x01, 0x22, 0x27, 0x26, 0x37, 0x36, 0x37, 0x36, 0x37, 0x36, 0x37, 0x36,
  0x37, 0x36, 0x37, 0x3e, 0x01, 0x32, 0x17, 0x16, 0x37, 0x36, 0x33, 0x32,
  0x16, 0x33, 0x32, 0x37, 0x36, 0x17, 0x11, 0x14, 0x16, 0x17, 0x32, 0x36,
  0x1e, 0x01, 0x17, 0x16, 0x07, 0x06, 0x27, 0x22, 0x23, 0x21, 0x22, 0x26,
  0x37, 0x3e, 0x01, 0x16, 0x33, 0x3e, 0x01, 0x35, 0x13, 0x34, 0x23, 0x24,
  0x07, 0x06, 0x07, 0x11, 0x14, 0x16, 0x33, 0x36, 0x17, 0x1e, 0x01, 0x23,
  0x26, 0x05, 0x22, 0x26, 0x37, 0x3e, 0x01, 0x16, 0x37, 0x36, 0x37, 0x3e,
  0x01, 0x35, 0x11, 0x34, 0x26, 0x27, 0x2a, 0x02, 0x23, 0x22, 0x06, 0x07,
  0x11, 0x14, 0x16, 0x17, 0x1e, 0x01, 0x33, 0x36, 0x17, 0x1e, 0x01, 0x06,
  0x23, 0x24, 0x07, 0x01, 0x14, 0x17, 0x16, 0x37, 0x32, 0x36, 0x37, 0x36,
  0x37, 0x36, 0x27, 0x26, 0x27, 0x26, 0x07, 0x22, 0x06, 0x07, 0x06, 0x05,
  0x14, 0x16, 0x17, 0x21, 0x32, 0x35, 0x11, 0x26, 0x23, 0x22, 0x07, 0x06,
  0x35, 0x0a, 0x0a, 0x13, 0x06, 0x2f, 0x06, 0x3b, 0x23, 0x1a, 0x61, 0x25,
  0x06, 0x06, 0x08, 0x02, 0x15, 0x5c, 0x31, 0x06, 0x07, 0x06, 0x10, 0x1f,
  0x7b, 0x4a, 0xc0, 0xdb, 0x4c, 0x25, 0x12, 0x6f, 0x8f, 0x17, 0x56, 0x14,
  0x37, 0x27, 0x3d, 0x01, 0x1a, 0x3a, 0x02, 0x18, 0x0d, 0x10, 0x02, 0x08,
  0x08, 0x04, 0x0e, 0x06, 0x03, 0xfe, 0x54, 0x0c, 0x08, 0x06, 0x04, 0x23,
  0x2f, 0x06, 0x31, 0x17, 0x02, 0x25, 0xfe, 0xfa, 0x64, 0x0a, 0x0f, 0x31,
  0x4c, 0x0a, 0x0c, 0x10, 0x01, 0x11, 0x81, 0xfe, 0xcb, 0x0a, 0x0a, 0x04,
  0x04, 0x12, 0x13, 0x08, 0x35, 0x13, 0x0e, 0x06, 0x0e, 0x1b, 0x29, 0x7b,
  0x99, 0x1d, 0x10, 0x0f, 0x04, 0x06, 0x0d, 0x0c, 0x29, 0x37, 0x1d, 0x1f,
  0x0c, 0x06, 0x0a, 0x08, 0xfe, 0xf8, 0xff, 0x01, 0x4c, 0x17, 0x6f, 0xed,
  0x1d, 0x16, 0x02, 0x0b, 0x39, 0x10, 0x16, 0x06, 0x15, 0x4e, 0x72, 0x54,
  0x96, 0x12, 0x0e, 0x02, 0x4b, 0x15, 0x1e, 0x01, 0x46, 0x2d, 0x73, 0x5c,
  0x4c, 0x39, 0x50, 0x0a, 0x1c, 0x21, 0x04, 0x04, 0x02, 0x02, 0x34, 0x4d,
  0x01, 0xf4, 0x21, 0x0e, 0x25, 0x0a, 0x02, 0x0b, 0x10, 0x21, 0x52, 0x3b,
  0x35, 0x38, 0x58, 0x6e, 0x42, 0x54, 0x40, 0x23, 0x11, 0x60, 0x0a, 0x31,
  0x17, 0x25, 0xfa, 0xe9, 0x4c, 0x29, 0x02, 0x02, 0x02, 0x08, 0x08, 0x13,
  0x14, 0x0e, 0x02, 0x29, 0x0c, 0x0a, 0x04, 0x02, 0x06, 0x48, 0x87, 0x01,
  0xa2, 0x33, 0x0a, 0x0a, 0x02, 0x2f, 0xfe, 0x00, 0x4c, 0x2f, 0x04, 0x04,
  0x02, 0x3d, 0x04, 0x04, 0x25, 0x0c, 0x0a, 0x08, 0x04, 0x02, 0x04, 0x19,
  0x12, 0x3a, 0x6c, 0x01, 0x8e, 0x27, 0x14, 0x02, 0x0e, 0x19, 0xfe, 0x5a,
  0x6d, 0x35, 0x12, 0x14, 0x0d, 0x06, 0x06, 0x04, 0x21, 0x1c, 0x0a, 0x0a,
  0x03, 0x7d, 0x25, 0x02, 0x04, 0x04, 0x0c, 0x1b, 0xa3, 0x7b, 0x25, 0x19,
  0x08, 0x15, 0x4a, 0x01, 0x7b, 0x56, 0x3b, 0xaa, 0x17, 0x10, 0x02, 0x29,
  0x01, 0x85, 0x4e, 0x4e, 0x6d, 0x00, 0x00, 0x00, 0x00, 0x01, 0x00, 0x08,
  0xff, 0xdb, 0x03, 0x96, 0x05, 0x1f, 0x00, 0x4c, 0x00, 0xa3, 0x00, 0xb2,
  0x47, 0x00, 0x00, 0x2b, 0xb1, 0x38, 0x04, 0xe9, 0xb0, 0x4b, 0x2f, 0xb0,
  0x34, 0x33, 0xb1, 0x03, 0x08, 0xe9, 0xb0, 0x2e, 0x32, 0xb0, 0x08, 0x2f,
  0xb0, 0x2a, 0x33, 0xb1, 0x0d, 0x09, 0xe9, 0xb0, 0x24, 0x32, 0xb0, 0x22,
  0x2f, 0xb1, 0x11, 0x06, 0xe9, 0x01, 0xb0, 0x4d, 0x2f, 0xb0, 0x05, 0xd6,
  0xb1, 0x0e, 0x4a, 0x32, 0x32, 0xb4, 0x2c, 0x0d, 0x00, 0x2e, 0x04, 0x2b,
  0xb1, 0x24, 0x35, 0x32, 0x32, 0xb2, 0x2c, 0x05, 0x0a, 0x2b, 0xb3, 0x40,
  0x2c, 0x28, 0x09, 0x2b, 0xb0, 0x31, 0x32, 0xb2, 0x05, 0x2c, 0x0a, 0x2b,
  0xb3, 0x40, 0x05, 0x0a, 0x09, 0x2b, 0xb0, 0x00, 0x32, 0xb0, 0x2c, 0x10,
  0xb1, 0x1f, 0x01, 0x2b, 0xb4, 0x1b, 0x0c, 0x00, 0x2f, 0x04, 0x2b, 0xb1,
  0x4e, 0x01, 0x2b, 0xb1, 0x1f, 0x2c, 0x11, 0x12, 0xb4, 0x15, 0x11, 0x38,
  0x44, 0x47, 0x24, 0x17, 0x39, 0xb0, 0x1b, 0x11, 0xb3, 0x16, 0x3c, 0x3d,
  0x42, 0x24, 0x17, 0x39, 0x00, 0xb1, 0x4b, 0x38, 0x11, 0x12, 0xb1, 0x3d,
  0x3e, 0x39, 0x39, 0xb1, 0x22, 0x0d, 0x11, 0x12, 0xb2, 0x14, 0x1b, 0x1d,
  0x39, 0x39, 0x39, 0x30, 0x31, 0x13, 0x35, 0x34, 0x3b, 0x01, 0x35, 0x34,
  0x37, 0x23, 0x22, 0x3d, 0x01, 0x34, 0x3b, 0x01, 0x36, 0x12, 0x33, 0x32,
  0x17, 0x16, 0x37, 0x3e, 0x01, 0x16, 0x15, 0x16, 0x15, 0x14, 0x06, 0x26,
  0x27, 0x2e, 0x01, 0x23, 0x22, 0x03, 0x21, 0x32, 0x07, 0x15, 0x14, 0x27,
  0x21, 0x15, 0x14, 0x17, 0x21, 0x32, 0x1d, 0x01, 0x14, 0x23, 0x21, 0x1e,
  0x01, 0x33, 0x32, 0x37, 0x36, 0x37, 0x36, 0x17, 0x32, 0x07, 0x06, 0x07,
  0x26, 0x23, 0x22, 0x06, 0x23, 0x22, 0x02, 0x27, 0x23, 0x22, 0x08, 0x17,
  0x79, 0x02, 0x6f, 0x19, 0x17, 0x7b, 0x23, 0xe7, 0x98, 0x5a, 0x60, 0x23,
  0x10, 0x0c, 0x21, 0x17, 0x08, 0x23, 0x23, 0x02, 0x1b, 0x7c, 0x54, 0xdd,
  0x1f, 0x01, 0x75, 0x17, 0x01, 0x18, 0xfe, 0x89, 0x02, 0x01, 0x6a, 0x17,
  0x19, 0xfe, 0x9e, 0x14, 0x88, 0x6a, 0x66, 0x4c, 0x14, 0x28, 0x02, 0x2d,
  0x21, 0x02, 0x1d, 0x2d, 0x10, 0x13, 0x27, 0x7f, 0x3d, 0x9a, 0xf0, 0x1c,
  0x7f, 0x19, 0x01, 0xfa, 0x2f, 0x14, 0x32, 0x44, 0x1e, 0x18, 0x32, 0x14,
  0xee, 0x01, 0x02, 0x3a, 0x14, 0x10, 0x0c, 0x07, 0x0b, 0x0a, 0x9c, 0x8d,
  0x0c, 0x0e, 0x02, 0x08, 0x91, 0x9e, 0xfe, 0x5a, 0x14, 0x32, 0x19, 0x01,
  0x37, 0x3f, 0x1e, 0x14, 0x2f, 0x19, 0xd9, 0xe1, 0x7b, 0x25, 0x78, 0x10,
  0x01, 0x11, 0xae, 0x8d, 0x04, 0x2b, 0x01, 0x15, 0xf1, 0x00, 0x00, 0x00,
  0x00, 0x02, 0x00, 0x22, 0x02, 0x35, 0x08, 0x19, 0x05, 0x9c, 0x00, 0x41,
  0x00, 0xa7, 0x01, 0x25, 0x00, 0xb2, 0x3d, 0x02, 0x00, 0x2b, 0xb0, 0x17,
  0x33, 0xb1, 0x06, 0x08, 0xe9, 0xb2, 0x08, 0x55, 0x5f, 0x32, 0x32, 0x32,
  0xb2, 0x4c, 0x02, 0x00, 0x2b, 0xb0, 0x67, 0x33, 0xb2, 0x3d, 0x06, 0x0a,
  0x2b, 0xb3, 0x40, 0x3d, 0x40, 0x09, 0x2b, 0xb0, 0x13, 0x32, 0xb0, 0x2c,
  0x2f, 0xb2, 0x79, 0x8e, 0xa1, 0x33, 0x33, 0x33, 0xb1, 0x32, 0x07, 0xe9,
  0xb4, 0x20, 0x45, 0x72, 0x83, 0x96, 0x24, 0x17, 0x32, 0x01, 0xb0, 0xa8,
  0x2f, 0xb0, 0x01, 0xd6, 0xb4, 0x40, 0x0c, 0x00, 0x1e, 0x04, 0x2b, 0xb0,
  0x40, 0x10, 0xb1, 0x37, 0x01, 0x2b, 0xb1, 0x1d, 0x0b, 0xe9, 0xb2, 0x37,
  0x1d, 0x0a, 0x2b, 0xb3, 0x40, 0x37, 0x2f, 0x09, 0x2b, 0xb0, 0x1d, 0x10,
  0xb1, 0x14, 0x01, 0x2b, 0xb4, 0x0f, 0x0c, 0x00, 0x1e, 0x04, 0x2b, 0xb0,
  0x0f, 0x10, 0xb1, 0x48, 0x01, 0x2b, 0xb4, 0x93, 0x0c, 0x00, 0x40, 0x04,
  0x2b, 0xb2, 0x93, 0x48, 0x0a, 0x2b, 0xb3, 0x40, 0x93, 0x9b, 0x09, 0x2b,
  0xb1, 0x59, 0x9e, 0x32, 0x32, 0xb2, 0x48, 0x93, 0x0a, 0x2b, 0xb3, 0x40,
  0x48, 0x43, 0x09, 0x2b, 0xb0, 0x4f, 0x32, 0xb0, 0x93, 0x10, 0xb1, 0x88,
  0x01, 0x2b, 0xb1, 0x6d, 0x0b, 0xe9, 0xb2, 0x6d, 0x88, 0x0a, 0x2b, 0xb3,
  0x40, 0x6d, 0x64, 0x09, 0x2b, 0xb0, 0x76, 0x32, 0xb2, 0x88, 0x6d, 0x0a,
  0x2b, 0xb3, 0x40, 0x88, 0x80, 0x09, 0x2b, 0xb1, 0xa9, 0x01, 0x2b, 0xb1,
  0x37, 0x40, 0x11, 0x12, 0xb1, 0x06, 0x2c, 0x39, 0x39, 0xb0, 0x1d, 0x11,
  0xb1, 0x07, 0x2b, 0x39, 0x39, 0xb0, 0x14, 0x12, 0xb2, 0x08, 0x25, 0x2a,
  0x39, 0x39, 0x39, 0xb0, 0x0f, 0x11, 0xb0, 0x09, 0x39, 0xb0, 0x48, 0x12,
  0xb1, 0x55, 0xa5, 0x39, 0x39, 0xb1, 0x88, 0x93, 0x11, 0x12, 0xb3, 0x56,
  0x5b, 0x7c, 0xa1, 0x24, 0x17, 0x39, 0x00, 0xb1, 0x32, 0x2c, 0x11, 0x12,
  0xb1, 0x23, 0x9e, 0x39, 0x39, 0xb0, 0x3d, 0x11, 0xb6, 0x0c, 0x5a, 0x5d,
  0x6f, 0x8b, 0x90, 0x91, 0x24, 0x17, 0x39, 0xb1, 0x06, 0x4c, 0x11, 0x12,
  0xb2, 0x07, 0x0b, 0x59, 0x39, 0x39, 0x39, 0x30, 0x31, 0x12, 0x26, 0x3f,
  0x01, 0x3e, 0x01, 0x33, 0x04, 0x25, 0x36, 0x16, 0x1f, 0x01, 0x14, 0x16,
  0x15, 0x14, 0x07, 0x06, 0x2b, 0x01, 0x2e, 0x01, 0x2b, 0x01, 0x22, 0x07,
  0x06, 0x15, 0x11, 0x14, 0x16, 0x17, 0x33, 0x32, 0x15, 0x16, 0x1d, 0x01,
  0x06, 0x15, 0x06, 0x27, 0x26, 0x07, 0x22, 0x26, 0x3d, 0x01, 0x36, 0x37,
  0x32, 0x37, 0x3e, 0x01, 0x35, 0x11, 0x34, 0x27, 0x26, 0x2b, 0x01, 0x22,
  0x06, 0x07, 0x23, 0x01, 0x35, 0x34, 0x33, 0x3e, 0x01, 0x35, 0x11, 0x34,
  0x26, 0x27, 0x22, 0x2f, 0x01, 0x34, 0x3d, 0x01, 0x34, 0x36, 0x33, 0x16,
  0x37, 0x32, 0x17, 0x13, 0x16, 0x17, 0x16, 0x37, 0x01, 0x21, 0x32, 0x17,
  0x16, 0x17, 0x14, 0x06, 0x23, 0x06, 0x23, 0x0e, 0x01, 0x15, 0x11, 0x14,
  0x16, 0x17, 0x16, 0x33, 0x32, 0x17, 0x16, 0x15, 0x14, 0x06, 0x23, 0x22,
  0x26, 0x22, 0x07, 0x06, 0x26, 0x3d, 0x01, 0x34, 0x3b, 0x02, 0x3e, 0x01,
  0x35, 0x11, 0x26, 0x27, 0x06, 0x07, 0x01, 0x23, 0x01, 0x26, 0x07, 0x11,
  0x14, 0x16, 0x3b, 0x01, 0x32, 0x17, 0x16, 0x15, 0x14, 0x06, 0x15, 0x14,
  0x07, 0x23, 0x26, 0x23, 0x26, 0x07, 0x06, 0x22, 0x25, 0x06, 0x04, 0x12,
  0x02, 0x11, 0x18, 0x01, 0x44, 0x01, 0x6c, 0x1f, 0x15, 0x02, 0x10, 0x02,
  0x02, 0x02, 0x17, 0x1e, 0x0c, 0x50, 0x63, 0x21, 0x10, 0x04, 0x0c, 0x1c,
  0x3a, 0x0c, 0x06, 0x06, 0x04, 0x04, 0x1f, 0x8f, 0xbc, 0x1f, 0x0c, 0x02,
  0x08, 0x08, 0x06, 0x37, 0x19, 0x0c, 0x04, 0x11, 0x23, 0x5c, 0x50, 0x0e,
  0x23, 0x03, 0x52, 0x1d, 0x3b, 0x1d, 0x1b, 0x3b, 0x17, 0x06, 0x02, 0x0a,
  0x11, 0xc9, 0x43, 0x17, 0x08, 0xfa, 0x0a, 0x06, 0x06, 0x04, 0x01, 0x02,
  0x01, 0x0b, 0x17, 0x07, 0x0a, 0x01, 0x09, 0x06, 0x04, 0x0e, 0x35, 0x1d,
  0x1b, 0x39, 0x08, 0x0a, 0x06, 0x02, 0x05, 0x0d, 0x14, 0x1b, 0x9e, 0x83,
  0x26, 0x21, 0x11, 0x09, 0x08, 0x16, 0x37, 0x1f, 0x02, 0x04, 0x04, 0x02,
  0xfe, 0xdf, 0x31, 0xfe, 0xe3, 0x0c, 0x02, 0x1f, 0x37, 0x1f, 0x0c, 0x02,
  0x04, 0x02, 0x08, 0x0e, 0x0c, 0x0b, 0xba, 0x46, 0x0a, 0x1d, 0x04, 0xb2,
  0x0f, 0x20, 0x98, 0x17, 0x0c, 0x08, 0x08, 0x02, 0x0f, 0x1e, 0x98, 0x04,
  0x0e, 0x02, 0x0a, 0x03, 0x06, 0x56, 0x3e, 0x04, 0x04, 0x21, 0xfd, 0xd7,
  0x4c, 0x2d, 0x04, 0x02, 0x02, 0x1f, 0x0e, 0x08, 0x01, 0x06, 0x02, 0x06,
  0x06, 0x09, 0x16, 0x10, 0x0a, 0x03, 0x02, 0x08, 0x27, 0x4c, 0x02, 0x2d,
  0x21, 0x04, 0x02, 0x3e, 0x56, 0xfd, 0x92, 0x16, 0x1b, 0x02, 0x2d, 0x4e,
  0x01, 0xe7, 0x56, 0x2b, 0x02, 0x08, 0x04, 0x04, 0x03, 0x12, 0x12, 0x09,
  0x06, 0x04, 0x13, 0xfd, 0xf4, 0x12, 0x03, 0x04, 0x0b, 0x02, 0x2f, 0x04,
  0x06, 0x15, 0x17, 0x08, 0x02, 0x02, 0x2f, 0x50, 0xfe, 0x19, 0x4e, 0x2b,
  0x04, 0x02, 0x02, 0x04, 0x1b, 0x10, 0x0b, 0x02, 0x02, 0x02, 0x0b, 0x16,
  0x15, 0x0a, 0x04, 0x2f, 0x48, 0x01, 0xb4, 0x0e, 0x02, 0x04, 0x06, 0xfd,
  0x8d, 0x02, 0x69, 0x06, 0x1d, 0xfe, 0x69, 0x54, 0x2b, 0x02, 0x04, 0x05,
  0x02, 0x0c, 0x04, 0x21, 0x02, 0x04, 0x04, 0x04, 0x02, 0x00, 0x00, 0x00,
  0x00, 0x01, 0x00, 0x00, 0x00, 0x00, 0x03, 0x52, 0x03, 0x52, 0x00, 0x03,
  0x00, 0x2e, 0x00, 0xb0, 0x00, 0x2f, 0xb4, 0x01, 0x0a, 0x00, 0x07, 0x04,
  0x2b, 0xb4, 0x01, 0x0a, 0x00, 0x07, 0x04, 0x2b, 0x01, 0xb0, 0x04, 0x2f,
  0xb0, 0x00, 0xd6, 0xb4, 0x03, 0x0f, 0x00, 0x07, 0x04, 0x2b, 0xb4, 0x03,
  0x0f, 0x00, 0x07, 0x04, 0x2b, 0xb1, 0x05, 0x01, 0x2b, 0x00, 0x30, 0x31,
  0x31, 0x11, 0x21, 0x11, 0x03, 0x52, 0x03, 0x52, 0xfc, 0xae, 0x00, 0x00,
  0x00, 0x01, 0x00, 0x52, 0xff, 0xf8, 0x04, 0x1c, 0x05, 0xb8, 0x00, 0x5d,
  0x00, 0x88, 0x00, 0xb2, 0x5c, 0x00, 0x00, 0x2b, 0xb0, 0x38, 0x33, 0xb1,
  0x02, 0x07, 0xe9, 0xb2, 0x34, 0x42, 0x55, 0x32, 0x32, 0x32, 0xb0, 0x4d,
  0x2f, 0xb1, 0x28, 0x08, 0xe9, 0xb0, 0x22, 0x2f, 0xb1, 0x17, 0x04, 0xe9,
  0xb2, 0x22, 0x17, 0x0a, 0x2b, 0xb3, 0x00, 0x22, 0x1d, 0x09, 0x2b, 0x01,
  0xb0, 0x5e, 0x2f, 0xb0, 0x06, 0xd6, 0xb0, 0x12, 0x32, 0xb1, 0x51, 0x0d,
  0xe9, 0xb0, 0x24, 0x32, 0xb0, 0x51, 0x10, 0xb1, 0x47, 0x01, 0x2b, 0xb1,
  0x31, 0x0d, 0xe9, 0xb1, 0x5f, 0x01, 0x2b, 0xb1, 0x51, 0x06, 0x11, 0x12,
  0xb0, 0x5a, 0x39, 0xb0, 0x47, 0x11, 0xb5, 0x20, 0x17, 0x3d, 0x41, 0x56,
  0x58, 0x24, 0x17, 0x39, 0xb0, 0x31, 0x12, 0xb3, 0x1f, 0x2c, 0x2d, 0x1d,
  0x24, 0x17, 0x39, 0x00, 0xb1, 0x4d, 0x02, 0x11, 0x12, 0xb0, 0x0a, 0x39,
  0xb0, 0x28, 0x11, 0xb0, 0x0f, 0x39, 0xb0, 0x22, 0x12, 0xb2, 0x12, 0x2d,
  0x2e, 0x39, 0x39, 0x39, 0x30, 0x31, 0x37, 0x26, 0x3f, 0x01, 0x3e, 0x01,
  0x35, 0x11, 0x34, 0x2f, 0x01, 0x2e, 0x01, 0x37, 0x3e, 0x01, 0x37, 0x36,
  0x35, 0x34, 0x37, 0x3e, 0x01, 0x33, 0x32, 0x16, 0x15, 0x14, 0x06, 0x23,
  0x22, 0x27, 0x2e, 0x01, 0x23, 0x22, 0x11, 0x14, 0x1e, 0x01, 0x33, 0x16,
  0x37, 0x36, 0x37, 0x36, 0x17, 0x06, 0x15, 0x11, 0x14, 0x16, 0x1f, 0x01,
  0x16, 0x06, 0x07, 0x26, 0x2b, 0x01, 0x22, 0x06, 0x2e, 0x01, 0x27, 0x26,
  0x37, 0x36, 0x33, 0x3e, 0x01, 0x35, 0x11, 0x34, 0x26, 0x27, 0x26, 0x07,
  0x0e, 0x01, 0x15, 0x11, 0x14, 0x16, 0x1f, 0x01, 0x16, 0x06, 0x07, 0x26,
  0x23, 0x22, 0x07, 0x22, 0x52, 0x0c, 0x18, 0x2f, 0x35, 0x15, 0x29, 0x46,
  0x0c, 0x06, 0x0c, 0x06, 0x40, 0x12, 0x1d, 0x40, 0x2b, 0xc8, 0x9a, 0x68,
  0x98, 0x3a, 0x1c, 0x25, 0x12, 0x29, 0x67, 0x2d, 0xe5, 0x02, 0x18, 0x1b,
  0x75, 0x5e, 0x9a, 0x56, 0x27, 0x0a, 0x08, 0x16, 0x35, 0x2b, 0x10, 0x01,
  0x11, 0x3d, 0x85, 0xac, 0x02, 0x11, 0x04, 0x08, 0x02, 0x0c, 0x35, 0x06,
  0x04, 0x35, 0x17, 0x21, 0x43, 0x7b, 0x7b, 0x19, 0x12, 0x16, 0x33, 0x42,
  0x12, 0x06, 0x10, 0x7f, 0x5a, 0x5c, 0x56, 0x19, 0x08, 0x1f, 0x0c, 0x06,
  0x08, 0x36, 0x70, 0x01, 0xaa, 0x35, 0x03, 0x06, 0x06, 0x21, 0x08, 0x06,
  0x15, 0x0a, 0x0e, 0x1b, 0xc3, 0x95, 0x66, 0xae, 0x60, 0x41, 0x2b, 0x2b,
  0x1e, 0x46, 0x41, 0xfe, 0x17, 0x21, 0x16, 0x1d, 0x04, 0x04, 0x04, 0x12,
  0x0c, 0x10, 0x93, 0x6d, 0xfe, 0xac, 0x71, 0x34, 0x09, 0x06, 0x02, 0x31,
  0x08, 0x04, 0x02, 0x02, 0x06, 0x08, 0x29, 0x04, 0x02, 0x08, 0x36, 0x70,
  0x01, 0x63, 0x5a, 0x29, 0x02, 0x04, 0x04, 0x02, 0x17, 0x25, 0xfe, 0x56,
  0x71, 0x39, 0x04, 0x06, 0x02, 0x35, 0x04, 0x06, 0x06, 0x00, 0x00, 0x00,
  0x00, 0x02, 0x00, 0x31, 0xff, 0xfa, 0x04, 0x38, 0x05, 0xdf, 0x00, 0x54,
  0x00, 0x66, 0x00, 0x9a, 0x00, 0xb2, 0x5a, 0x01, 0x00, 0x2b, 0xb1, 0x42,
  0x0a, 0xe9, 0xb1, 0x0c, 0x40, 0x32, 0x32, 0xb0, 0x42, 0x10, 0xb1, 0x13,
  0x03, 0xe9, 0xb2, 0x16, 0x01, 0x00, 0x2b, 0xb2, 0x53, 0x00, 0x00, 0x2b,
  0xb1, 0x2c, 0x2f, 0x33, 0x33, 0xb1, 0x04, 0x03, 0xe9, 0xb2, 0x25, 0x35,
  0x48, 0x32, 0x32, 0x32, 0xb2, 0x63, 0x02, 0x00, 0x2b, 0xb1, 0x1a, 0x09,
  0xe9, 0x01, 0xb0, 0x67, 0x2f, 0xb0, 0x09, 0xd6, 0xb0, 0x16, 0x32, 0xb1,
  0x45, 0x0d, 0xe9, 0xb0, 0x55, 0x32, 0xb0, 0x45, 0x10, 0xb1, 0x3d, 0x01,
  0x2b, 0xb0, 0x60, 0x32, 0xb1, 0x22, 0x0d, 0xe9, 0xb1, 0x68, 0x01, 0x2b,
  0xb1, 0x45, 0x09, 0x11, 0x12, 0xb1, 0x17, 0x51, 0x39, 0x39, 0xb0, 0x3d,
  0x11, 0xb3, 0x2f, 0x33, 0x4c, 0x4d, 0x24, 0x17, 0x39, 0xb0, 0x22, 0x12,
  0xb1, 0x1d, 0x2e, 0x39, 0x39, 0x00, 0xb1, 0x42, 0x04, 0x11, 0x12, 0xb0,
  0x4a, 0x39, 0xb1, 0x5a, 0x53, 0x11, 0x12, 0xb1, 0x2e, 0x41, 0x39, 0x39,
  0xb0, 0x63, 0x11, 0xb0, 0x17, 0x39, 0xb0, 0x1a, 0x12, 0xb0, 0x1d, 0x39,
  0x30, 0x31, 0x37, 0x26, 0x37, 0x36, 0x33, 0x36, 0x37, 0x3e, 0x01, 0x35,
  0x11, 0x34, 0x27, 0x23, 0x22, 0x27, 0x26, 0x37, 0x36, 0x3f, 0x01, 0x36,
  0x35, 0x12, 0x37, 0x36, 0x17, 0x32, 0x16, 0x33, 0x32, 0x37, 0x36, 0x17,
  0x11, 0x14, 0x16, 0x33, 0x36, 0x17, 0x1e, 0x01, 0x07, 0x06, 0x2b, 0x01,
  0x26, 0x07, 0x23, 0x22, 0x27, 0x26, 0x36, 0x37, 0x33, 0x32, 0x3e, 0x04,
  0x35, 0x11, 0x34, 0x07, 0x24, 0x07, 0x22, 0x07, 0x11, 0x14, 0x16, 0x33,
  0x36, 0x17, 0x1e, 0x01, 0x07, 0x2b, 0x01, 0x22, 0x26, 0x22, 0x07, 0x06,
  0x01, 0x14, 0x1e, 0x02, 0x33, 0x16, 0x32, 0x36, 0x33, 0x32, 0x37, 0x11,
  0x26, 0x23, 0x22, 0x07, 0x06, 0x31, 0x0a, 0x0a, 0x04, 0x19, 0x48, 0x12,
  0x0e, 0x06, 0x20, 0x5f, 0x06, 0x04, 0x04, 0x04, 0x04, 0x0d, 0x6a, 0x0e,
  0x12, 0x8e, 0x89, 0xa8, 0x17, 0x56, 0x14, 0x37, 0x28, 0x37, 0x06, 0x1f,
  0x49, 0x0a, 0x11, 0x08, 0x06, 0x04, 0x02, 0x0c, 0x08, 0xc9, 0xdb, 0x08,
  0x0e, 0x05, 0x06, 0x08, 0x0d, 0x10, 0x27, 0x21, 0x27, 0x0a, 0x0c, 0x02,
  0x27, 0xfe, 0xe9, 0x51, 0x12, 0x05, 0x31, 0x4c, 0x0c, 0x09, 0x0e, 0x04,
  0x0e, 0x06, 0x06, 0x1b, 0xb0, 0x9e, 0x35, 0x14, 0x01, 0x28, 0x08, 0x07,
  0x14, 0x02, 0x39, 0x84, 0x85, 0x16, 0x23, 0x06, 0x73, 0x5c, 0x4c, 0x39,
  0x52, 0x04, 0x14, 0x17, 0x0a, 0x06, 0x19, 0x12, 0x3c, 0x6a, 0x01, 0xae,
  0x21, 0x04, 0x11, 0x12, 0x0a, 0x10, 0x01, 0x2d, 0x0a, 0x0e, 0x01, 0x1f,
  0x9a, 0x9a, 0x01, 0x0a, 0x31, 0x14, 0x16, 0xfa, 0xd7, 0x52, 0x29, 0x04,
  0x04, 0x02, 0x23, 0x0e, 0x0c, 0x08, 0x08, 0x0c, 0x0e, 0x23, 0x02, 0x02,
  0x0f, 0x14, 0x3a, 0x3d, 0x3b, 0x01, 0xb5, 0x23, 0x01, 0x06, 0x08, 0x16,
  0xfd, 0xe5, 0x4c, 0x2f, 0x04, 0x04, 0x02, 0x3b, 0x02, 0x04, 0x04, 0x04,
  0x03, 0x77, 0x08, 0x09, 0x02, 0x02, 0x02, 0x02, 0x2d, 0x01, 0x81, 0x4e,
  0x4e, 0x73, 0x00, 0x00, 0x00, 0x02, 0x00, 0x28, 0xff, 0xf6, 0x06, 0xe2,
  0x05, 0xc4, 0x00, 0x84, 0x00, 0x98, 0x01, 0x25, 0x00, 0xb2, 0x81, 0x00,
  0x00, 0x2b, 0xb3, 0x46, 0x48, 0x63, 0x83, 0x24, 0x17, 0x33, 0xb1, 0x7d,
  0x06, 0xe9, 0xb5, 0x02, 0x41, 0x43, 0x4e, 0x5d, 0x69, 0x24, 0x17, 0x32,
  0xb2, 0x94, 0x02, 0x00, 0x2b, 0xb1, 0x1f, 0x0a, 0xe9, 0xb2, 0x2f, 0x02,
  0x00, 0x2b, 0xb1, 0x25, 0x0a, 0xe9, 0xb2, 0x2f, 0x25, 0x0a, 0x2b, 0xb3,
  0x00, 0x2f, 0x2a, 0x09, 0x2b, 0xb2, 0x20, 0x02, 0x00, 0x2b, 0xb4, 0x38,
  0x54, 0x81, 0x2f, 0x0d, 0x2b, 0xb1, 0x56, 0x72, 0x33, 0x33, 0xb1, 0x38,
  0x0a, 0xe9, 0xb1, 0x87, 0x89, 0x32, 0x32, 0xb0, 0x0b, 0x20, 0xd6, 0x11,
  0xb1, 0x14, 0x06, 0xe9, 0x01, 0xb0, 0x99, 0x2f, 0xb0, 0x06, 0xd6, 0xb0,
  0x18, 0x32, 0xb1, 0x78, 0x0d, 0xe9, 0xb0, 0x97, 0x32, 0xb2, 0x06, 0x78,
  0x0a, 0x2b, 0xb3, 0x40, 0x06, 0x0f, 0x09, 0x2b, 0xb0, 0x78, 0x10, 0xb1,
  0x6f, 0x01, 0x2b, 0xb0, 0x8e, 0x32, 0xb1, 0x5a, 0x0d, 0xe9, 0xb0, 0x34,
  0x32, 0xb2, 0x5a, 0x6f, 0x0a, 0x2b, 0xb3, 0x40, 0x5a, 0x61, 0x09, 0x2b,
  0xb2, 0x6f, 0x5a, 0x0a, 0x2b, 0xb3, 0x40, 0x6f, 0x67, 0x09, 0x2b, 0xb0,
  0x5a, 0x10, 0xb1, 0x51, 0x01, 0x2b, 0xb1, 0x3e, 0x0d, 0xe9, 0xb0, 0x27,
  0x32, 0xb2, 0x51, 0x3e, 0x0a, 0x2b, 0xb3, 0x40, 0x51, 0x4a, 0x09, 0x2b,
  0xb1, 0x9a, 0x01, 0x2b, 0xb1, 0x78, 0x06, 0x11, 0x12, 0xb2, 0x16, 0x82,
  0x85, 0x39, 0x39, 0x39, 0xb0, 0x6f, 0x11, 0xb2, 0x65, 0x7f, 0x81, 0x39,
  0x39, 0x39, 0xb0, 0x5a, 0x12, 0xb3, 0x20, 0x64, 0x8b, 0x91, 0x24, 0x17,
  0x39, 0xb0, 0x51, 0x11, 0xb4, 0x21, 0x23, 0x2d, 0x48, 0x63, 0x24, 0x17,
  0x39, 0xb0, 0x3e, 0x12, 0xb1, 0x2c, 0x3a, 0x39, 0x39, 0x00, 0xb1, 0x0b,
  0x7d, 0x11, 0x12, 0xb1, 0x3e, 0x42, 0x39, 0x39, 0xb0, 0x14, 0x11, 0xb2,
  0x55, 0x73, 0x74, 0x39, 0x39, 0x39, 0xb1, 0x38, 0x54, 0x11, 0x12, 0xb3,
  0x0e, 0x16, 0x3d, 0x88, 0x24, 0x17, 0x39, 0xb0, 0x94, 0x11, 0xb2, 0x36,
  0x3b, 0x91, 0x39, 0x39, 0x39, 0xb0, 0x1f, 0x12, 0xb0, 0x23, 0x39, 0x30,
  0x31, 0x3e, 0x01, 0x37, 0x33, 0x32, 0x36, 0x35, 0x11, 0x34, 0x26, 0x2b,
  0x01, 0x22, 0x27, 0x26, 0x34, 0x37, 0x36, 0x37, 0x36, 0x33, 0x36, 0x37,
  0x36, 0x37, 0x36, 0x37, 0x36, 0x37, 0x3e, 0x01, 0x16, 0x17, 0x16, 0x37,
  0x3e, 0x01, 0x16, 0x17, 0x16, 0x14, 0x06, 0x23, 0x22, 0x27, 0x2e, 0x01,
  0x23, 0x22, 0x06, 0x07, 0x06, 0x07, 0x14, 0x17, 0x16, 0x25, 0x36, 0x37,
  0x36, 0x16, 0x15, 0x11, 0x14, 0x16, 0x33, 0x36, 0x17, 0x16, 0x06, 0x07,
  0x26, 0x07, 0x22, 0x27, 0x34, 0x3e, 0x01, 0x17, 0x32, 0x36, 0x35, 0x11,
  0x34, 0x27, 0x26, 0x07, 0x0e, 0x01, 0x07, 0x03, 0x14, 0x16, 0x3b, 0x01,
  0x32, 0x16, 0x15, 0x14, 0x23, 0x26, 0x07, 0x22, 0x35, 0x34, 0x37, 0x33,
  0x32, 0x3e, 0x02, 0x35, 0x11, 0x26, 0x27, 0x26, 0x20, 0x07, 0x06, 0x07,
  0x11, 0x1e, 0x01, 0x33, 0x32, 0x17, 0x1e, 0x01, 0x06, 0x23, 0x24, 0x07,
  0x22, 0x01, 0x14, 0x17, 0x16, 0x37, 0x3e, 0x02, 0x34, 0x35, 0x36, 0x37,
  0x36, 0x27, 0x26, 0x07, 0x22, 0x06, 0x07, 0x06, 0x23, 0x0a, 0x12, 0x17,
  0x50, 0x33, 0x1b, 0x08, 0x58, 0x25, 0x04, 0x04, 0x04, 0x06, 0x0f, 0x02,
  0x02, 0x5e, 0x2f, 0x06, 0x06, 0x0c, 0x0b, 0x1f, 0x7b, 0x48, 0xc6, 0xe3,
  0x4c, 0x29, 0x2b, 0x4c, 0xb2, 0xc0, 0x46, 0x1f, 0x50, 0x17, 0x14, 0x1d,
  0x31, 0x52, 0x3d, 0x54, 0x94, 0x14, 0x0e, 0x01, 0x19, 0x5a, 0x01, 0x1f,
  0x52, 0x60, 0x10, 0x15, 0x29, 0x3f, 0x10, 0x0d, 0x0c, 0x02, 0x0a, 0xc1,
  0xf5, 0x0e, 0x01, 0x05, 0x0e, 0x0e, 0x58, 0x25, 0x7d, 0xc7, 0x58, 0x0e,
  0x18, 0x02, 0x03, 0x25, 0x5a, 0x29, 0x17, 0x0a, 0x0c, 0xf6, 0xf6, 0x10,
  0x10, 0x11, 0x2f, 0x25, 0x1e, 0x05, 0x0c, 0x15, 0x48, 0xfe, 0xfa, 0x2d,
  0x1d, 0x04, 0x02, 0x31, 0x4a, 0x33, 0x0a, 0x0c, 0x07, 0x0a, 0x09, 0xfe,
  0xd3, 0xd9, 0x0a, 0x01, 0x56, 0x1b, 0xe5, 0xa0, 0x10, 0x0f, 0x02, 0x06,
  0x31, 0x0a, 0x2b, 0x52, 0x7b, 0x54, 0x95, 0x13, 0x0e, 0x14, 0x23, 0x04,
  0x32, 0x4f, 0x01, 0xf0, 0x0c, 0x19, 0x0e, 0x0a, 0x1f, 0x06, 0x04, 0x07,
  0x02, 0x12, 0x1f, 0x52, 0x3b, 0x50, 0x1d, 0x58, 0x6e, 0x42, 0x56, 0x02,
  0x40, 0x2d, 0x1d, 0x37, 0x40, 0x0b, 0x39, 0x1b, 0x2d, 0x4b, 0x1c, 0x2b,
  0x1f, 0x7d, 0x56, 0x46, 0xb2, 0x31, 0x02, 0x0c, 0x0c, 0x02, 0x21, 0x06,
  0x25, 0x12, 0xfd, 0x68, 0x4e, 0x27, 0x04, 0x04, 0x02, 0x41, 0x04, 0x06,
  0x06, 0x21, 0x10, 0x0e, 0x0b, 0x03, 0x3c, 0x93, 0x01, 0x3c, 0x9a, 0x01,
  0x06, 0x04, 0x02, 0x1a, 0x0a, 0xfe, 0x4d, 0x83, 0x4c, 0x10, 0x16, 0x21,
  0x04, 0x06, 0x1e, 0x21, 0x06, 0x04, 0x2e, 0x4b, 0x52, 0x01, 0x9c, 0x33,
  0x02, 0x04, 0x06, 0x04, 0x29, 0xfe, 0x04, 0x44, 0x2a, 0x03, 0x04, 0x27,
  0x1e, 0x0a, 0x0a, 0x03, 0x85, 0x29, 0x02, 0x0a, 0x0a, 0x02, 0x18, 0x1b,
  0x2d, 0x06, 0x9a, 0x58, 0x17, 0x2b, 0x4a, 0x01, 0x7b, 0x56, 0x3b, 0x00,
  0x00, 0x03, 0x00, 0x30, 0xff, 0xf6, 0x06, 0xae, 0x05, 0xd7, 0x00, 0x7c,
  0x00, 0x90, 0x00, 0x9d, 0x00, 0xe5, 0x00, 0xb2, 0x54, 0x00, 0x00, 0x2b,
  0xb2, 0x37, 0x7a, 0x7c, 0x33, 0x33, 0x33, 0xb1, 0x4f, 0x03, 0xe9, 0xb4,
  0x03, 0x2e, 0x41, 0x5b, 0x74, 0x24, 0x17, 0x32, 0xb2, 0x9a, 0x02, 0x00,
  0x2b, 0xb1, 0x23, 0x09, 0xe9, 0xb2, 0x8c, 0x02, 0x00, 0x2b, 0xb1, 0x1e,
  0x0a, 0xe9, 0xb0, 0x26, 0x32, 0xb2, 0x20, 0x02, 0x00, 0x2b, 0xb4, 0x7f,
  0x6a, 0x7a, 0x1e, 0x0d, 0x2b, 0xb2, 0x47, 0x49, 0x66, 0x33, 0x33, 0x33,
  0xb1, 0x7f, 0x0a, 0xe9, 0xb1, 0x81, 0x94, 0x32, 0x32, 0xb0, 0x0d, 0x20,
  0xd6, 0x11, 0xb1, 0x13, 0x06, 0xe9, 0x01, 0xb0, 0x9e, 0x2f, 0xb0, 0x09,
  0xd6, 0xb1, 0x6e, 0x0d, 0xe9, 0xb0, 0x7d, 0x32, 0xb0, 0x6e, 0x10, 0xb1,
  0x62, 0x01, 0x2b, 0xb1, 0x4c, 0x0d, 0xe9, 0xb0, 0x91, 0x32, 0xb0, 0x4c,
  0x10, 0xb1, 0x44, 0x01, 0x2b, 0xb0, 0x97, 0x32, 0xb1, 0x2b, 0x0d, 0xe9,
  0xb1, 0x9f, 0x01, 0x2b, 0xb1, 0x6e, 0x09, 0x11, 0x12, 0xb2, 0x15, 0x16,
  0x7b, 0x39, 0x39, 0x39, 0xb0, 0x62, 0x11, 0xb5, 0x1d, 0x56, 0x58, 0x78,
  0x7a, 0x83, 0x24, 0x17, 0x39, 0xb0, 0x4c, 0x12, 0xb2, 0x1e, 0x1f, 0x87,
  0x39, 0x39, 0x39, 0xb0, 0x44, 0x11, 0xb4, 0x20, 0x23, 0x3c, 0x53, 0x55,
  0x24, 0x17, 0x39, 0xb0, 0x2b, 0x12, 0xb0, 0x26, 0x39, 0x00, 0xb1, 0x0d,
  0x4f, 0x11, 0x12, 0xb3, 0x2b, 0x4b, 0x5c, 0x5e, 0x24, 0x17, 0x39, 0xb0,
  0x13, 0x11, 0xb2, 0x48, 0x65, 0x68, 0x39, 0x39, 0x39, 0xb1, 0x7f, 0x6a,
  0x11, 0x12, 0xb1, 0x15, 0x80, 0x39, 0x39, 0xb0, 0x8c, 0x11, 0xb2, 0x87,
  0x93, 0x98, 0x39, 0x39, 0x39, 0x30, 0x31, 0x16, 0x26, 0x36, 0x37, 0x36,
  0x16, 0x33, 0x3e, 0x01, 0x35, 0x11, 0x34, 0x2b, 0x01, 0x22, 0x27, 0x26,
  0x37, 0x36, 0x37, 0x36, 0x37, 0x36, 0x37, 0x36, 0x37, 0x36, 0x37, 0x3e,
  0x01, 0x32, 0x17, 0x16, 0x37, 0x36, 0x33, 0x32, 0x16, 0x33, 0x32, 0x37,
  0x36, 0x17, 0x11, 0x14, 0x16, 0x17, 0x32, 0x36, 0x1e, 0x01, 0x17, 0x16,
  0x07, 0x06, 0x27, 0x22, 0x23, 0x21, 0x22, 0x26, 0x37, 0x3e, 0x01, 0x16,
  0x33, 0x3e, 0x01, 0x35, 0x13, 0x34, 0x23, 0x24, 0x07, 0x06, 0x07, 0x11,
  0x14, 0x16, 0x33, 0x36, 0x17, 0x1e, 0x01, 0x23, 0x26, 0x05, 0x22, 0x26,
  0x37, 0x3e, 0x01, 0x16, 0x37, 0x36, 0x37, 0x3e, 0x01, 0x35, 0x11, 0x34,
  0x26, 0x27, 0x2a, 0x02, 0x23, 0x22, 0x06, 0x07, 0x11, 0x14, 0x16, 0x17,
  0x1e, 0x01, 0x33, 0x36, 0x17, 0x1e, 0x01, 0x06, 0x23, 0x24, 0x07, 0x01,
  0x14, 0x17, 0x16, 0x37, 0x32, 0x36, 0x37, 0x36, 0x37, 0x36, 0x27, 0x26,
  0x27, 0x26, 0x07, 0x22, 0x06, 0x07, 0x06, 0x05, 0x14, 0x16, 0x17, 0x21,
  0x32, 0x35, 0x11, 0x26, 0x23, 0x22, 0x07, 0x06, 0x35, 0x0a, 0x0a, 0x13,
  0x06, 0x2f, 0x06, 0x3b, 0x23, 0x1a, 0x61, 0x25, 0x06, 0x06, 0x08, 0x02,
  0x15, 0x5c, 0x31, 0x06, 0x07, 0x06, 0x10, 0x1f, 0x7b, 0x4a, 0xc0, 0xdb,
  0x4c, 0x25, 0x12, 0x6f, 0x8f, 0x17, 0x56, 0x14, 0x37, 0x27, 0x3d, 0x01,
  0x1a, 0x3a, 0x02, 0x18, 0x0d, 0x10, 0x02, 0x08, 0x08, 0x04, 0x0e, 0x06,
  0x03, 0xfe, 0x54, 0x0c, 0x08, 0x06, 0x04, 0x23, 0x2f, 0x06, 0x31, 0x17,
  0x02, 0x25, 0xfe, 0xfa, 0x64, 0x0a, 0x0f, 0x31, 0x4c, 0x0a, 0x0c, 0x10,
  0x01, 0x11, 0x81, 0xfe, 0xcb, 0x0a, 0x0a, 0x04, 0x04, 0x12, 0x13, 0x08,
  0x35, 0x13, 0x0e, 0x06, 0x0e, 0x1b, 0x29, 0x7b, 0x99, 0x1d, 0x10, 0x0f,
  0x04, 0x06, 0x0d, 0x0c, 0x29, 0x37, 0x1d, 0x1f, 0x0c, 0x06, 0x0a, 0x08,
  0xfe, 0xf8, 0xff, 0x01, 0x4c, 0x17, 0x6f, 0xed, 0x1d, 0x16, 0x02, 0x0b,
  0x39, 0x10, 0x16, 0x06, 0x15, 0x4e, 0x72, 0x54, 0x96, 0x12, 0x0e, 0x02,
  0x4b, 0x15, 0x1e, 0x01, 0x46, 0x2d, 0x73, 0x5c, 0x4c, 0x39, 0x50, 0x0a,
  0x1c, 0x21, 0x04, 0x04, 0x02, 0x02, 0x34, 0x4d, 0x01, 0xf4, 0x21, 0x0e,
  0x25, 0x0a, 0x02, 0x0b, 0x10, 0x21, 0x52, 0x3b, 0x35, 0x38, 0x58, 0x6e,
  0x42, 0x54, 0x40, 0x23, 0x11, 0x60, 0x0a, 0x31, 0x17, 0x25, 0xfa, 0xe9,
  0x4c, 0x29, 0x02, 0x02, 0x02, 0x08, 0x08, 0x13, 0x14, 0x0e, 0x02, 0x29,
  0x0c, 0x0a, 0x04, 0x02, 0x06, 0x48, 0x87, 0x01, 0xa2, 0x33, 0x0a, 0x0a,
  0x02, 0x2f, 0xfe, 0x00, 0x4c, 0x2f, 0x04, 0x04, 0x02, 0x3d, 0x04, 0x04,
  0x25, 0x0c, 0x0a, 0x08, 0x04, 0x02, 0x04, 0x19, 0x12, 0x3a, 0x6c, 0x01,
  0x8e, 0x27, 0x14, 0x02, 0x0e, 0x19, 0xfe, 0x5a, 0x6d, 0x35, 0x12, 0x14,
  0x0d, 0x06, 0x06, 0x04, 0x21, 0x1c, 0x0a, 0x0a, 0x03, 0x7d, 0x25, 0x02,
  0x04, 0x04, 0x0c, 0x1b, 0xa3, 0x7b, 0x25, 0x19, 0x08, 0x15, 0x4a, 0x01,
  0x7b, 0x56, 0x3b, 0xaa, 0x17, 0x10, 0x02, 0x29, 0x01, 0x85, 0x4e, 0x4e,
  0x6d, 0x00, 0x00, 0x00, 0x00, 0x01, 0x00, 0x00, 0x00, 0x01, 0x00, 0x41,
  0x76, 0xb5, 0x0e, 0xfb, 0x5f, 0x0f, 0x3c, 0xf5, 0x00, 0x1f, 0x08, 0x00,
  0x00, 0x00, 0x00, 0x00, 0xcf, 0x44, 0x22, 0xd0, 0x00, 0x00, 0x00, 0x00,
  0xcf, 0x44, 0x22, 0xd0, 0xff, 0x25, 0xfd, 0xb0, 0x08, 0x89, 0x07, 0x2b,
  0x00, 0x00, 0x00, 0x08, 0x00, 0x02, 0x00, 0x00, 0x00, 0x00, 0x00, 0x00,
  0x00, 0x01, 0x00, 0x00, 0x07, 0x2b, 0xfd, 0x88, 0x00, 0x00, 0x08, 0xb0,
  0xff, 0x25, 0xff, 0x0e, 0x08, 0x89, 0x00, 0x01, 0x00, 0x00, 0x00, 0x00,
  0x00, 0x00, 0x00, 0x00, 0x00, 0x00, 0x00, 0x00, 0x00, 0x00, 0x00, 0xe9,
  0x02, 0xec, 0x00, 0x44, 0x08, 0x00, 0x00, 0x00, 0x02, 0xa9, 0x00, 0x00,
  0x01, 0xf5, 0x00, 0x00, 0x02, 0x2d, 0x00, 0xa8, 0x03, 0x66, 0x00, 0x87,
  0x05, 0x97, 0x00, 0x5e, 0x03, 0xd4, 0x00, 0x4a, 0x05, 0x91, 0x00, 0x5a,
  0x06, 0x1a, 0x00, 0x56, 0x01, 0x7a, 0x00, 0x4e, 0x02, 0x9b, 0x00, 0xa2,
  0x02, 0x87, 0x00, 0x19, 0x04, 0x45, 0x00, 0x9e, 0x05, 0x95, 0x00, 0x91,
  0x02, 0x02, 0x00, 0x8f, 0x03, 0x7a, 0x00, 0x5a, 0x01, 0xa1, 0x00, 0x85,
  0x03, 0xd4, 0x00, 0x4c, 0x03, 0xe9, 0x00, 0x52, 0x03, 0x16, 0x00, 0x6f,
  0x03, 0xe9, 0x00, 0x42, 0x03, 0x7c, 0x00, 0x7b, 0x03, 0xe9, 0x00, 0x36,
  0x03, 0x97, 0x00, 0x6f, 0x04, 0x04, 0x00, 0x62, 0x03, 0xe9, 0x00, 0x56,
  0x03, 0xb6, 0x00, 0x91, 0x04, 0x14, 0x00, 0x62, 0x02, 0x0e, 0x00, 0x9c,
  0x01, 0xd7, 0x00, 0x81, 0x05, 0x95, 0x00, 0x8f, 0x05, 0x95, 0x00, 0x8b,
  0x05, 0x95, 0x00, 0x8d, 0x02, 0xe5, 0x00, 0x56, 0x07, 0xae, 0x00, 0xf6,
  0x05, 0xb0, 0x00, 0x19, 0x05, 0x3f, 0x00, 0x2b, 0x06, 0x18, 0x00, 0x73,
  0x06, 0x2f, 0x00, 0x19, 0x04, 0xf3, 0x00, 0x30, 0x04, 0x58, 0x00, 0x51,
  0x06, 0x1a, 0x00, 0x75, 0x06, 0x4d, 0x00, 0x30, 0x02, 0xe7, 0x00, 0x6a,
  0x02, 0x97, 0xff, 0x48, 0x05, 0xeb, 0x00, 0x28, 0x04, 0xc2, 0x00, 0x2b,
  0x07, 0x89, 0x00, 0x31, 0x06, 0xac, 0x00, 0x45, 0x06, 0x9d, 0x00, 0x6d,
  0x04, 0x9d, 0x00, 0x33, 0x06, 0x93, 0x00, 0x5c, 0x05, 0x91, 0x00, 0x25,
  0x04, 0x1a, 0x00, 0x73, 0x05, 0x72, 0x00, 0x46, 0x06, 0x85, 0x00, 0x2f,
  0x06, 0x16, 0x00, 0x2e, 0x08, 0xb0, 0x00, 0x1d, 0x06, 0x47, 0x00, 0x35,
  0x05, 0xd2, 0x00, 0x1f, 0x05, 0xa3, 0x00, 0x4a, 0x02, 0xb2, 0x00, 0xd5,
  0x03, 0xd4, 0x00, 0x52, 0x02, 0xbe, 0x00, 0x42, 0x03, 0xed, 0x00, 0x2e,
  0x04, 0x2f, 0xff, 0xec, 0x02, 0xc8, 0x00, 0x8f, 0x03, 0x4f, 0x00, 0x33,
  0x03, 0xed, 0x00, 0x10, 0x03, 0x60, 0x00, 0x33, 0x04, 0x1a, 0x00, 0x2f,
  0x03, 0x6c, 0x00, 0x35, 0x02, 0x91, 0x00, 0x23, 0x03, 0xdd, 0x00, 0x37,
  0x04, 0x35, 0x00, 0x22, 0x02, 0x20, 0x00, 0x29, 0x01, 0xf9, 0xff, 0x25,
  0x04, 0x24, 0x00, 0x1f, 0x02, 0x18, 0x00, 0x21, 0x06, 0x7e, 0x00, 0x20,
  0x04, 0x20, 0x00, 0x1f, 0x04, 0x06, 0x00, 0x33, 0x04, 0x06, 0x00, 0x0c,
  0x04, 0x08, 0x00, 0x3f, 0x02, 0xcc, 0x00, 0x29, 0x02, 0x83, 0x00, 0x46,
  0x02, 0x8d, 0x00, 0x28, 0x04, 0x45, 0x00, 0x28, 0x03, 0xfb, 0x00, 0x08,
  0x06, 0x06, 0x00, 0x03, 0x04, 0x2d, 0x00, 0x0e, 0x03, 0xe7, 0x00, 0x11,
  0x03, 0x47, 0x00, 0x1e, 0x04, 0x02, 0x00, 0xd7, 0x04, 0x45, 0x01, 0xe3,
  0x04, 0x02, 0x00, 0xd9, 0x04, 0x89, 0x00, 0x31, 0x01, 0xf5, 0x00, 0x00,
  0x02, 0x2d, 0x00, 0xa2, 0x03, 0x93, 0x00, 0x62, 0x06, 0x5e, 0x00, 0x1f,
  0x05, 0x95, 0x00, 0xcf, 0x04, 0x2f, 0xff, 0xfa, 0x04, 0x45, 0x01, 0xe3,
  0x03, 0xed, 0x00, 0x6d, 0x02, 0xc8, 0x00, 0x35, 0x06, 0x5e, 0x00, 0x56,
  0x02, 0x2d, 0x00, 0x2f, 0x02, 0xf7, 0x00, 0x3f, 0x05, 0x95, 0x00, 0x91,
  0x03, 0x7a, 0x00, 0x5a, 0x06, 0x5e, 0x00, 0x3f, 0x02, 0xca, 0x00, 0x12,
  0x03, 0x51, 0x00, 0x62, 0x05, 0x95, 0x00, 0x91, 0x02, 0x66, 0x00, 0x12,
  0x02, 0x66, 0x00, 0x04, 0x02, 0xca, 0x00, 0xf2, 0x03, 0xc0, 0xff, 0xee,
  0x02, 0x0e, 0x00, 0x9c, 0x02, 0xca, 0x00, 0xd3, 0x02, 0x66, 0x00, 0x64,
  0x02, 0xe1, 0x00, 0x3f, 0x02, 0xf7, 0x00, 0x56, 0x05, 0xb8, 0x00, 0x64,
  0x05, 0xb8, 0x00, 0x64, 0x05, 0xb8, 0x00, 0x23, 0x02, 0xf7, 0x00, 0x52,
  0x05, 0xb0, 0x00, 0x1d, 0x05, 0xb0, 0x00, 0x1d, 0x05, 0xb0, 0x00, 0x1d,
  0x05, 0xb0, 0x00, 0x1d, 0x05, 0xb0, 0x00, 0x1d, 0x05, 0xb0, 0x00, 0x1d,
  0x07, 0x51, 0xff, 0x8d, 0x06, 0x18, 0x00, 0x73, 0x04, 0xf3, 0x00, 0x32,
  0x04, 0xf3, 0x00, 0x32, 0x04, 0xf3, 0x00, 0x32, 0x04, 0xf3, 0x00, 0x32,
  0x02, 0xe7, 0x00, 0x6a, 0x02, 0xe7, 0x00, 0x6a, 0x02, 0xe5, 0x00, 0x44,
  0x02, 0xe7, 0x00, 0x37, 0x06, 0x5c, 0x00, 0x00, 0x06, 0xac, 0x00, 0x46,
  0x06, 0x9d, 0x00, 0x6d, 0x06, 0x9d, 0x00, 0x6d, 0x06, 0x9d, 0x00, 0x6d,
  0x06, 0x9d, 0x00, 0x6d, 0x06, 0x9d, 0x00, 0x6d, 0x05, 0x97, 0x00, 0xdf,
  0x06, 0xce, 0x00, 0x66, 0x06, 0x85, 0x00, 0x30, 0x06, 0x85, 0x00, 0x30,
  0x06, 0x85, 0x00, 0x30, 0x06, 0x85, 0x00, 0x30, 0x05, 0xed, 0x00, 0x21,
  0x04, 0xb6, 0x00, 0x27, 0x04, 0x5c, 0x00, 0x27, 0x03, 0x4f, 0x00, 0x33,
  0x03, 0x4f, 0x00, 0x33, 0x03, 0x4f, 0x00, 0x33, 0x03, 0x4f, 0x00, 0x33,
  0x03, 0x4f, 0x00, 0x33, 0x03, 0x4f, 0x00, 0x33, 0x05, 0x3b, 0x00, 0x4c,
  0x03, 0x60, 0x00, 0x33, 0x03, 0x64, 0x00, 0x31, 0x03, 0x64, 0x00, 0x31,
  0x03, 0x64, 0x00, 0x31, 0x03, 0x64, 0x00, 0x31, 0x02, 0x18, 0xff, 0xf2,
  0x02, 0x18, 0x00, 0x29, 0x02, 0x18, 0xff, 0xe9, 0x02, 0x18, 0xff, 0xe5,
  0x04, 0x5c, 0x00, 0x5e, 0x04, 0x20, 0x00, 0x21, 0x03, 0xf5, 0x00, 0x2f,
  0x03, 0xf5, 0x00, 0x2f, 0x03, 0xf5, 0x00, 0x2f, 0x03, 0xf5, 0x00, 0x2f,
  0x03, 0xf5, 0x00, 0x2f, 0x05, 0x97, 0x00, 0x98, 0x04, 0x5c, 0x00, 0x5e,
  0x04, 0x45, 0x00, 0x28, 0x04, 0x45, 0x00, 0x28, 0x04, 0x45, 0x00, 0x28,
  0x04, 0x45, 0x00, 0x28, 0x03, 0xed, 0x00, 0x12, 0x04, 0x2f, 0x00, 0x06,
  0x03, 0xe7, 0x00, 0x12, 0x08, 0x49, 0x00, 0x7b, 0x06, 0x33, 0x00, 0x62,
  0x05, 0xd2, 0x00, 0x21, 0x02, 0xca, 0x00, 0x46, 0x02, 0xca, 0x00, 0x1d,
  0x03, 0x95, 0x00, 0x00, 0x07, 0x2b, 0x00, 0x00, 0x03, 0x95, 0x00, 0x00,
  0x07, 0x2b, 0x00, 0x00, 0x02, 0x63, 0x00, 0x00, 0x01, 0xca, 0x00, 0x00,
  0x01, 0x31, 0x00, 0x00, 0x01, 0x31, 0x00, 0x00, 0x00, 0xe5, 0x00, 0x00,
  0x01, 0x6f, 0x00, 0x00, 0x00, 0x65, 0x00, 0x00, 0x03, 0x7a, 0x00, 0x5a,
  0x03, 0x7a, 0x00, 0x5a, 0x03, 0x7a, 0x00, 0x5a, 0x04, 0xdf, 0x00, 0x4e,
  0x06, 0xd7, 0x00, 0xaa, 0x02, 0x2d, 0x00, 0x8d, 0x02, 0x2d, 0x00, 0x91,
  0x02, 0x0e, 0x00, 0x89, 0x04, 0x04, 0x00, 0xa4, 0x04, 0x02, 0x00, 0x9e,
  0x03, 0xc8, 0x00, 0x93, 0x02, 0xf7, 0x00, 0x71, 0x08, 0x72, 0x01, 0x02,
  0x01, 0x6f, 0x00, 0x00, 0x07, 0x0a, 0x00, 0x28, 0x06, 0xe1, 0x00, 0x30,
  0x01, 0xca, 0x00, 0x00, 0x03, 0xe9, 0x00, 0x08, 0x08, 0x33, 0x00, 0x22,
  0x03, 0x51, 0x00, 0x00, 0x04, 0x70, 0x00, 0x52, 0x04, 0x4f, 0x00, 0x31,
  0x07, 0x0a, 0x00, 0x28, 0x06, 0xe1, 0x00, 0x30, 0x00, 0x00, 0x00, 0x2c,
  0x00, 0x2c, 0x00, 0x2c, 0x00, 0x2c, 0x00, 0x6a, 0x00, 0xd4, 0x02, 0xd4,
  0x04, 0x1c, 0x04, 0xb6, 0x05, 0xa6, 0x05, 0xe4, 0x06, 0x1a, 0x06, 0x50,
  0x07, 0x38, 0x07, 0xb0, 0x07, 0xf6, 0x08, 0x26, 0x08, 0x52, 0x08, 0x78,
  0x08, 0xc4, 0x09, 0x2c, 0x09, 0x94, 0x0a, 0x0c, 0x0a, 0x92, 0x0b, 0x0e,
  0x0b, 0x7a, 0x0b, 0xc4, 0x0c, 0x4e, 0x0c, 0xc2, 0x0c, 0xfc, 0x0d, 0x58,
  0x0d, 0x8a, 0x0d, 0xd6, 0x0e, 0x10, 0x0e, 0x8e, 0x0f, 0xce, 0x10, 0x96,
  0x11, 0x60, 0x11, 0xea, 0x12, 0x7e, 0x13, 0x62, 0x14, 0x3a, 0x14, 0xee,
  0x15, 0xd2, 0x16, 0x52, 0x16, 0xce, 0x17, 0xb2, 0x18, 0x3c, 0x19, 0x5c,
  0x1a, 0x24, 0x1a, 0x7a, 0x1b, 0x20, 0x1b, 0xa2, 0x1c, 0x86, 0x1d, 0x2a,
  0x1d, 0xd4, 0x1e, 0x66, 0x1e, 0xe8, 0x1f, 0xc0, 0x20, 0x8a, 0x21, 0x46,
  0x21, 0xb8, 0x22, 0x14, 0x22, 0x38, 0x22, 0x94, 0x22, 0xc2, 0x22, 0xf2,
  0x23, 0x22, 0x23, 0xd4, 0x24, 0x6e, 0x24, 0xc2, 0x25, 0x80, 0x25, 0xfa,
  0x26, 0x9e, 0x27, 0x9c, 0x28, 0x78, 0x28, 0xfe, 0x29, 0x78, 0x2a, 0x44,
  0x2a, 0xb0, 0x2b, 0xcc, 0x2c, 0xa0, 0x2c, 0xf2, 0x2d, 0x96, 0x2e, 0x46,
  0x2e, 0xe2, 0x2f, 0x82, 0x30, 0x0a, 0x30, 0xc0, 0x31, 0x44, 0x32, 0x10,
  0x32, 0xd6, 0x33, 0x6e, 0x34, 0x02, 0x34, 0x8a, 0x34, 0xc0, 0x35, 0x30,
  0x35, 0x9e, 0x35, 0x9e, 0x35, 0xea, 0x36, 0x84, 0x37, 0x58, 0x37, 0xde,
  0x38, 0xf0, 0x39, 0x16, 0x39, 0xd0, 0x3a, 0x0c, 0x3a, 0xd6, 0x3b, 0x62,
  0x3b, 0x96, 0x3b, 0xc2, 0x3b, 0xe4, 0x3c, 0xe6, 0x3d, 0x14, 0x3d, 0x58,
  0x3e, 0x00, 0x3e, 0x9c, 0x3f, 0x12, 0x3f, 0x44, 0x3f, 0xae, 0x3f, 0xd6,
  0x40, 0x1e, 0x40, 0x76, 0x40, 0xbe, 0x40, 0xf2, 0x41, 0xea, 0x42, 0xea,
  0x43, 0xf0, 0x44, 0x74, 0x45, 0x3c, 0x46, 0x14, 0x46, 0xec, 0x47, 0xfa,
  0x48, 0xee, 0x49, 0xec, 0x4b, 0x38, 0x4c, 0x08, 0x4c, 0xfa, 0x4d, 0xf2,
  0x4e, 0xe6, 0x4f, 0xec, 0x50, 0x7a, 0x51, 0x0a, 0x51, 0x9a, 0x52, 0x4c,
  0x53, 0x10, 0x54, 0x14, 0x54, 0x80, 0x54, 0xf6, 0x55, 0x6e, 0x56, 0x12,
  0x56, 0x96, 0x56, 0xe4, 0x57, 0x90, 0x58, 0x38, 0x58, 0xe4, 0x59, 0x8e,
  0x5a, 0x4e, 0x5b, 0x18, 0x5b, 0xe2, 0x5c, 0xb8, 0x5d, 0x8a, 0x5e, 0x5c,
  0x5f, 0x2a, 0x60, 0x1e, 0x60, 0xf8, 0x61, 0xe2, 0x62, 0xc4, 0x63, 0x64,
  0x63, 0xea, 0x64, 0x7e, 0x65, 0x10, 0x65, 0xbe, 0x66, 0x32, 0x66, 0xa0,
  0x67, 0x0a, 0x67, 0x98, 0x68, 0x40, 0x69, 0x40, 0x69, 0xb4, 0x6a, 0x28,
  0x6a, 0x9c, 0x6b, 0x36, 0x6b, 0xb8, 0x6c, 0x12, 0x6c, 0xba, 0x6d, 0x8a,
  0x6e, 0x5c, 0x6f, 0x24, 0x70, 0x00, 0x70, 0xaa, 0x71, 0x4c, 0x72, 0x0e,
  0x73, 0x0c, 0x73, 0xc0, 0x74, 0xa6, 0x74, 0xd6, 0x75, 0x34, 0x75, 0x34,
  0x75, 0x34, 0x75, 0x34, 0x75, 0x34, 0x75, 0x34, 0x75, 0x34, 0x75, 0x34,
  0x75, 0x34, 0x75, 0x34, 0x75, 0x34, 0x75, 0x34, 0x75, 0x56, 0x75, 0x78,
  0x75, 0x9a, 0x75, 0xca, 0x76, 0x06, 0x76, 0x48, 0x76, 0x88, 0x76, 0xcc,
  0x77, 0x44, 0x77, 0xc0, 0x78, 0x34, 0x78, 0x5e, 0x78, 0xb8, 0x78, 0xb8,
  0x7a, 0x24, 0x7b, 0x7c, 0x7b, 0x7c, 0x7c, 0x38, 0x7d, 0xb2, 0x7d, 0xd6,
  0x7e, 0xa2, 0x7f, 0x82, 0x80, 0xee, 0x82, 0x46, 0x00, 0x01, 0x00, 0x00,
  0x00, 0xe9, 0x00, 0xae, 0x00, 0x05, 0x00, 0x00, 0x00, 0x00, 0x00, 0x02,
  0x00, 0x01, 0x00, 0x02, 0x00, 0x16, 0x00, 0x00, 0x01, 0x00, 0x02, 0x16,
  0x00, 0x00, 0x00, 0x00, 0x00, 0x00, 0x00, 0x09, 0x00, 0x72, 0x00, 0x03,
  0x00, 0x01, 0x04, 0x09, 0x00, 0x00, 0x00, 0xac, 0x00, 0x00, 0x00, 0x03,
  0x00, 0x01, 0x04, 0x09, 0x00, 0x01, 0x00, 0x0e, 0x00, 0xac, 0x00, 0x03,
  0x00, 0x01, 0x04, 0x09, 0x00, 0x02, 0x00, 0x10, 0x00, 0xba, 0x00, 0x03,
  0x00, 0x01, 0x04, 0x09, 0x00, 0x03, 0x00, 0x76, 0x00, 0xca, 0x00, 0x03,
  0x00, 0x01, 0x04, 0x09, 0x00, 0x04, 0x00, 0x20, 0x01, 0x40, 0x00, 0x03,
  0x00, 0x01, 0x04, 0x09, 0x00, 0x05, 0x00, 0x20, 0x01, 0x60, 0x00, 0x03,
  0x00, 0x01, 0x04, 0x09, 0x00, 0x06, 0x00, 0x20, 0x01, 0x80, 0x00, 0x03,
  0x00, 0x01, 0x04, 0x09, 0x00, 0xc8, 0x00, 0x16, 0x01, 0xa0, 0x00, 0x03,
  0x00, 0x01, 0x04, 0x09, 0x00, 0xc9, 0x00, 0x30, 0x01, 0xb6, 0x00, 0x45,
  0x00, 0x54, 0x00, 0x42, 0x00, 0x65, 0x00, 0x6d, 0x00, 0x62, 0x00, 0x6f,
  0x00, 0x20, 0x00, 0x64, 0x00, 0x65, 0x00, 0x73, 0x00, 0x69, 0x00, 0x67,
  0x00, 0x6e, 0x00, 0x65, 0x00, 0x64, 0x00, 0x20, 0x00, 0x66, 0x00, 0x6f,
  0x00, 0x72, 0x00, 0x20, 0x00, 0x45, 0x00, 0x77, 0x00, 0x61, 0x00, 0x72,
  0x00, 0x64, 0x00, 0x20, 0x00, 0x54, 0x00, 0x75, 0x00, 0x66, 0x00, 0x74,
  0x00, 0x65, 0x00, 0x20, 0x00, 0x2f, 0x00, 0x20, 0x00, 0x47, 0x00, 0x72,
  0x00, 0x61, 0x00, 0x70, 0x00, 0x68, 0x00, 0x69, 0x00, 0x63, 0x00, 0x73,
  0x00, 0x20, 0x00, 0x50, 0x00, 0x72, 0x00, 0x65, 0x00, 0x73, 0x00, 0x73,
  0x00, 0x20, 0x00, 0x28, 0x00, 0x63, 0x00, 0x29, 0x00, 0x20, 0x00, 0x32,
  0x00, 0x30, 0x00, 0x30, 0x00, 0x32, 0x00, 0x20, 0x00, 0x44, 0x00, 0x6d,
  0x00, 0x69, 0x00, 0x74, 0x00, 0x72, 0x00, 0x79, 0x00, 0x20, 0x00, 0x4b,
  0x00, 0x72, 0x00, 0x61, 0x00, 0x73, 0x00, 0x6e, 0x00, 0x79, 0x00, 0x20,
  0x00, 0x2f, 0x00, 0x20, 0x00, 0x44, 0x00, 0x65, 0x00, 0x6b, 0x00, 0x61,
  0x00, 0x20, 0x00, 0x44, 0x00, 0x65, 0x00, 0x73, 0x00, 0x69, 0x00, 0x67,
  0x00, 0x6e, 0x00, 0x45, 0x00, 0x54, 0x00, 0x42, 0x00, 0x65, 0x00, 0x6d,
  0x00, 0x62, 0x00, 0x6f, 0x00, 0x52, 0x00, 0x6f, 0x00, 0x6d, 0x00, 0x61,
  0x00, 0x6e, 0x00, 0x4f, 0x00, 0x53, 0x00, 0x46, 0x00, 0x46, 0x00, 0x6f,
  0x00, 0x6e, 0x00, 0x74, 0x00, 0x46, 0x00, 0x6f, 0x00, 0x72, 0x00, 0x67,
  0x00, 0x65, 0x00, 0x20, 0x00, 0x32, 0x00, 0x2e, 0x00, 0x30, 0x00, 0x20,
  0x00, 0x3a, 0x00, 0x20, 0x00, 0x45, 0x00, 0x54, 0x00, 0x42, 0x00, 0x65,
  0x00, 0x6d, 0x00, 0x62, 0x00, 0x6f, 0x00, 0x20, 0x00, 0x52, 0x00, 0x6f,
  0x00, 0x6d, 0x00, 0x61, 0x00, 0x6e, 0x00, 0x20, 0x00, 0x4f, 0x00, 0x6c,
  0x00, 0x64, 0x00, 0x20, 0x00, 0x53, 0x00, 0x74, 0x00, 0x79, 0x00, 0x6c,
  0x00, 0x65, 0x00, 0x20, 0x00, 0x46, 0x00, 0x69, 0x00, 0x67, 0x00, 0x75,
  0x00, 0x72, 0x00, 0x65, 0x00, 0x73, 0x00, 0x20, 0x00, 0x3a, 0x00, 0x20,
  0x00, 0x31, 0x00, 0x30, 0x00, 0x2d, 0x00, 0x33, 0x00, 0x2d, 0x00, 0x32,
  0x00, 0x30, 0x00, 0x31, 0x00, 0x34, 0x00, 0x45, 0x00, 0x54, 0x00, 0x42,
  0x00, 0x65, 0x00, 0x6d, 0x00, 0x62, 0x00, 0x6f, 0x00, 0x20, 0x00, 0x52,
  0x00, 0x6f, 0x00, 0x6d, 0x00, 0x61, 0x00, 0x6e, 0x00, 0x4f, 0x00, 0x53,
  0x00, 0x46, 0x00, 0x56, 0x00, 0x65, 0x00, 0x72, 0x00, 0x73, 0x00, 0x69,
  0x00, 0x6f, 0x00, 0x6e, 0x00, 0x20, 0x00, 0x30, 0x00, 0x30, 0x00, 0x31,
  0x00, 0x2e, 0x00, 0x30, 0x00, 0x30, 0x00, 0x31, 0x00, 0x20, 0x00, 0x45,
  0x00, 0x54, 0x00, 0x42, 0x00, 0x65, 0x00, 0x6d, 0x00, 0x62, 0x00, 0x6f,
  0x00, 0x2d, 0x00, 0x52, 0x00, 0x6f, 0x00, 0x6d, 0x00, 0x61, 0x00, 0x6e,
  0x00, 0x4f, 0x00, 0x53, 0x00, 0x46, 0x00, 0x57, 0x00, 0x65, 0x00, 0x62,
  0x00, 0x66, 0x00, 0x6f, 0x00, 0x6e, 0x00, 0x74, 0x00, 0x20, 0x00, 0x31,
  0x00, 0x2e, 0x00, 0x30, 0x00, 0x4d, 0x00, 0x6f, 0x00, 0x6e, 0x00, 0x20,
  0x00, 0x4d, 0x00, 0x61, 0x00, 0x72, 0x00, 0x20, 0x00, 0x31, 0x00, 0x30,
  0x00, 0x20, 0x00, 0x32, 0x00, 0x32, 0x00, 0x3a, 0x00, 0x31, 0x00, 0x37,
  0x00, 0x3a, 0x00, 0x35, 0x00, 0x32, 0x00, 0x20, 0x00, 0x32, 0x00, 0x30,
  0x00, 0x31, 0x00, 0x34, 0x00, 0x02, 0x00, 0x00, 0x00, 0x00, 0x00, 0x00,
  0xfe, 0xea, 0x00, 0x66, 0x00, 0x00, 0x00, 0x00, 0x00, 0x00, 0x00, 0x00,
  0x00, 0x00, 0x00, 0x00, 0x00, 0x00, 0x00, 0x00, 0x00, 0x00, 0x00, 0x00,
  0x00, 0xe9, 0x00, 0x00, 0x01, 0x02, 0x01, 0x03, 0x00, 0x03, 0x00, 0x04,
  0x00, 0x05, 0x00, 0x06, 0x00, 0x07, 0x00, 0x08, 0x00, 0x09, 0x00, 0x0a,
  0x00, 0x0b, 0x00, 0x0c, 0x00, 0x0d, 0x00, 0x0e, 0x00, 0x0f, 0x00, 0x10,
  0x00, 0x11, 0x00, 0x12, 0x00, 0x13, 0x00, 0x14, 0x00, 0x15, 0x00, 0x16,
  0x00, 0x17, 0x00, 0x18, 0x00, 0x19, 0x00, 0x1a, 0x00, 0x1b, 0x00, 0x1c,
  0x00, 0x1d, 0x00, 0x1e, 0x00, 0x1f, 0x00, 0x20, 0x00, 0x21, 0x00, 0x22,
  0x00, 0x23, 0x00, 0x24, 0x00, 0x25, 0x00, 0x26, 0x00, 0x27, 0x00, 0x28,
  0x00, 0x29, 0x00, 0x2a, 0x00, 0x2b, 0x00, 0x2c, 0x00, 0x2d, 0x00, 0x2e,
  0x00, 0x2f, 0x00, 0x30, 0x00, 0x31, 0x00, 0x32, 0x00, 0x33, 0x00, 0x34,
  0x00, 0x35, 0x00, 0x36, 0x00, 0x37, 0x00, 0x38, 0x00, 0x39, 0x00, 0x3a,
  0x00, 0x3b, 0x00, 0x3c, 0x00, 0x3d, 0x00, 0x3e, 0x00, 0x3f, 0x00, 0x40,
  0x00, 0x41, 0x00, 0x42, 0x00, 0x43, 0x00, 0x44, 0x00, 0x45, 0x00, 0x46,
  0x00, 0x47, 0x00, 0x48, 0x00, 0x49, 0x00, 0x4a, 0x00, 0x4b, 0x00, 0x4c,
  0x00, 0x4d, 0x00, 0x4e, 0x00, 0x4f, 0x00, 0x50, 0x00, 0x51, 0x00, 0x52,
  0x00, 0x53, 0x00, 0x54, 0x00, 0x55, 0x00, 0x56, 0x00, 0x57, 0x00, 0x58,
  0x00, 0x59, 0x00, 0x5a, 0x00, 0x5b, 0x00, 0x5c, 0x00, 0x5d, 0x00, 0x5e,
  0x00, 0x5f, 0x00, 0x60, 0x00, 0x61, 0x01, 0x04, 0x00, 0xa3, 0x00, 0x84,
  0x00, 0x85, 0x00, 0xbd, 0x00, 0x96, 0x00, 0xe8, 0x00, 0x86, 0x00, 0x8e,
  0x00, 0x8b, 0x00, 0x9d, 0x00, 0xa9, 0x00, 0xa4, 0x01, 0x05, 0x00, 0x8a,
  0x00, 0xda, 0x00, 0x83, 0x00, 0x93, 0x01, 0x06, 0x01, 0x07, 0x00, 0x8d,
  0x00, 0x88, 0x00, 0xc3, 0x00, 0xde, 0x01, 0x08, 0x00, 0x9e, 0x00, 0xaa,
  0x00, 0xf5, 0x00, 0xf4, 0x00, 0xf6, 0x00, 0xa2, 0x00, 0xad, 0x00, 0xc9,
  0x00, 0xc7, 0x00, 0xae, 0x00, 0x62, 0x00, 0x63, 0x00, 0x90, 0x00, 0x64,
  0x00, 0xcb, 0x00, 0x65, 0x00, 0xc8, 0x00, 0xca, 0x00, 0xcf, 0x00, 0xcc,
  0x00, 0xcd, 0x00, 0xce, 0x00, 0xe9, 0x00, 0x66, 0x00, 0xd3, 0x00, 0xd0,
  0x00, 0xd1, 0x00, 0xaf, 0x00, 0x67, 0x00, 0xf0, 0x00, 0x91, 0x00, 0xd6,
  0x00, 0xd4, 0x00, 0xd5, 0x00, 0x68, 0x00, 0xeb, 0x00, 0xed, 0x00, 0x89,
  0x00, 0x6a, 0x00, 0x69, 0x00, 0x6b, 0x00, 0x6d, 0x00, 0x6c, 0x00, 0x6e,
  0x00, 0xa0, 0x00, 0x6f, 0x00, 0x71, 0x00, 0x70, 0x00, 0x72, 0x00, 0x73,
  0x00, 0x75, 0x00, 0x74, 0x00, 0x76, 0x00, 0x77, 0x00, 0xea, 0x00, 0x78,
  0x00, 0x7a, 0x00, 0x79, 0x00, 0x7b, 0x00, 0x7d, 0x00, 0x7c, 0x00, 0xb8,
  0x00, 0xa1, 0x00, 0x7f, 0x00, 0x7e, 0x00, 0x80, 0x00, 0x81, 0x00, 0xec,
  0x00, 0xee, 0x00, 0xba, 0x00, 0xb0, 0x00, 0xb1, 0x00, 0xbb, 0x00, 0xd8,
  0x00, 0xd9, 0x01, 0x09, 0x01, 0x0a, 0x01, 0x0b, 0x01, 0x0c, 0x01, 0x0d,
  0x01, 0x0e, 0x01, 0x0f, 0x01, 0x10, 0x01, 0x11, 0x01, 0x12, 0x01, 0x13,
  0x01, 0x14, 0x01, 0x15, 0x01, 0x16, 0x00, 0xb2, 0x00, 0xb3, 0x00, 0xb6,
  0x00, 0xb7, 0x00, 0xc4, 0x00, 0xb4, 0x00, 0xb5, 0x00, 0xc5, 0x00, 0x87,
  0x00, 0xab, 0x01, 0x17, 0x00, 0xbe, 0x00, 0xbf, 0x01, 0x18, 0x01, 0x19,
  0x00, 0x8c, 0x01, 0x1a, 0x01, 0x1b, 0x01, 0x1c, 0x01, 0x1d, 0x01, 0x1e,
  0x06, 0x67, 0x6c, 0x79, 0x70, 0x68, 0x31, 0x07, 0x75, 0x6e, 0x69, 0x30,
  0x30, 0x30, 0x44, 0x07, 0x75, 0x6e, 0x69, 0x30, 0x30, 0x41, 0x30, 0x07,
  0x75, 0x6e, 0x69, 0x30, 0x30, 0x41, 0x44, 0x07, 0x75, 0x6e, 0x69, 0x30,
  0x30, 0x42, 0x32, 0x07, 0x75, 0x6e, 0x69, 0x30, 0x30, 0x42, 0x33, 0x07,
  0x75, 0x6e, 0x69, 0x30, 0x30, 0x42, 0x39, 0x07, 0x75, 0x6e, 0x69, 0x32,
  0x30, 0x30, 0x30, 0x07, 0x75, 0x6e, 0x69, 0x32, 0x30, 0x30, 0x31, 0x07,
  0x75, 0x6e, 0x69, 0x32, 0x30, 0x30, 0x32, 0x07, 0x75, 0x6e, 0x69, 0x32,
  0x30, 0x30, 0x33, 0x07, 0x75, 0x6e, 0x69, 0x32, 0x30, 0x30, 0x34, 0x07,
  0x75, 0x6e, 0x69, 0x32, 0x30, 0x30, 0x35, 0x07, 0x75, 0x6e, 0x69, 0x32,
  0x30, 0x30, 0x36, 0x07, 0x75, 0x6e, 0x69, 0x32, 0x30, 0x30, 0x37, 0x07,
  0x75, 0x6e, 0x69, 0x32, 0x30, 0x30, 0x38, 0x07, 0x75, 0x6e, 0x69, 0x32,
  0x30, 0x30, 0x39, 0x07, 0x75, 0x6e, 0x69, 0x32, 0x30, 0x30, 0x41, 0x07,
  0x75, 0x6e, 0x69, 0x32, 0x30, 0x31, 0x30, 0x07, 0x75, 0x6e, 0x69, 0x32,
  0x30, 0x31, 0x31, 0x0a, 0x66, 0x69, 0x67, 0x75, 0x72, 0x65, 0x64, 0x61,
  0x73, 0x68, 0x07, 0x75, 0x6e, 0x69, 0x32, 0x30, 0x32, 0x46, 0x07, 0x75,
  0x6e, 0x69, 0x32, 0x30, 0x35, 0x46, 0x04, 0x45, 0x75, 0x72, 0x6f, 0x07,
  0x75, 0x6e, 0x69, 0x32, 0x35, 0x46, 0x43, 0x07, 0x75, 0x6e, 0x69, 0x46,
  0x42, 0x30, 0x31, 0x07, 0x75, 0x6e, 0x69, 0x46, 0x42, 0x30, 0x32, 0x07,
  0x75, 0x6e, 0x69, 0x46, 0x42, 0x30, 0x33, 0x07, 0x75, 0x6e, 0x69, 0x46,
  0x42, 0x30, 0x34, 0x00, 0xb8, 0x01, 0xff, 0x85, 0xb0, 0x01, 0x8d, 0x00,
  0x4b, 0xb0, 0x08, 0x50, 0x58, 0xb1, 0x01, 0x01, 0x8e, 0x59, 0xb1, 0x46,
  0x06, 0x2b, 0x58, 0x21, 0xb0, 0x10, 0x59, 0x4b, 0xb0, 0x14, 0x52, 0x58,
  0x21, 0xb0, 0x80, 0x59, 0x1d, 0xb0, 0x06, 0x2b, 0x5c, 0x58, 0x00, 0xb0,
  0x03, 0x20, 0x45, 0xb0, 0x03, 0x2b, 0x44, 0xb0, 0x04, 0x20, 0x45, 0xb2,
  0x03, 0x69, 0x02, 0x2b, 0xb0, 0x03, 0x2b, 0x44, 0xb0, 0x05, 0x20, 0x45,
  0xb2, 0x04, 0x76, 0x02, 0x2b, 0xb0, 0x03, 0x2b, 0x44, 0xb0, 0x06, 0x20,
  0x45, 0xb2, 0x05, 0xde, 0x02, 0x2b, 0xb0, 0x03, 0x2b, 0x44, 0xb0, 0x07,
  0x20, 0x45, 0xb2, 0x06, 0x86, 0x02, 0x2b, 0xb0, 0x03, 0x2b, 0x44, 0xb0,
  0x08, 0x20, 0x45, 0xb2, 0x07, 0x48, 0x02, 0x2b, 0xb0, 0x03, 0x2b, 0x44,
  0xb0, 0x09, 0x20, 0x45, 0xb2, 0x08, 0x2a, 0x02, 0x2b, 0xb0, 0x03, 0x2b,
  0x44, 0xb0, 0x0a, 0x20, 0x45, 0xb2, 0x09, 0x28, 0x02, 0x2b, 0xb0, 0x03,
  0x2b, 0x44, 0x01, 0xb0, 0x0b, 0x20, 0x45, 0xb0, 0x03, 0x2b, 0x44, 0xb0,
  0x0d, 0x20, 0x45, 0xb2, 0x0b, 0x24, 0x02, 0x2b, 0xb1, 0x03, 0x46, 0x76,
  0x2b, 0x44, 0xb0, 0x0c, 0x20, 0x45, 0xb2, 0x0d, 0x10, 0x02, 0x2b, 0xb1,
  0x03, 0x46, 0x76, 0x2b, 0x44, 0xb0, 0x0e, 0x20, 0x45, 0xba, 0x00, 0x0b,
  0x7f, 0xff, 0x00, 0x02, 0x2b, 0xb1, 0x03, 0x46, 0x76, 0x2b, 0x44, 0xb0,
  0x0f, 0x20, 0x45, 0xb2, 0x0e, 0x38, 0x02, 0x2b, 0xb1, 0x03, 0x46, 0x76,
  0x2b, 0x44, 0x59, 0xb0, 0x14, 0x2b, 0x00, 0x00, 0x00, 0x01, 0x53, 0x1e,
  0x72, 0x50, 0x00, 0x00
};

const size_t etbook_ttf_len = sizeof(etbook_ttf);
